AdressNr;Name;Suchname;Land;Laendertext;Branche;IstBahn
10000;Bitte nicht verwenden Kunden immer anlegen;..................;D;Deutschland;32 Ersatzteilhändler Industrie;0
10001;Barthels + Lüders Division of Blohm + Voss Repair GmbH;barthels hamburg;D;Deutschland;31 Ersatzteilhändler Schiffbau;0
10002;MAHLE Industrial Thermal Systems GmbH & Co. KG;mahle industrial kornwestheim;D;Deutschland;00 Bahn;1
10002L;Behr Industrietechnik Stgt.;behr l stuttgart;D;Deutschland;;0
10003;ABB Kraftwerke Aktiengesellschaft;abb kraftw mannheim;D;Deutschland;;0
10003L;ABB Kraftwerke AG Halle B3,Planquadrat G2;abb kraft l mannh.;D;Deutschland;;0
10004;Dr.-Ing. K. Busch GmbH;busch  maulburg;D;Deutschland;07 Pumpen;0
10005;AAE GmbH Antriebe, Automat.&Energietechn.;aae;D;Deutschland;03 Schiffbau (Systeme);0
10006;BBS Kraftfahrzeugtechnik AG;bbs schiltach;D;Deutschland;25 Allgemeiner Anlagenbau;0
10007;Bosch Sicherheitssysteme GmbH;bosch ottobrunn;D;Deutschland;25 Allgemeiner Anlagenbau;0
10007A;Bosch Sicherheitssysteme GmbH;bosch a  ottobrunn;D;Deutschland;;0
10007L;Internationale Spedition Willi Betz GmbH & Co. KG;bosch l unterschl.;D;Deutschland;;0
10008;COLLIN Lab & Pilot Solutions GmbH;collin  maitenbeth ebersberg;D;Deutschland;25 Allgemeiner Anlagenbau;0
10009;Claus-D. Christophel Meß- und Regeltechnik GmbH;christophel hamburg;D;Deutschland;;0
10010;BGM Trading GmbH;bgm hamburg;D;Deutschland;31 Ersatzteilhändler Schiffbau;0
10012;Jürgen Boge;boge elmshorn;D;Deutschland;Steuer- u. Regeltechnik;0
10013;Maschinenfabrik Bußmann GmbH;bußmann  wittenb.;D;Deutschland;;0
10014;Renk GmbH;renk augsburg;D;Deutschland;11 Getriebe;0
10015;R. Stahl Schaltgeräte GmbH;stahl waldenburg;D;Deutschland;15 EX-Anwendungen;0
10016;TEMAX GmbH Export-Import;temax köln;D;Deutschland;32 Ersatzteilhändler Industrie;0
10017;Deutsche Bahn AG Geschäftsbereich Werke;db ulm;D;Deutschland;00 Bahn;1
10017L;Deutsche Bahn AG Besch.Ber. Werke, Werk Ulm;db l ulm;D;Deutschland;;0
10018;AD Steel Forge GmbH Service Getriebetechnik;advance dessau;D;Deutschland;11 Getriebe;0
10019;NORIS Automation GmbH;noris rostock;D;Deutschland;32 Ersatzteilhändler Industrie;0
10019L;Bolz Hydraulik GmbH;noris l bolz;D;Deutschland;;0
10020;Dräger Medical AG & Co.KG;dräger lübeck;D;Deutschland;33 Ersatzteilhändler S/I;0
10020L;Dräger Medical AG & Co. KGaA Warenannahme M A Z;dräger l lübeck;D;Deutschland;;0
10022;Siemens AG Industry Sector Mechanical Drives;siemens  bocholt;D;Deutschland;12 Automatisierungstechnik;0
10022L;A.Friedr.Flender AG Lager 58;flender l bocholt;D;Deutschland;;0
10023;eralit Erich Rauh Techn. + Sanitär-Grosshandel;eralit nürnberg;D;Deutschland;;0
10024;FröWag GmbH Fröhlich + Wagner;fröwag obersulm;D;Deutschland;25 Allgemeiner Anlagenbau;0
10025;TRITON-FORMAT GmbH Schiffstech.-Umweltschutzs.;triton ellerau;D;Deutschland;;0
10026;Elektro-Heldele GmbH;heldele göppingen;D;Deutschland;40 Kleinbetriebe;0
10027;FRÜTEC -  technical supply GmbH;frütec technical Supply hamburg;D;Deutschland;31 Ersatzteilhändler Schiffbau;0
10028;Gerätebau Schwarting KG;schwarting erisk.;D;Deutschland;Gerätebau;0
10029;GGP Glatzel Handelsgesellschaft mbH;ggp  bremen;D;Deutschland;40 Kleinbetriebe;0
10030;EKtec Elektro-& Kältetechnik GmbH;ektec buxtehude;D;Deutschland;06 Klimatechnik;0
10031;Elektrowerk Hannover Behncke Maschinenbau GmbH;behncke hannover;D;Deutschland;;0
10032;GMS General Marine Spares GmbH;gms  norderstedt;D;Deutschland;31 Ersatzteilhändler Schiffbau;0
10033;Xylem Water Solutions Deutschland GmbH;xylem großostheim;D;Deutschland;16 Wasseranwendungen;0
10034;ELWA Elektro-Wärme GmbH & Co. KG;elwa münchen;D;Deutschland;06 Klimatechnik;0
10035;Erlenbach GmbH;erlenbach lautert;D;Deutschland;25 Allgemeiner Anlagenbau;0
10036;MacGregor GmbH & Co. KG;macgregor uetersen;D;Deutschland;03 Schiffbau (Systeme);0
10037;Hamburg-Süd Eggert & Amsinck;hamburg siehe40014;D;Deutschland;;0
10038;HANSA-Aggregate GmbH;hansa aggr henstedt;D;Deutschland;03 Schiffbau (Systeme);0
10038L;Husumer Schiffswerft Inh.Gebr.Kröger GmbH & Co.;hansa l henstedt;D;Deutschland;;0
10039;Elektro Nusko Elektrogrosshandel für Schiffahrt;Nusko hamburg (wendland);D;Deutschland;40 Kleinbetriebe;0
10040;Hauni Maschinenbau AG;hauni hamburg;D;Deutschland;25 Allgemeiner Anlagenbau;0
10041;Carl Wolf Elektro-Großhandel Elektro-Schiffsmaterial;wolf seevetal;D;Deutschland;33 Ersatzteilhändler S/I;0
10042;SLC Sautter Lift Components GmbH & Co. KG;slc  liftco stuttgart;D;Deutschland;10 Hydraulik;0
10043;GEA Westfalia Separator GmbH;westfalia;D;Deutschland;;0
10044;Hans Heidorn Shipping Services GmbH;heidorn siehe 40019;D;Deutschland;;0
10045;GEA Westfalia Separator Siehe KD-NR. 10711;westfaliaseparator oelde;D;Deutschland;;0
10045L;Westfalia Mineraloil Systems GmbH Filiale Hamburg;westfalia l hamburg;D;Deutschland;;0
10046;H M S Hanse Motor Service GmbH;hms hamburg;D;Deutschland;31 Ersatzteilhändler Schiffbau;0
10047;Siemens AG ATD BH FB/RP;siemens erlangen;D;Deutschland;11 Getriebe;0
10047A;Siemens AG;siemens a bremen;D;Deutschland;;0
10047A2;Siemens AG;siemens a hamburg;D;Deutschland;;0
10047L;Siemens AG Schiffbau-Service-Lager HBG.;siemens l hamburg;D;Deutschland;;0
10047L1;Siemens AG Baustelle Flender Werft;siemens l lübeck;D;Deutschland;;0
10047L3;Siemens AG Kaupe - Bender GmbH & Co.;siemens l kaupe hh;D;Deutschland;;0
10048;Wärmetechnik Völkl Zentraleinkauf;völkl weiden;D;Deutschland;;0
10049;Seven Seas Germany GmbH;sevenseas HH;D;Deutschland;31 Ersatzteilhändler Schiffbau;0
10050;AXXERON Werthenbach Hydraulikaggregate  GmbH;axxeron werthenbach bielef;D;Deutschland;10 Hydraulik;0
10051;Heinrich G. Homeyer GmbH Schiffselektronik;homeyer hamburg;D;Deutschland;33 el Elektriker;0
10052;TKMS GmbH, Abt. Einkauf;tkms kiel;D;Deutschland;02 Schiffbau (Werft);0
10053;Wiedemann KG;wiedemann sarstedt;D;Deutschland;06 Klimatechnik;0
10054;Peter Huber Kältemaschinen SE;huber  offenburg;D;Deutschland;06 Klimatechnik;0
10054A;Peter Huber Kältemaschinen GmbH;huber a offenburg;D;Deutschland;;0
10054L;Peter Huber Kältemaschinen GmbH;huber l offenburg;D;Deutschland;;0
10055;Ing.-Büro Heino Winter GmbH & Co. KG;winter hamburg;D;Deutschland;31 Ersatzteilhändler Schiffbau;0
10056;ISA-Technik Anlagenbau;isa alzenau;D;Deutschland;40 Kleinbetriebe;0
10057;Kirchner GmbH i.L. Ingenieurbüro;kirchner hamburg;D;Deutschland;Ingenieurbüro;0
10058;Hagemeyer Deutschland GmbH & Co. KG;hagemeyer glinde;D;Deutschland;30 Händler;0
10059;K.T.S.Technical Services GmbH;kts reinbek;D;Deutschland;31 Ersatzteilhändler Schiffbau;0
10060;Kadlec & Brödlin GmbH Schiffselektrik,Elektronik;kadlec duisburg;D;Deutschland;30 Händler;0
10061;Everllence  SE;everllence (man) augsburg;D;Deutschland;01 Motoren;0
10062;Bystronic Lenhardt GmbH;bystronic neuhausen;D;Deutschland;40 Kleinbetriebe;0
10063;AVENTICS GmbH;aventics laatzen;D;Deutschland;10 Hydraulik;0
10063L;Rexroth Mecman GmbH Tor 1-2;rexroth l laatzens;D;Deutschland;;0
10064;REINTJES GmbH;reintjes hameln;D;Deutschland;11 Getriebe;0
10065;Paul Rettberg e.K. Inh. Andrea Mokris;rettberg hamburg;D;Deutschland;31 Ersatzteilhändler Schiffbau;0
10066;Mares Shipping GmbH;mares hamburg;D;Deutschland;31 Ersatzteilhändler Schiffbau;0
10067;Maschinenbau Halberstadt GmbH;halberstadt mbh;D;Deutschland;25 Allgemeiner Anlagenbau;0
10068;LEDA WERK GmbH & Co. KG Boekhoff & Co.;leda leer;D;Deutschland;40 Kleinbetriebe;0
10069;Ilse E.C. Rüssau e.K. Elektrogroßhandel für Schiffs- u.;rüssau hamburg;D;Deutschland;31 Ersatzteilhändler Schiffbau;0
10070;Cooper Standard Automotive (Deutschland) GmbH;cooper grünberg;D;Deutschland;05 Prüfstände;0
10071;Lohmann & Stolterfoth GmbH;lohmann witten;D;Deutschland;11 Getriebe;0
10072;Renk GmbH;renk;D;Deutschland;11 Getriebe;0
10073;Mehr Technical Service GmbH;mehr hamburg;D;Deutschland;31 Ersatzteilhändler Schiffbau;0
10074;SAACKE  GmbH;saacke bremen;D;Deutschland;03 Schiffbau (Systeme);0
10074L;SAACKE GmbH & Co. KG Warenannahme GF 4;saacke l bremen;D;Deutschland;;0
10075;John Crane GmbH Safematic Schmieranlagen;crane  landsberg;D;Deutschland;;0
10076;SINO Europe Marine Supply GmbH;sino henstedt;D;Deutschland;31 Ersatzteilhändler Schiffbau;0
10077;Mehrer Compression GmbH;mehrer balingen;D;Deutschland;08 Kompressoren;0
10078;Thermo Electron LED GmbH;thermo langenslbold;D;Deutschland;06 Klimatechnik;0
10078L;Kendro Laboratory Products GmbH;kendro l hanau;D;Deutschland;;0
10079;Horst Schneider GmbH & Co. KG;schneider lahr;D;Deutschland;;0
10080;Michaelis GmbH Wäscherei-Maschinen;michaelis hohenb.;D;Deutschland;12 Automatisierungstechnik;0
10081;Josef Schneider Industriesysteme GmbH.;schneider darmstadt;D;Deutschland;;0
10082;Mobiltec Shiprepair und Handelsgesellschaft mbH;mobiltec bremen;D;Deutschland;;0
10083;Voith Turbo GmbH & Co. KG Archiviert!!!!!;voith turbo heidenh;D;Deutschland;;0
10084;Möller + Böttger GmbH Ship - Services;möller hamburg;D;Deutschland;31 Ersatzteilhändler Schiffbau;0
10085;MÖRER Schiffselektronik GmbH;mörer buchholz;D;Deutschland;30 Händler;0
10086;STN Schiffselektrik GmbH;stn  elmenhorst;D;Deutschland;35 Instandhaltung/Wartung;0
10087;Schoko Peters;schoko  merklingen;D;Deutschland;;0
10088;Ing. Peter Müller Schiffs- u.Industriebedarf;müller köln;D;Deutschland;27 eh Ersatzteilhandel;0
10089;Gebr. Schoemaker GmbH.& Co.;schoemaker bremen;D;Deutschland;31 Ersatzteilhändler Schiffbau;0
10090;MZO Oldenburger Botterbloom Milch eG;mzo ovelgönne;D;Deutschland;;0
10091;Viessmann Elektronik GmbH;viessmann allendorf;D;Deutschland;06 Klimatechnik;0
10092;Voith Schiffstechnik GmbH & Co. KG;voith schiff.heiden;D;Deutschland;;0
10092L;Voith Schiffstechnik GmbH & Co. KG;voith l heidenheim;D;Deutschland;;0
10093;SKF Lubrication Systems Germany  GmbH;skf hockenheim;D;Deutschland;03 Schiffbau (Systeme);0
10094;Babcock Noell GmbH;babcock würzburg;D;Deutschland;;0
10096;Unbescheiden GmbH;unbescheiden baden;D;Deutschland;25 Allgemeiner Anlagenbau;0
10097;SUSS MicroTec Lithography GmbH;suss sternenfels;D;Deutschland;12 Automatisierungstechnik;0
10098;Steag MicroTec GmbH;steag  pliezhausen;D;Deutschland;;0
10099;H.M.Stein Sohn GmbH Automation;stein  schönberg;D;Deutschland;31 Ersatzteilhändler Schiffbau;0
10100;Ad. Strüver KG(GmbH & Co.);strüver hamburg;D;Deutschland;;0
10101;SKD Niessing GmbH Hydraulik-Ind.u.Behördenbed.;skd nies duisburg;D;Deutschland;;0
10102;FSG Shipyard GmbH;flensburger schiff;D;Deutschland;02 Schiffbau (Werft);0
10103;Schischek GmbH Produktion techn. Geräte;schischek langenz.;D;Deutschland;;0
10105;Zeppelin Power Systems GmbH;zeppelin achim;D;Deutschland;09 Mobilhydraulik;0
10108;J.P. Sauer & Sohn Maschinenbau GmbH;sauer kiel;D;Deutschland;08 Kompressoren;0
10109;ROWA Labortechnische Anlagen GmbH;rowa heimsheim;D;Deutschland;16 Wasseranwendungen;0
10110;LINDENAU GmbH Schiffswerft & Maschinenfabrik;lindenau kiel;D;Deutschland;02 sy Ship Yards /Schiffbau;0
10111;Jahnel-Kestermann Getriebewerke GmbH;jahnel kest bochum;D;Deutschland;11 Getriebe;0
10112;Trench Germany GmbH;trench bamberg;D;Deutschland;04 Gasdichte (SF6);0
10113;SERENUS SERVICE e.Kfr.;serenus riedstadt;D;Deutschland;35 Instandhaltung/Wartung;0
10114;Cavitron v. Hagen & Funke Verfahrenstechnik GmbH;hagen sprockhövel;D;Deutschland;;0
10114L;v. Hagen und Funke GmbH;hagen l sprock;D;Deutschland;;0
10115;Bayerische Milchindustrie eG;bayerische landshut;D;Deutschland;;0
10115L;Bayerische Milchindustrie eG Werk Zapfendorf;bayerische l zapfen;D;Deutschland;;0
10116;Bosch Rexroth AG;bosch rexroth elchingen;D;Deutschland;10 Hydraulik;0
10117;HSS Hamburg Shipping Services GmbH;hss hamburg;D;Deutschland;;0
10118;KG Ritz Messwandler GmbH & Co. Dr.H.Ritz u. L.Ritz Stiftung;ritz hamburg;D;Deutschland;04 Gasdichte (SF6);0
10119;Standard-Metallwerke GmbH;standard werl;D;Deutschland;10 Hydraulik;0
10120;Mitropa AG Lager Neuaubing;mitropa münchen;D;Deutschland;;0
10121;DB Reise & Touristik AG Buchende Stelle/FRK 3;db hamburg/ minden;D;Deutschland;;0
10121A;Deutsche Bahn AG Zentraleinkauf Minden;db a  minden;D;Deutschland;;0
10121A/1;Deutsche Bahn AG Deutsche Bahn Gruppe;db a1 neumünster;D;Deutschland;;0
10121L;Deutsche Bahn AG Fahrzeuginstsandhaltung;db l neumünster;D;Deutschland;;0
10122;Institut für Eisenhüttenkunde der Rhein.-Westf.Technischen;rwth aachen;D;Deutschland;;0
10123;C+R WITTE GmbH Elektrogroßhandel;witte flensburg;D;Deutschland;;0
10124;GfKK Gesellschaft für Kälte- technik-Klimatechnik mbH;gfkk köln;D;Deutschland;;0
10125;LEFA Ölsysteme GmbH;lefa lampertheim;D;Deutschland;;0
10126;KURSCHAT GmbH Computer-Meß-Verfahrenstechnik;kurschat buxtehude;D;Deutschland;;0
10127;ABB Automation Products GmbH;abb ladenburg;D;Deutschland;04 Gasdichte (SF6);0
10128;EUROPARTS R.Schmitt;europarts merzig;D;Deutschland;32 Ersatzteilhändler Industrie;0
10129;Rheinmetall Naval Services GmbH & Co. KG;rheinmetall  bremen;D;Deutschland;02 Schiffbau (Werft);0
10129L;Lürssen Logistics GmbH & Co. KG;lürssen l lemwerder;D;Deutschland;;0
10131;marco SYSTEMANALYSE UND ENTWICKLUNG GMBH;marco dachau;D;Deutschland;15 EX-Anwendungen;0
10132;CES Consulting Ing. Heinz Boje;ces buchholz;D;Deutschland;;0
10133;Christian Poggensee (GmbH & Co.);poggensee hamburg;D;Deutschland;;0
10134;Reederei F. Laeisz GmbH c/o Reederei F.Laeisz G.m.b.H.;laeisz bremerhaven;D;Deutschland;;0
10135;Detlef Hegemann Dredging GmbH;hegemann bremen;D;Deutschland;;0
10136;Bertrams-Konus Ges.f.Wärme- u.Feuerungstechnik GmbH;bertrams schwetzing;D;Deutschland;;0
10137;Steiner GmbH Anlagentechnik;steiner wilnsdorf;D;Deutschland;;0
10138;Zementwerk Lübeck GmbH & Co. KG;zement lübeck;D;Deutschland;40 Kleinbetriebe;0
10139;Kuntschar + Schlüter GmbH Energietechnik;kuntschar wolfhagen;D;Deutschland;01 Motoren;0
10140;ELBTRADE Im und Export GmbH;elbtrade hamburg;D;Deutschland;31 Ersatzteilhändler Schiffbau;0
10141;Fernsteuergeräte Kurt Oelsch GmbH;oelsch berlin;D;Deutschland;;0
10142;Eltec Elektrogroßhandel f.Industrie u.Schiffahrt GmbH;eltec bremen;D;Deutschland;;0
10143;Hans Dechert Elektro-Großhandlung e.K.;dechert frankenthal;D;Deutschland;;0
10144;Windfall Shipping c/o Peter Döhle Schiffahrts KG;windfall hamburg;D;Deutschland;;0
10144L;Schaar & Niemeyer;windfall l hamburg;D;Deutschland;;0
10145;Honsel Umformtechnik GmbH;honsel fröndenberg;D;Deutschland;10 Hydraulik;0
10146;Noske Kaeser Germany GmbH;noske kaeser germany hamburg;D;Deutschland;03 Schiffbau (Systeme);0
10147;HTS Hamburger Technik Service GmbH;hts hamburg;D;Deutschland;31 Ersatzteilhändler Schiffbau;0
10148;A-Z Formen- und Maschinenbau GmbH;az runding;D;Deutschland;25 Allgemeiner Anlagenbau;0
10149;Rolls-Royce Solutions GmbH;rolls-royse friedrichsh.;D;Deutschland;01 Motoren;0
10149L;MTU Friedrichshafen GmbH Werk 2- Halle 34;mtu l friedrichsh.;D;Deutschland;;0
10150;MAR-CON GmbH Marine Cons.-Technical;mar-s. kd.nr.40018;D;Deutschland;;0
10151;Siemens AG Büro ICE3 Hr. Beller;siemens erlangen;D;Deutschland;;0
10151A;Siemens AG A&D LD;siemens a nürnberg;D;Deutschland;;0
10152;Wiechmann GmbH & Co. Schiffselektrotechnik;wiechmann bremen;D;Deutschland;31 Ersatzteilhändler Schiffbau;0
10153;Erhard Luttkau GmbH;luttkau;D;Deutschland;33 Ersatzteilhändler S/I;0
10154;Karl-Heinz Simon GmbH & Co. KG;simon aichhalden;D;Deutschland;25 Allgemeiner Anlagenbau;0
10155;MERCK KGaA;merck darmstadt;D;Deutschland;30 Händler;0
10156;Dr.Ing.Max Schlötter GmbH & Co.KG Galvanotechnchnik;schlötter geisling.;D;Deutschland;25 Allgemeiner Anlagenbau;0
10157;Sachsenhydraulik GmbH Commercial Intertech;sachsenhydr.chemnit;D;Deutschland;;0
10158;HERION Systemtechnik GmbH;herion Weil der Stadt;D;Deutschland;10 Hydraulik;0
10158A;Herion Systemtechnik GmbH;herion a weil der;D;Deutschland;;0
10159;Gardner Denver Wittig GmbH;wittig schopfheim;D;Deutschland;;0
10160;Schütte & Bünemann Gmbh & Co.KG;schütte bremen;D;Deutschland;31 Ersatzteilhändler Schiffbau;0
10161A;Deutsche Bahn AG GB Werke, Werk Limburg;db a limburg;D;Deutschland;;0
10161L;Deutsche Bahn AG GB Werke,Werk Limburg;db l limburg;D;Deutschland;;0
10162;FREY-Aufbereitungstechnik für Gase GmbH;frey henstedt;D;Deutschland;32 Ersatzteilhändler Industrie;0
10163;Neptun Techno Product GmbH;neptun rostock;D;Deutschland;;0
10164;Bombardier Transportation GmbH;bombardier hennigs;D;Deutschland;00 Bahn;1
10164A;Daimler Chrysler Rail Systems GmbH;daimler a hennings;D;Deutschland;;0
10164L;Adtranz ABB Daimler-Benz Transportation Prop./Vormontage;adtranz l henning;D;Deutschland;;0
10165;Egmont Wolfertz GmbH & Co. KG;wolfertz solingen;D;Deutschland;25 Allgemeiner Anlagenbau;0
10166;Deutz AG Abt. KA-AK 2;deutz(M W M)köln;D;Deutschland;01 Motoren;0
10166A;Deutz AG;deutz a mannheim;D;Deutschland;;0
10166L;Deutz AG Geb. 152;deutz l mannheim;D;Deutschland;;0
10167;Handelsgesellschaft der PLOUCQUET GmbH & Co.;plouquet heidenheim;D;Deutschland;30 Händler;0
10168;Kendrion (Villingen) GmbH Industral Drive Systems;kendrion villingen;D;Deutschland;03 Schiffbau (Systeme);0
10169;ALBE Engineering & Consulting GmbH;albe hamburg;D;Deutschland;40 Kleinbetriebe;0
10170;Lohrentz GmbH Hydraulik + Elektrik;lohrentz nidda;D;Deutschland;Sondermaschinenbau;0
10171;ProTec Polymer Processing GmbH;ProTec bensheim;D;Deutschland;25 Allgemeiner Anlagenbau;0
10172;Wabtec Germany GmbH;wabtec schkeuditz;D;Deutschland;00 Bahn;1
10172L;HFG HVAC FAIVELEY GmbH & Co. KG;hfg l schkeuditz;D;Deutschland;;0
10173;Bilfinger Rotring Engineering GmbH;bilfinger buxtehude;D;Deutschland;15 EX-Anwendungen;0
10174;TMH Elektrotechnik GmbH Ellerbek;tmh-gmbh;D;Deutschland;31 Ersatzteilhändler Schiffbau;0
10176;W W  Elektro - Vertrieb Schifffahrt-Industrie;ww witte tangstedt;D;Deutschland;;0
10177;Karle & Fuhrmann Marine & Industrie Reparatur GmbH;karlefuhrmann bremerhaven;D;Deutschland;31 Ersatzteilhändler Schiffbau;0
10178;DWE Deggendorfer Werft und Eisenbau GmbH;dwe deggendorf;D;Deutschland;;0
10179;ANDRITZ HYDRO GmbH;andritz hydro ravensburg;D;Deutschland;10 Hydraulik;0
10180;Wasser- u. Schifffahrtsamt Wilhelmshaven;wasser wilhelmsh.;D;Deutschland;34 Reederei;0
10180L;Wasser- u.Schiffahrtsamt Wilhelmshaven / Amtslager;wasser l wilhelmsh.;D;Deutschland;;0
10181;Atotech Deutschland GmbH;atotech feucht;D;Deutschland;15 pi Prozessindustrie;0
10182;ThyssenKrupp Steel Europa AG;thyssen duisburg;D;Deutschland;35 Instandhaltung/Wartung;0
10182L;THYSSEN KRUPP STAHL AG;thyssen l duisburg;D;Deutschland;;0
10183;HERMETIC-Pumpen GmbH;hermetic gundelf.;D;Deutschland;07 Pumpen;0
10184;Actemium SAM Electronics GmbH;actemium hamburg;D;Deutschland;03 Schiffbau (Systeme);0
10185;Ulrich A. Meidel Industrieservice;meidel radolfzell;D;Deutschland;;0
10186;Husumer Schiffswerft Inh. Gebr. Kröger GmbH & Co.KG;husumer schifswerft;D;Deutschland;;0
10188;Bosch Telecom Leipzig GmbH;bosch leipzig;D;Deutschland;;0
10189;DREWS GMBH Klimatechnik;drews hamburg;D;Deutschland;;0
10190;ROM-MÜNCHEN TECHN. GEBÄUDEAUSRÜSTUNG U.;rom planegg;D;Deutschland;;0
10190L;Rud. Otto Meyer Nürnberg;meyer l nürnberg;D;Deutschland;;0
10191;SÜD-CHEMIE AG;süd chemie münchen;D;Deutschland;;0
10191L;Süd-Chemie AG Werk Tonchemie;süd l moosburg;D;Deutschland;Service/Ersatz;0
10192;Elekro Erles Re`my Erles u. Ute Sutter GbR;erles weil a. rhein;D;Deutschland;;0
10193;K + W Krause u. Wilhelmi GmbH;k+w siehe 10273;D;Deutschland;;0
10194;DEUTZ Power Systems GmbH & Co.KG Service-Standort Köln;deutz köln;D;Deutschland;01 Motoren;0
10194L;Deutz AG Tor 1;deutz l köln;D;Deutschland;;0
10195;EASTMAR Ship- u. In. Service;ship servi hamburg;D;Deutschland;;0
10196;BREMER VULKAN WERFT GmbH I.K.;bremer vulkan;D;Deutschland;;0
10196L;"BREMER VULKAN WERFT GmbH I.K. M.S. ""CONTSHIP ROMANCE""";bremer l vulkan;D;Deutschland;;0
10197;MEYER WISMAR Sàrl & Co. KG;meyerwismar wismar;D;Deutschland;02 Schiffbau (Werft);0
10198;Georg Fischer Rohrleitungssysteme AG;fischer singen;D;Deutschland;;0
10199;Elektro-Service Büsum;elektro büsum;D;Deutschland;;0
10200;DaimlerChrysler Rail Systems GmbH;daimler mannheim;D;Deutschland;;0
10200L;Daimler Chrysler Rail Systems GmbH;daimler l mannheim;D;Deutschland;;0
10201;Detlef Lenz;lenz offenbach;D;Deutschland;;0
10202;Metaleurop Weser Zink GmbH;metaleurop norden.;D;Deutschland;25 Allgemeiner Anlagenbau;0
10203;Pleiger Maschinenbau GmbH & Co. KG;pleiger witten;D;Deutschland;03 Schiffbau (Systeme);0
10204;Dieselmotorenwerk Rostock GmbH;dieselmoto rostock;D;Deutschland;;0
10205;Baytec GmbH;baytec hamburg;D;Deutschland;;0
10206;Kloska Technical Marine Sales GmbH;kloska;D;Deutschland;30 Händler;0
10207;Horn-Linie Inspektion;horn-line hamburg;D;Deutschland;;0
10208;"Alpha Ship GmbH MV""MERKUR"" c/o Alpha Ship GmbH";alpha  bremen;D;Deutschland;;0
10208A;ALPHA SHIP GMBH;alpha a;D;Deutschland;;0
10208L;to the Master of         c/o DHL/Danzas Air&Ocean Germany GmbH;alpha l bremen;D;Deutschland;;0
10209;HANSA UEBERSEEHANDEL Becker GmbH Export-Import;hansa  hamburg;D;Deutschland;30 Händler;0
10210;HYDAC SYSTEM GMBH;hydac sulzbach;D;Deutschland;10 Hydraulik;0
10210L;HYDAC SYSTEM GMBH Werk 1 Kühlsysteme KS;hydac l sulzbach;D;Deutschland;;0
10211;Bauer Spezialtiefbau GmbH;bauer schrobenhausen;D;Deutschland;27 Baumaschinen;0
10212;Schiffsdieseltechnik Kiel GmbH;sdt  kiel;D;Deutschland;01 Motoren;0
10213;Klaus Obermann GmbH Sondermaschinenbau;obermann brensbach;D;Deutschland;25 Allgemeiner Anlagenbau;0
10214;Detlef Hegemann Rolandwerft GmbH & Co. KG;hegemann berne;D;Deutschland;;0
10215;Hertrich GmbH;hertrich gütersloh;D;Deutschland;;0
10216;Hitzler Werft GmbH;hitzler lauenburg;D;Deutschland;02 Schiffbau (Werft);0
10217;Moritani GmbH;moritani düsseldorf;D;Deutschland;32 Ersatzteilhändler Industrie;0
10218;Pallmann Maschinenfabrik GmbH & Co. KG;pallmann zweibr.;D;Deutschland;40 Kleinbetriebe;0
10219;Oberflächentechnik M. Mlynski;oberfl.schneverd.;D;Deutschland;;0
10220;Fulton-Rohr ZN ITT AE GmbH & Co. KG;fulton hockenheim;D;Deutschland;;0
10221;FEAG-Langen GmbH Betrieb Mörfelden;feag mörfelden;D;Deutschland;;0
10222L;Siemens A&D LD Bahnen;siemens l nürnberg;D;Deutschland;00 Bahn;1
10223;Uljanik Handel GmbH;uljanik münchen;D;Deutschland;Händler;0
10225;Zeppelin Power Systems GmbH & Co. KG;zeppelin  hamburg;D;Deutschland;35 Instandhaltung/Wartung;0
10226;BSC Bromberg Staudt & Co. GmbH;bromberg hamburg;D;Deutschland;30 Händler;0
10227;Arnken-Elektro-Technik;arnken zwischenahn;D;Deutschland;32 Ersatzteilhändler Industrie;0
10228;Richard Hippold GmbH;hippold kraftisried;D;Deutschland;25 Allgemeiner Anlagenbau;0
10229;D. Haupt GmbH Im-Export;haupt köln;D;Deutschland;;0
10230;WMD Schreiber GmbH & Co.KG;schreiber singhofen;D;Deutschland;;0
10231;JOB GmbH;job ahrensburg;D;Deutschland;;0
10232;Wich & Co. G.m.b.H. Elektro Grosshandel;wich hamburg;D;Deutschland;;0
10233;ARBURG GmbH + Co. KG;arburg lossburg;D;Deutschland;;0
10234;A. Oberschelp Graph. Service u. Maschinen;oberschelp kalletal;D;Deutschland;;0
10235;Louis Taxt GmbH & Co.;taxt hamburg;D;Deutschland;;0
10236;Pella Sietas GmbH;pella sietas hamburg;D;Deutschland;02 Schiffbau (Werft);0
10237;Dreiha GmbH;dreiha bremen;D;Deutschland;06 Klimatechnik;0
10238;Petzelberger Motoren Center GmbH;petzelberger aurich;D;Deutschland;01 Motoren;0
10239;Hagenuk Faiveley GmbH;hagenuk kiel;D;Deutschland;;0
10240;IBAK Helmut Hunger GmbH & Co. KG;ibak kiel;D;Deutschland;25 Allgemeiner Anlagenbau;0
10241;Schichau Seebeckwerft AG;schichau bremerh.;D;Deutschland;;0
10242;Siemens Schienenfahrzeugtechnik GmbH;siemens kiel;D;Deutschland;00 Bahn;1
10243;Krupp MAK Maschinenbau GmbH;krupp  KD-Nr.10493;D;Deutschland;;0
10244;LABOM Mess- und Regeltechnik GmbH;labom hude;D;Deutschland;40 Kleinbetriebe;0
10245;NORIS Marine Systems GmbH & Co. KG;noris nürnberg;D;Deutschland;03 Schiffbau (Systeme);0
10246;Carl Croonen GmbH Marine Diesel Technics;croonen hamburg;D;Deutschland;33 Ersatzteilhändler S/I;0
10247;IBH-Ingenieurbüro-Harm Antriebstechnik GmbH;ibh rendsburg;D;Deutschland;30 Händler;0
10248;Deutsche Bahn AG Gesch.Werke,  WNK 12;db halberstedt;D;Deutschland;00 Bahn;1
10248A;Deutsche Bahn AG Gesch. Werke, Werk Krefeld;db a krefeld;D;Deutschland;;0
10248L;Deutsche Bahn AG GB Werke, Werk Krefeld-Oppum;db l krefeld;D;Deutschland;;0
10249;E. Friedrichs & Söhne Armaturen GmbH;friedrichs hamburg;D;Deutschland;30 Händler;0
10250;PVA PFEIFFER Vakuum-Anlagenbau GmbH;pva aßlar;D;Deutschland;Vakuum Anlagenbau;0
10251;WoBa Technical Ship Service GmbH;woba hamburg;D;Deutschland;;0
10252;AMMANN Asphalt GmbH;ammann alfeld;D;Deutschland;27 Baumaschinen;0
10253;DILO Armaturen und Anlagen GmbH;dilo babenhausen;D;Deutschland;04 Gasdichte (SF6);0
10254;MTU Aero Engines AG;mtu münchen;D;Deutschland;13 Flugzeugbau;0
10255;DRYTEC Trocknungs-u. Befeuchtungst. GmbH & Co. KG;drytec hamburg;D;Deutschland;12 Automatisierungstechnik;0
10256;Anton Egger GmbH;egger stephanski;D;Deutschland;;0
10257;Michael Huber München GmbH Farbenfabrik;huber kirchheim;D;Deutschland;;0
10258;Köttermann GmbH & Co.;köttermann uetze;D;Deutschland;;0
10260;HAWART Marine Technik GmbH;hawart ganderkesee;D;Deutschland;03 Schiffbau (Systeme);0
10262;TRANS LLOYD SHIPMANAGEMENT GmbH;trans lloyd berlin;D;Deutschland;;0
10262L;NORDLICHT SPEDITION HH Flughafen c/o P.I.T. GmbH;trans I berlin;D;Deutschland;;0
10263;Fa. Roland Schulz Ersatzteilhandel & Metallbau;schulz speichers.;D;Deutschland;30 Händler;0
10264;HTH Marine - Technik Handelsgesellschaft mbH;hth hamburg;D;Deutschland;31 Ersatzteilhändler Schiffbau;0
10264L;HTH Marine-Technik;hth I hamburg;D;Deutschland;;0
10265;SIEMENS AG;siemens augsburg;D;Deutschland;;0
10265L;MAN-Technologie / WE Halle E4 f.Siemens Bauleitung;siemens l augsburg;D;Deutschland;;0
10266;ENGIE Refrigeration GmbH;engie lindau;D;Deutschland;06 Klimatechnik;0
10267;Feingerätebau Tritschler GmbH;tritschler laufenb.;D;Deutschland;12 Automatisierungstechnik;0
10268;Hydrotechnik GmbH;hydrotechnik limburg;D;Deutschland;30 Händler;0
10270;Dieselmotorenwerk Rostock GmbH Niederlassung Bremen;dieselmotor bremen;D;Deutschland;;0
10271;Elektrotechnik Gippert GmbH;gippert niederrims;D;Deutschland;;0
10272;Dr. E. Nelken GmbH;nelken heidenheim;D;Deutschland;;0
10273;Krause und Wilhelmi Elektro GmbH;krausewilhelmi cuxhaven;D;Deutschland;03 Schiffbau (Systeme);0
10274;Beuerlein & Brasche SEVICIA Siebdruckmaschinen;beuerlein röthenb;D;Deutschland;40 Kleinbetriebe;0
10275;Kracht GmbH;kracht werdohl;D;Deutschland;09 Mobilhydraulik;0
10276;Carl Schenck AG;schenck darmstadt;D;Deutschland;05 Prüfstände;0
10277;Reederei Hermann Wulff;wulff kolm KD.40025;D;Deutschland;;0
10278;ATT Spares GmbH;att hohenlock;D;Deutschland;31 Ersatzteilhändler Schiffbau;0
10279;Fr. Fassmer GmbH & Co.KG;fassmer berne;D;Deutschland;02 Schiffbau (Werft);0
10280;M M M Münchner Medizin Mechanik GmbH;mmm stadlern;D;Deutschland;19 Medizintechnik;0
10281;Secotech Gesellschaft für Verfahrenstechnik GmbH;secotech bramstedt;D;Deutschland;22 Filtertechnik;0
10282;UKS-Robert Fischer GmbH Medizinische Badeeinrichtungen;fischer freiburg;D;Deutschland;;0
10283;Erich Lendle Ing.-Büro;lendle hohenahr;D;Deutschland;;0
10284;Hanse Supply GmbH;hanse supply brunsb.;D;Deutschland;;0
10285;Ramgraber GmbH Prozesstechnik;ramgraber brunnthal;D;Deutschland;;0
10286;Rolf Janssen GmbH Elektrotechnische Werke;janssen aurich;D;Deutschland;03 Schiffbau (Systeme);0
10287;"Sebastian Clausen Großhandel e.K. ; Technik";clausen roka hamburg;D;Deutschland;31 Ersatzteilhändler Schiffbau;0
10288;V-LINE EUROPE GmbH;vline sehnde;D;Deutschland;33 Ersatzteilhändler S/I;0
10289;RHEINKRAFTWERK SÄCKINGEN AKTIENGESELLSCHAFT;rheinkraft säcking.;D;Deutschland;;0
10290;BROEHL GmbH;broehl bröhl;D;Deutschland;03 Schiffbau (Systeme);0
10291;Buderus Guss GmbH;buderus wetzlar;D;Deutschland;00 Bahn;1
10291L;Buderus Guss GmbH;buderus l breideb.;D;Deutschland;;0
10292;Penta Plan Elektrot. Anlagen;penta plan augsburg;D;Deutschland;Maschinen/Anlagen;0
10293;Teigwaren Riesa GmbH;riesa riesa;D;Deutschland;;0
10294;Voith Turbo BHS Getriebe GmbH;voith sonthofen;D;Deutschland;11 Getriebe;0
10295;Rickmeier GmbH;rickmeier balve;D;Deutschland;11 Getriebe;0
10296;Kurt Ehrhardt Marine Spare Parts;ehrhardt hamburg;D;Deutschland;31 Ersatzteilhändler Schiffbau;0
10297;I + M Service Domurath u. Döding GbR;ims  schiffdorf;D;Deutschland;Händler/Schiffahrt;0
10298;Dedy GmbH Bäckerei-u. Konditoreimaschinen;dedy essen;D;Deutschland;40 Kleinbetriebe;0
10299;Voith Hydro GmbH & Co.KG;voith  hydro heiden;D;Deutschland;25 Allgemeiner Anlagenbau;0
10299L;Voith Siemens Hydro Kraftwerkstechnik GmbH & Co.KG;voith l kraft heid;D;Deutschland;;0
10300;Heiler GmbH Industrieheizungsanlagen;heiler reilingen;D;Deutschland;;0
10301;Fritz Winter Eisengießerei GmbH & Co.KG;winter stadtall.;D;Deutschland;30 Händler;0
10301L;Fritz Winter Werkseinfahrt;winter l stadtall.;D;Deutschland;;0
10302;Peters Werft GmbH;peters wewlsfleth;D;Deutschland;31 Ersatzteilhändler Schiffbau;0
10303;Liebherr-Verkehrstechnik Frankfurt  GmbH;liebherr frankfurt;D;Deutschland;09 Mobilhydraulik;0
10304;exportronic betriebs GmbH;exportro schopfh.;D;Deutschland;;0
10306;Intermet Neunkirchen GmbH;intermet neunkir.;D;Deutschland;;0
10307;Reederei  siehe 40110 -Technischer Bereich-;reederei  siehe 40110;D;Deutschland;;0
10308;INTERSCHALT maritime systems AG;interschalt schenef;D;Deutschland;25 Allgemeiner Anlagenbau;0
10309;Ing.-Büro Franz Hartmann;hartmann möckmühl;D;Deutschland;;0
10310;Benninghoven Zweigniederlassung der Wirtgen Mineral Technologies;benningh.mülheim;D;Deutschland;25 Allgemeiner Anlagenbau;0
10311;"Alpha Ship GmbH & Co.KG A/S MS""MERKUR"" c/o Alpha GmbH";alpha s.10208 brem.;D;Deutschland;;0
10311A;ALPHA SHIP GmbH;alpha s.10208A;D;Deutschland;;0
10311L;"To the Master of M/V""MERKUR"" c/o Sped. Danzas GmbH";alpha s.10208L;D;Deutschland;;0
10314;Joh. Mich. Engel GmbH;engel bad säckingen;D;Deutschland;;0
10315;JURCA Optoelektronik GmbH & Co. KG;jurca rodgau;D;Deutschland;;0
10316;Börner GmbH & Co. Sanitär-Heizung;börner hallstadt;D;Deutschland;Händler;0
10317;Dittes Oberflächentechnik GmbH;dittes birkenfeld;D;Deutschland;12 Automatisierungstechnik;0
10318;LMR Drilling GmbH;lmrdrilling oldenburg;D;Deutschland;25 Allgemeiner Anlagenbau;0
10319;Plöger Sensor GmbH;plöger hamburg;D;Deutschland;33 Ersatzteilhändler S/I;0
10320;PCK Raffinerie GmbH;pck schwedt;D;Deutschland;;0
10321;System Hydraulik GmbH Hydraulische Werkzeuge u.Systeme;system fischbach;D;Deutschland;;0
10322;MOSES;moses karlsruhe;D;Deutschland;;0
10323;Normschliff Gerätebau GmbH & Co. KG;normschliff werth.;D;Deutschland;;0
10325;Rexel Germany GmbH & Co. KG;rexel hagemeyer münchen;D;Deutschland;30 Händler;0
10325A;ETG Heimstetten;etg heimstetten;D;Deutschland;;0
10326;ZERSSEN & CO. (GmbH & Co.) Schiffsausrüst.;zerssen kiel;D;Deutschland;;0
10327;Donau Kraftwerk Jochenstein Aktiengesellschaft;donau passau;D;Deutschland;;0
10328;Fintech Automationsanlagen GmbH;fintech gauting;D;Deutschland;;0
10329;Technik-Kontor Gnadt;gnadt jevenstedt;D;Deutschland;;0
10330;Hasso Cholewa;cholewa friedrich;D;Deutschland;;0
10331;Klaus Wyschka;wyschka betzweiler;D;Deutschland;;0
10332;Sebastian Linsinger;linsinger gauting;D;Deutschland;;0
10333;Norbert Derenda Ingenieurbüro;derenda berlin;D;Deutschland;;0
10334;Salzgitter Anlagenbau GmbH;salzgitter salzgit.;D;Deutschland;;0
10335;Weber Drucktechnik;weber achern;D;Deutschland;;0
10336;FG - Franz Goessmann GmbH;goessmann haan;D;Deutschland;25 Allgemeiner Anlagenbau;0
10337;Dieseltechnik Breuer Sales & Service for;dieseltechnik  grefrath;D;Deutschland;31 Ersatzteilhändler Schiffbau;0
10338;Walter Gasche Ship Spares;gasche ahrensburg;D;Deutschland;;0
10339;Reudnitzer Brauerei GmbH;reudnitzer leipzig;D;Deutschland;;0
10340;Brandschutztechnik Müller GmbH;müller zierenberg;D;Deutschland;23 Brandschutz;0
10341;Seacrest Ship Supplies GmbH Import & Export;seacrest großhans.;D;Deutschland;31 Ersatzteilhändler Schiffbau;0
10341L;Seacrest Außenlager c/o Coutsouvelis;seacrest l großhans.;D;Deutschland;;0
10342;Baumeister Produktions GmbH -Grossküchen für Profis-;baumeister deißlingen;D;Deutschland;40 Kleinbetriebe;0
10344;INSACO GmbH industrial supply & components;insaco bremen;D;Deutschland;;0
10345;August Storm GmbH & Co. KG Technologie und Service für;storm spelle;D;Deutschland;01 Motoren;0
10346;ABIG Wärmetechnik GmbH & Co. KG;abig überlingen;D;Deutschland;06 Klimatechnik;0
10347;E&T GmbH Ingenieurbüro f. Elektronik;e&t moers;D;Deutschland;;0
10350;SAIER GmbH & Co. KG Verp. Technik;saier alpirsbach;D;Deutschland;35 Instandhaltung/Wartung;0
10351;J.M Voith SE & Co. KG / VTA Equipment - tnte;voith crailsheim;D;Deutschland;05 Prüfstände;0
10352;Voith Turbo H + L Hydraulic GmbH & Co. KG;voith rutesheim;D;Deutschland;10 Hydraulik;0
10353;Buse Gastek GmbH & Co.KG;buse steinheim;D;Deutschland;;0
10354;Stromme  Hoff  GmbH Ships Equipent;hoff stromme hamburg;D;Deutschland;;0
10355;Dieter Schmidt Handel & Export;schmidt baustetten;D;Deutschland;30 Händler;0
10356;NEPTUN SCHIFFSAUSRÜSTUNG Gerhard van der Linde OHG;neptun hamburg;D;Deutschland;31 Ersatzteilhändler Schiffbau;0
10357;ZUCKERVERBUND NORD AG WERK SCHLESWIG;zuckerverbund;D;Deutschland;;0
10358;Jung-Fluidtechnik GmbH;jung-fluidt.ettli.;D;Deutschland;;0
10359;R. Kleber;kleber neu-isenburg;D;Deutschland;;0
10360;HESKE Elektronik;heske friedrichsh.;D;Deutschland;;0
10361;Lloyd Werft Bremerhaven GmbH;lloyd s.KD40030;D;Deutschland;02 Schiffbau (Werft);0
10362;S.E.A.D Stromerzeugung GmbH & Co. Anlagenbau KG;sead plochingen;D;Deutschland;;0
10363;R.C. Goettling;goettlingKD 40080;D;Deutschland;;0
10364;Milchwerke Schwaben eG Ulm;milchwerke neu ulm;D;Deutschland;35 Instandhaltung/Wartung;0
10365;Bosch Telecom GmbH UC-ST/WIR 4, ORGE 160;bosch  bochum/ott.;D;Deutschland;;0
10365A;Bosch Telecom GmbH VRS2, Beckmann;bosch a bochum;D;Deutschland;;0
10365L;Hoesch Hohenlimburg;hoesch l hagen;D;Deutschland;;0
10366;HET-Gerd Huber;het selb;D;Deutschland;;0
10367;Heimberger u. Brelöhr Mechanische Werkstatt;heimberger hofheim;D;Deutschland;;0
10368;Abeking & Rasmussen Schiffs-u. Yachtwerft SE;abeking lemwerder;D;Deutschland;02 Schiffbau (Werft);0
10369;Kreis Weseler Abfall- gesellschaft mbH;kreis kamp lintfort;D;Deutschland;;0
10370;PLANATOL System GmbH;planatol rohrdorf;D;Deutschland;12 Automatisierungstechnik;0
10371;Cognis GmbH;cognis illertissen;D;Deutschland;;0
10372;IBF Fiutak GmbH;ibf fiutak oberhausen;D;Deutschland;32 Ersatzteilhändler Industrie;0
10373;Erb GmbH Messtechnik & Co. KG;erb frankfurt;D;Deutschland;;0
10374;WALDHARDT GmbH;waldhardt siegen;D;Deutschland;;0
10375;SER Schiffselektronik Rostock GmbH;ser rostock;D;Deutschland;31 Ersatzteilhändler Schiffbau;0
10376;Schu & Schneider GmbH;schu st. wendel;D;Deutschland;30 Händler;0
10377;Wyker Dampfschiffs- Reederei Föhr-Amrum GmbH;wyker wyk;D;Deutschland;;0
10378;E.& E. Engineering & Engine Spare Parts GmbH;e&e grasberg;D;Deutschland;33 Ersatzteilhändler S/I;0
10379;Emil Dautel GmbH;dautel leingarten;D;Deutschland;09 Mobilhydraulik;0
10380;CEF Elektro-Großhandel GmbH;cef hamburg;D;Deutschland;;0
10381;Windhoff AG Maschinen- und Anlagenbau;windhoff rheine;D;Deutschland;;0
10382;Sauberland Solarreinigung Beringer GmbH;sauberland berg.;D;Deutschland;;0
10383;Müller-Weingarten AG;müllerweinggarten esslingen;D;Deutschland;30 Händler;0
10384;Baste & Lange GmbH;baste hamburg;D;Deutschland;33 Ersatzteilhändler S/I;0
10385;Autokühler GmbH & Co. KG;akg hofgeismar;D;Deutschland;00 Bahn;1
10386;DELCOM ELECTRONIC GMBH Manfred Janson;delcom rimsting;D;Deutschland;;0
10387;Münstermühle GmbH Kraftwerksanlagen;münstermühle langen;D;Deutschland;;0
10387L;Hans-Jörg Schechner Münstermühle GmbH;münstermü l langen.;D;Deutschland;;0
10388;J.Sauer Labor-u. Krankenhaustechnik;sauer hannover;D;Deutschland;;0
10389;Daimler Benz AG Abl.Stelle 920 Konto 102653;daimler benz kassel;D;Deutschland;05 Prüfstände;0
10390;Spatz & Heitmüller GmbH & Co. KG Motoreninstandsetzung;spatz  bremen;D;Deutschland;01 Motoren;0
10391;Hanseatic Export-Compagnie Fricke & Lanker (GmbH & Co.);hanseatic hamburg;D;Deutschland;;0
10392;"MS""Pera""River Liner GmbH & Co. KG";ma pera river haren;D;Deutschland;;0
10393;Scantrading Schiffstechnik GmbH;scantrading hamburg;D;Deutschland;31 Ersatzteilhändler Schiffbau;0
10394;MAN Nutzfahrzeuge Aktiengesellschaft;man pforzheim;D;Deutschland;;0
10396;Kauls & Co. Global Trading and Engineering;kauls bendestorf;D;Deutschland;30 Händler;0
10397;Inter Marine;inter-marine hh;D;Deutschland;31 Ersatzteilhändler Schiffbau;0
10398;European Technics Phlis. Deutschland GmbH;european hamburg;D;Deutschland;;0
10399;Wasser- u. Schiffahrtsamt Bauhof Passau;wasser passau;D;Deutschland;;0
10400;LAE-Anlagenbau GmbH;lae-cuxhaven;D;Deutschland;12 Automatisierungstechnik;0
10401;BESI Marine Systems GmbH;besi bremen;D;Deutschland;03 Schiffbau (Systeme);0
10403;INTEC Warenhandels GmbH;intec bremen;D;Deutschland;30 Händler;0
10404;STN ATLAS Marine Elektronik GmbH;stn bremen;D;Deutschland;;0
10405;Infrastrukturbau GmbH Geschäftsbereich Teufel;teufel nagold;D;Deutschland;06 Klimatechnik;0
10406;Pentol GmbH;pentol grenzach;D;Deutschland;;0
10406L;Pentol GmbH Werk Wyhlen Ind.Geb. Ost;pentol I grenzach;D;Deutschland;;0
10407;ABB Transformatoren GmbH Transformatorenwerk;abb transform honn;D;Deutschland;;0
10408;Herbert Metzendorff & Co. KG;metzendorff hamburg;D;Deutschland;31 Ersatzteilhändler Schiffbau;0
10409;Robert Bosch GmbH RTW/WIR5-R;bosch reutlingen;D;Deutschland;12 Automatisierungstechnik;0
10409A;Robert Bosch GmbH K8/EKF;bosch a reutlingen;D;Deutschland;;0
10409L;Robert Bosch GmbH STE-Tor 3 - RT142;bosch l reutlingen;D;Deutschland;;0
10412;Ingenieur-Service Gebrüder Klüver GmbH;klüver hamburg;D;Deutschland;;0
10413;Hermann Hattayer;hattayer gablingen;D;Deutschland;;0
10414;Siemens AG;siemens ag herne;D;Deutschland;25 Allgemeiner Anlagenbau;0
10414L;Flender Service GmbH Wareneingang;flender l herne;D;Deutschland;;0
10415;TREI GMBH;trei stuttgart;D;Deutschland;;0
10416;MIT Moderne Industrietechnik GmbH & Co. KG;MIT Moderne Industrietechnik;D;Deutschland;12 Automatisierungstechnik;0
10417;Arthur Henninger GmbH;henninger hagenbach;D;Deutschland;25 Allgemeiner Anlagenbau;0
10418;GREVEN GmbH Elektro-Systeme;greven mörfelden;D;Deutschland;;0
10419;SEM GmbH;sem nußloch;D;Deutschland;;0
10421;Fraunhofer Insitut für Chem. Technologie ICT;fraunhofer pfinztal;D;Deutschland;40 Kleinbetriebe;0
10422;Technische Universität Braunschwe Inst. f. Pharma. Techn.;techn universität braunschweig;D;Deutschland;19 Medizintechnik;0
10423;Heinrich Hoven GmbH Extraktion;hoven trapitz;D;Deutschland;;0
10425;Mannesmann Rexroth  AG;mannesmann lohr;D;Deutschland;;0
10426;Leonhardt Engineering Industrial & Marine Spare Parts;leonhardt norderst.;D;Deutschland;Händler/Schiffahrt;0
10427;G M C   GmbH Ges.f.Marine u.Industrieausst.;gmc wessling;D;Deutschland;31 Ersatzteilhändler Schiffbau;0
10428;MARINE SUPPLY Handels Gesellschaft mbH;marine supply hh;D;Deutschland;;0
10429;THURINGIA NETZSCH Maschinenbau Selb GmbH & Co.KG;thuringia  selb;D;Deutschland;;0
10430;Renken & Co. GmbH;renken bremen;D;Deutschland;31 Ersatzteilhändler Schiffbau;0
10431;Baeck & Co.Hamburg;baeck norderstedt;D;Deutschland;33 Ersatzteilhändler S/I;0
10432;G K D Gebr. Kufferath GmbH & Co. KG;gkd düren;D;Deutschland;;0
10433;Kraft Feuerungsanlagen Service;kraft leipzig;D;Deutschland;;0
10434;Donaldson Filtration Deutschland GmbH;donaldson  haan;D;Deutschland;22 Filtertechnik;0
10435;R.C.GOETTLING;goettling;D;Deutschland;;0
10436;vquipu hamburg;vquipu hamburg;D;Deutschland;40 Kleinbetriebe;0
10437;Ing. Büro K. Eibel;eibel mühlheim;D;Deutschland;;0
10438;Haug Kompressoren GmbH;haug linsengericht;D;Deutschland;08 Kompressoren;0
10439;GÜNTHART-DEKOR & Co.;günthart hohent;D;Deutschland;;0
10440;ABB Automation Product GmbH;abb lampertheim;D;Deutschland;;0
10442;Ludwig Kriegler Metallwarenfabrik;kriegler bechofen;D;Deutschland;25 Allgemeiner Anlagenbau;0
10443;INDUMARE Marine Partners GmbH;indumare hamburg;D;Deutschland;;0
10444;UST Umwelt-u.Schiffstechnik GmbH;ust ahrensburg;D;Deutschland;;0
10445;Hanseatic Marine Services GmbH & Co. KG;hanseatic hamburg;D;Deutschland;31 Ersatzteilhändler Schiffbau;0
10446;CombiTrade GmbH;combitrade hamburg;D;Deutschland;;0
10447;Werner Wollersen GmbH Export-Division;wollersen bremen;D;Deutschland;;0
10449;Kenex Industrial Wires & Cables GmbH;kenex essen;D;Deutschland;40 Kleinbetriebe;0
10450;Kupke + Wolf GmbH;kupke thedinghausen;D;Deutschland;;0
10450L;Kupke + Wolf GmbH (Gelände HPM);kupke I  schwerin;D;Deutschland;;0
10451;Beckmann Aggregate Service GmbH;beckmann reinbek;D;Deutschland;32 Ersatzteilhändler Industrie;0
10452;KLEBER-REIFEN AG;kleber st.ingbert;D;Deutschland;;0
10453;Inter Sea Service & Trading GmbH;inter sea norders.;D;Deutschland;31 Ersatzteilhändler Schiffbau;0
10454;RST-Engineering GmbH;rst bad soden;D;Deutschland;25 Allgemeiner Anlagenbau;0
10455;Allied Electronics GmbH;allied elect.köln;D;Deutschland;;0
10456;Technoklima GmbH;technoklima münchen;D;Deutschland;;0
10456L;Spedition W. Wilke;technoklima l Guben;D;Deutschland;;0
10457;Engelhard;engelhard hannover;D;Deutschland;;0
10458;Konus Service GmbH;konus schwet.10136;D;Deutschland;;0
10459;HAMO Deutschland GmbH;hamo st.leon;D;Deutschland;;0
10460;Total Walther Abt.: Schiffssicherheit;total walther hh;D;Deutschland;;0
10461;Daimler AG Mercedes-Benz Werk Mannheim;daimler benz mannhe;D;Deutschland;05 Prüfstände;0
10462;Diestel & Schlubach GmbH KG.;schlubach hamburg;D;Deutschland;;0
10463;ARABIAN AFRICAN  & Co. KG;arabian ulm;D;Deutschland;30 Händler;0
10464;Rudolph Schulze GmbH Schiffselektrotechnik;schulze  wilhelmsh.;D;Deutschland;03 Schiffbau (Systeme);0
10465;Parker Hannifin Europe Sárl, c/o Parker-Hannifin GmbH&Co KG;parker bielefeld;D;Deutschland;03 Schiffbau (Systeme);0
10466;Max Weishaupt GmbH Brenner und Heizsysteme;weishaupt schwendi;D;Deutschland;06 Klimatechnik;0
10467;"ASTOR Schiffahrts GmbH & Co.KG MS""KLAUS J""";astor s. 40060;D;Deutschland;;0
10467L;"MV""MAERSK SAN ANTONIO""ex""KLAUS J"" DANZAS Flug";astor l s. 40060;D;Deutschland;;0
10468;Gräfin Strachwitz&Partner GmbH Export & Import;strachwitz düsseld.;D;Deutschland;;0
10469;Apollo - Gößnitz GmbH Pumpen-u. Pumpenanlagen;apollo gößnitz;D;Deutschland;07 Pumpen;0
10470;DUKO HANDELS GMBH;duko bad vilbel;D;Deutschland;;0
10472;British American Tobacco (Germany) GmbH;british hamburg;D;Deutschland;;0
10472L;British-American Tobacco (Germany)GmbH;british l yreuth;D;Deutschland;;0
10473;MSP Maritime Spare Parts GmbH;msp bremen;D;Deutschland;31 Ersatzteilhändler Schiffbau;0
10475;SAB BARTH GmbH;sab barth;D;Deutschland;;0
10476;Hans-Albert Färber GmbH;färber hamburg;D;Deutschland;33 Ersatzteilhändler S/I;0
10477;ROMPA GmbH Maschinenfabrik;rompa wilhelmshaven;D;Deutschland;;0
10478;Fritz Egger Bevern GmbH & Co. KG;egger bevern;D;Deutschland;;0
10479;Obermark Schweißtechnik Vertriebs GmbH;obermark salzuflen;D;Deutschland;;0
10480;Armbrecht & Partner GmbH;armbrecht elmenhor;D;Deutschland;;0
10481;Pekrun Getriebebau GmbH;pekrun iserlohn;D;Deutschland;11 Getriebe;0
10482;K & L GmbH;k&l frankfurt;D;Deutschland;;0
10483;WUTTKE GmbH Engineering Equipment;wuttke essen;D;Deutschland;;0
10484;Bernhard Müller Import-Export;müller temmels;D;Deutschland;;0
10485;BEB Erdgas und Erdöl GmbH -Abteilung VA-;beb hannover;D;Deutschland;;0
10485A;BEB Erdgas und Erdöl GmbH;beb a  barenburg;D;Deutschland;;0
10486;Mobil Schmierstoff GmbH;mobil hamburg;D;Deutschland;;0
10487;FMB Fochler GmbH Reparatur-Service u. Wartung;fmb ilsfeld;D;Deutschland;;0
10488;Versorgungsbetriebe Helgoland GmbH;versorgungsb.helgo.;D;Deutschland;;0
10489;Walter Schork GmbH Großhandel Kraftfahrzeug;schork;D;Deutschland;;0
10490;VFR Marine Service GmbH & Co. KG;vfr hamburg;D;Deutschland;31 Ersatzteilhändler Schiffbau;0
10491;GUREX GmbH;gurex mönsheim;D;Deutschland;;0
10492;Dr. Fritsch GmbH;fritsch fellbach;D;Deutschland;;0
10493;Caterpillar Motoren GmbH & Co. KG;caterpillar kiel;D;Deutschland;01 Motoren;0
10494;Kiepe-Schepers Containerschiff KG;kiepe KD 40041;D;Deutschland;;0
10495;HELMKE ORBIS GMBH Projekt u. Ausrüstungen;helmke hannover;D;Deutschland;11 Getriebe;0
10496;Weiss Umwelttechnik GmbH;weiss reiskirchen;D;Deutschland;05 Prüfstände;0
10497;Görgü Hydraulik Maschinenbau GmbH;görgü henstedt;D;Deutschland;32 Ersatzteilhändler Industrie;0
10498;AMV - Messgeräte GmbH;amv hammersbach;D;Deutschland;40 Kleinbetriebe;0
10499;Knorr-Bremse Systeme für Schienenfahrzeuge GmbH;knorr münchen;D;Deutschland;00 Bahn;1
10500;Heinz-Werner Stricker Schiffselektrik;stricker quickborn;D;Deutschland;;0
10501;INTERMARINE Service & Handels GmbH;intermarine bremen;D;Deutschland;31 Ersatzteilhändler Schiffbau;0
10502;Linde AG Werksgruppe Technische Gase;linde höllriegel.;D;Deutschland;25 Allgemeiner Anlagenbau;0
10502L;"Linde AG Technische Gase WEP.: ACG ""Bau 7 vorletz.Tor li""";linde l unterschl.;D;Deutschland;;0
10503;Seho Seitz + Hohnerlein GmbH;seitz kreuzwert.;D;Deutschland;;0
10505;Claus Claußen Stahlbau + Industriebedarf;claußen hörsten;D;Deutschland;25 Allgemeiner Anlagenbau;0
10506;Daimler  AG LN 12039632;daimler stuttgart;D;Deutschland;05 Prüfstände;0
10506A;Daimler Chrysler AG;daimler a münch.;D;Deutschland;;0
10507;W+W Import-Export GmbH;w+w bremen;D;Deutschland;;0
10508;Straschu Elektro-Vertriebs GmbH;straschu stuhr;D;Deutschland;30 Händler;0
10510;Heidelberger Druckmaschinen;heidelb heidelberg;D;Deutschland;;0
10511;Dieselmotoren und Antriebssysteme Vertriebsgesellschaft mbH;dmv rastede;D;Deutschland;01 Motoren;0
10512;LEMAG LEHMANN & MICHELS GmbH Sales & Service Center Rellingen;lemag rellingen;D;Deutschland;40 Kleinbetriebe;0
10513;EMB - Eifeler Maschinenbau GmbH A Tomkins Company;eifeler euskirchen;D;Deutschland;09 Mobilhydraulik;0
10514;Manfred Roth Elektromeister-VOE;roth münstertal;D;Deutschland;;0
10515;E.ON Energie AG;e.on hannover;D;Deutschland;;0
10516;M-TEO Ibenthaler GmbH Therapiegeräte;ibenthaler bötzing.;D;Deutschland;;0
10517;Siemens AG ATD IS 3F;siemens bremen;D;Deutschland;;0
10518;Glatt GmbH Process Technology;glatt binzern;D;Deutschland;30 Händler;0
10519;SWK Städtische Werke Krefeld AG;swk krefeld;D;Deutschland;;0
10520;Systec GmbH Labor-Systemtechnik;systec linden;D;Deutschland;19 Medizintechnik;0
10520L;Systec GmbH Labor-Systemtechnik;systec l westerkap.;D;Deutschland;;0
10521;aba GmbH & Co. KG;aba ilmenau;D;Deutschland;;0
10522;Becker Elektrogroßhandel ZN der Eckmann GmbH & Co. KG;becker hamburg;D;Deutschland;30 Händler;0
10523;Pahmeyer & Co.GmbH;pahmeyer bremen;D;Deutschland;;0
10524;Ship Consult Jörg Osterloh;osterloh  huntlosen;D;Deutschland;;0
10525;L.O.M.A.N Systemtechnik GmbH;loman bremerhaven;D;Deutschland;;0
10526;ABB Automation GmbH;abb cottbus;D;Deutschland;12 Automatisierungstechnik;0
10527;Robert Bosch GmbH;bosch stuttgart;D;Deutschland;10 Hydraulik;0
10527A;Robert Bosch GmbH Abt. BVE-St;bosch a stuttgart;D;Deutschland;;0
10527L;Robert Bosch GmbH Stoffeingang;bosch l schwieberd;D;Deutschland;;0
10528;Eugen Boss GmbH & Co.KG;boss dortmund;D;Deutschland;;0
10530;LENSER Filtration GmbH + Co.;lenser senden/iller;D;Deutschland;22 Filtertechnik;0
10531;ABB Automation GmbH;abb neusäß;D;Deutschland;;0
10531A;ABB Service Neusäß;abb a neusäß;D;Deutschland;;0
10531L;ABB Service Neusäß;abb l neusäß;D;Deutschland;;0
10532;Bolz HYDRAULIK GmbH;bolz wismar;D;Deutschland;10 Hydraulik;0
10533;Vickers Systems AMD;vickers wehrheim;D;Deutschland;;0
10534;Wölfle GmbH;wölfle ochsenhausen;D;Deutschland;00 Bahn;1
10535;Autronic Reglersysteme GmbH;autronic hamburg;D;Deutschland;23 sb Schiffbauaggregate;0
10536;WINKLER GMBH Wärmetechnik;winkler heidelberg;D;Deutschland;;0
10537;MTU Onsite Energy GmbH Gas Power Systems;mtu onsite augsburg;D;Deutschland;01 Motoren;0
10537A;MDE Dezentrale Energiesysteme GmbH;mde a dezent.augsb.;D;Deutschland;;0
10537L;MDE Dezentrale Energiesys.GmbH Wareneing.,Abt.LM;mde l augsburg;D;Deutschland;;0
10538;PHARMAGG Systemtechnik GmbH;pharmagg hoya;D;Deutschland;;0
10539;NAUTICA Trading GmbH;nautica braak;D;Deutschland;;0
10540;THALHEIMER KÜHLUNG GMBH & CO.;thalheimer ellwan.;D;Deutschland;06 Klimatechnik;0
10541;Baotex Technikhandel GmbH;baotex düsseldorf;D;Deutschland;;0
10542;Eble Elektrotechnik GmbH;eble/neuri-schutte;D;Deutschland;;0
10543;Mariport Im- und Export GmbH;mariport hamburg;D;Deutschland;31 Ersatzteilhändler Schiffbau;0
10544;Gebr. Friedrich Industrie- und Elektrotechnik GmbH;friedrich kiel;D;Deutschland;03 Schiffbau (Systeme);0
10545;Arnold & Bierbauer GmbH & Co.;bierbauer stgt.;D;Deutschland;;0
10546;Schnupp GmbH & Co. Hydraulik KG;schnupp bogen;D;Deutschland;10 Hydraulik;0
10547;SCHAAF GmbH & Co. KG;schaaf erkelenz;D;Deutschland;10 Hydraulik;0
10548;GEA Tuchenhagen GmbH;tuchenhagen büchen;D;Deutschland;07 Pumpen;0
10549;SCI-TRADING & ENGINEERING Co.;sci griesheim;D;Deutschland;;0
10550;FIBRO GmbH;fibro weinsberg;D;Deutschland;;0
10551;LOKE-ENGINEERING I.Kempf;loke walldorf;D;Deutschland;;0
10552;CANA Handels GmbH;cana bruchköbel;D;Deutschland;30 Händler;0
10553;R.KLASS & CO.-EGRO-GMBH;klass delmenhorst;D;Deutschland;;0
10554;TECHNOMAR GmbH;technomar bremen;D;Deutschland;25 Allgemeiner Anlagenbau;0
10555;Joon-Hyun Kim;kim frankfurt;D;Deutschland;;0
10556;Deutsche Bahn AG Fahrzeuginstandhaltung;db hannover;D;Deutschland;;0
10556L;Deutsche Bahn AG Gesch.Nahverkehr;db l hannover;D;Deutschland;;0
10557;SEHIL Aussenhandels GmbH;sehil hamburg;D;Deutschland;;0
10558;HANSABRAS Boden GmbH & Co. KG;hansabras hamburg;D;Deutschland;33 Ersatzteilhändler S/I;0
10559;DuPont Uentrop GmbH;dupont uentrop;D;Deutschland;32 Ersatzteilhändler Industrie;0
10561;INDUSTRIAL ELECTRONIC Indel GmbH & Co. KG;industrial kronach;D;Deutschland;32 Ersatzteilhändler Industrie;0
10563;ThyssenKrupp Fördertechnik GmbH C142;thyssenkrupp essen;D;Deutschland;12 Automatisierungstechnik;0
10563A;ThyssenKrupp Fördertechnik GmbH;krupp a ennigerloh;D;Deutschland;;0
10564;Botschaft des Staates Israel Einkaufsdelegation;botschaft KD40046;D;Deutschland;;0
10565;SEICO GmbH Industrie-Elektrowärme;seico langenhagen;D;Deutschland;;0
10566;Kloska Technical Marine Sales GmbH;kloska  hamburg;D;Deutschland;31 Ersatzteilhändler Schiffbau;0
10567;Oskar Frech GmbH & Co.;frech schorndorf;D;Deutschland;;0
10568;SHIP REPAIR AND TRADING GmbH;ship repair rostock;D;Deutschland;27 eh Ersatzteilhandel;0
10569;Forbech GmbH Technische Schiffsausrüstung;forbech seevetal;D;Deutschland;31 Ersatzteilhändler Schiffbau;0
10571;Wernz GmbH;wernz lampertheim;D;Deutschland;;0
10572;BISCHOFBERGER GMBH Industrial Products Technikhandel;bischofber.scheff;D;Deutschland;30 Händler;0
10573;Tönjes Cordes GmbH;tönjes hamburg;D;Deutschland;;0
10575;Gebr. Friedrich KG Schiffswerft;friedrich kg kiel;D;Deutschland;31 Ersatzteilhändler Schiffbau;0
10576;Vogelsang GmbH & Co. KG;Vogelsang Essen;D;Deutschland;26 Erneuerbare Energien;0
10577;SCHOTTEL GmbH;schottel spay;D;Deutschland;01 Motoren;0
10581;Johann Stump GmbH;stump quickborn;D;Deutschland;;0
10582;Dipl.-Ing. Walter Gohl Ing.Büro;gohl Hattingen;D;Deutschland;;0
10583;SALCO Industry Technic;salco ritterhude;D;Deutschland;;0
10584;P+S WERFTEN GmbH;p+s werften stralsund.;D;Deutschland;02 Schiffbau (Werft);0
10585;Schneider-Hemeicheh Export-Import-Großhandel;schneider elmshorn;D;Deutschland;30 Händler;0
10586;EISENMANN Service KG;eisenmann böblingen;D;Deutschland;25 Allgemeiner Anlagenbau;0
10587;Elementar GmbH;elementar hanau;D;Deutschland;25 Allgemeiner Anlagenbau;0
10588;Krüger Systemtechnik GmbH;krüger essen;D;Deutschland;;0
10589;Thyssen Schulte Bautechnik GmbH & Co.KG Pumpenabt.;thyssen  stuhr;D;Deutschland;;0
10590;E. Karagiannidis & Sons GmbH Gerneral Ship Stores Merchants;karagiannidis  bremen;D;Deutschland;31 Ersatzteilhändler Schiffbau;0
10591;Heinzmann GmbH & Co. KG;heinzmann schönau;D;Deutschland;01 Motoren;0
10592;Spares and Industrial Products SIP;spares rostock;D;Deutschland;;0
10593;Maritime and Industrial Service (MiS);maritimeandindustrial rostock;D;Deutschland;31 Ersatzteilhändler Schiffbau;0
10594;Bautec H. Liesenfeld Industrietechnik;bautec koblenz;D;Deutschland;;0
10595;OCTOPUS Industrial Services GmbH;octopus hannover;D;Deutschland;;0
10596;ABB AG;abb hanau;D;Deutschland;;0
10596L;ABB Calor Emag Schaltanlagen AG Geschäftsbereich HS-Produkte;abb calor l hanau;D;Deutschland;;0
10597;Gunther Botsch Dipl.-Ing.VDI Apparatebau und Ingenieurleistung;botsch trostberg;D;Deutschland;;0
10598;PROEMTEC Behnke Präzisionsmesstechnik GmbH;proemtec gründing;D;Deutschland;40 Kleinbetriebe;0
10599;Holzhauer GmbH & Co. KG;holzhauer sigmaringendorf;D;Deutschland;35 Instandhaltung/Wartung;0
10600;Hertha Ehnes GmbH;ehnes Germersheim;D;Deutschland;;0
10601;Lufthansa Technik AG Abt. HAM WD-EQT;lufthansa hamburg;D;Deutschland;35 Instandhaltung/Wartung;0
10602;Alstom Power AG;alstom mannheim;D;Deutschland;;0
10603;Endress + Hauser GmbH & Co.;endress maulburg;D;Deutschland;;0
10604;Dr. Zosel Automationstechnik;zosel st.wendel;D;Deutschland;;0
10605;DIXIT Engineering Services GmbH;dixit rechbergh.;D;Deutschland;31 Ersatzteilhändler Schiffbau;0
10606;TECPLAN Engineering and Service GmbH;tecplan isenburg;D;Deutschland;;0
10607;SAACKE SERCVICE GmbH & Co. KG Feuerungsbau;saacke kleinmachnow;D;Deutschland;03 Schiffbau (Systeme);0
10608;Besttrade Import-Export GmbH;besttrade kiebitz;D;Deutschland;;0
10609;Elektroplannung Schneider;schneider münchen;D;Deutschland;;0
10610;R. Müller Technical Imports and Export;müller  hamburg;D;Deutschland;;0
10611;Sappi Ehingen GmbH;sappi ehingen;D;Deutschland;;0
10612;WGB GmbH Wissenschaftliche Geräte-Bau;wgb winhöring;D;Deutschland;;0
10613;Feinwerktechnische Entwicklungen Klaus Kramer;kramer berlin;D;Deutschland;;0
10614;Kreiskrankenhaus Reutlingen Abt. Technik;kreiskr. reutlingen;D;Deutschland;;0
10615;Praml Elektro;praml ruderting;D;Deutschland;;0
10616;BASF SE Einkauf Ludwigshafen-Bau Q 920;basf ludwigshafen;D;Deutschland;35 Instandhaltung/Wartung;0
10617;Witt-Trading & Service;witt ahrensburg;D;Deutschland;;0
10618;PIROL Jutta Pirselimoglu Consulting & Service;pirol lilienthal;D;Deutschland;;0
10619;U.A.D.Schulz & Selent GbR;schulz rostock;D;Deutschland;;0
10620;AGENTUR H. WILLEMS;willems bremen;D;Deutschland;30 Händler;0
10621;Maschinenbau- u. Fahrzeugteile- vertrieb Bracht GmbH;mfb maschinenbau brügg;D;Deutschland;30 Händler;0
10622;AEG Kondensatoren und Wandler GmbH;aeg berlin;D;Deutschland;;0
10623;John Crane GmbH Gleitringdichtungssysteme;crane fulda;D;Deutschland;10 Hydraulik;0
10624;MTU Friedrichshafen GmbH;mtu hamburg;D;Deutschland;01 Motoren;0
10625;REPCO AUSSENHANDELS GMBH;repco hamburg;D;Deutschland;;0
10626;"KADÜTO Schiffahrtsgesellschaft mbH& Co. KG MS""BERND""";kadüto s.40053haren;D;Deutschland;;0
10627;Krupp Fördertechnik;krupp lübeck förd.;D;Deutschland;;0
10628;Wittmann Robot Systeme GmbH;wittmann groß-umst.;D;Deutschland;;0
10629;Th.Witt Kältemaschinenfabrik GmbH;witt aachen;D;Deutschland;06 Klimatechnik;0
10630;Ing. Dieter Breitenbach GmbH Hydraulik-Automation;breitenbach frank.;D;Deutschland;10 Hydraulik;0
10631;SET Schiffs-Elektro Service Inh. Dieter Gellert;gellert stuhr;D;Deutschland;;0
10632;IMS Industrie u. Montage Service Domurath und Döding GbR;ims s. KD-Nr.10297;D;Deutschland;;0
10633;FRERK AGGREGATEBAU GMBH;frerk schweringen;D;Deutschland;25 Allgemeiner Anlagenbau;0
10634;Ferromatik Milacron Maschinenbau GmbH;ferromatik malterd.;D;Deutschland;12 Automatisierungstechnik;0
10635;N.W. Baltic Supply Import-Export GmbH;baltic hamburg;D;Deutschland;31 Ersatzteilhändler Schiffbau;0
10636;AM-SIDER GMBH & Co. KG Anlagen-Maschinen-Service;am sider bremen;D;Deutschland;32 Ersatzteilhändler Industrie;0
10637;C&M Pfeiffer OHG Elektrotechnik;c&m bad herrenalb;D;Deutschland;;0
10638;Euroquip GmbH;euroquip  Buchholz;D;Deutschland;31 Ersatzteilhändler Schiffbau;0
10639;Algi Alfred Giehl GmbH & Co.KG;giehl eltville;D;Deutschland;;0
10640;SPRIMAG Spritzmaschinenbau GmbH & Co.KG;sprimag kirchheim;D;Deutschland;;0
10641;Hubert Eggert-Dental;eggert rottweil;D;Deutschland;;0
10642;IDRA Pressen GmbH;idra remshalden;D;Deutschland;;0
10643;VTech Electronics GmbH;electron filderst;D;Deutschland;;0
10644;Schultheiss GmbH Automatisierungstechnik;schultheiss friolz.;D;Deutschland;12 Automatisierungstechnik;0
10645;ENEX Vertreibsgesellschaft mbH;enex hamburg;D;Deutschland;33 Ersatzteilhändler S/I;0
10646;Heilmeier & Weinlein GmbH & Co. KG;heilmeier münchen;D;Deutschland;;0
10647;Wasser-und Schiffahrtsamt Bremen -Bauhof Brake-;wasser schiffahrts;D;Deutschland;;0
10648;Noris Tachometerwerk Technisches Büro Süd-West;noris büro süd/west;D;Deutschland;;0
10649;Daimler Benz Aerospace Airbus GmbH;daimler aeros Brem;D;Deutschland;;0
10649L;Daimler-Benz aerospace Airbus GmbH;daimler l nordenham;D;Deutschland;;0
10650;elektro-Ludwig;ludwig gettorf;D;Deutschland;;0
10651;BKS GmbH;bks velbert;D;Deutschland;;0
10652;APPELHANS Im-& Export GMBH;appelhans hamburg;D;Deutschland;30 Händler;0
10653;WILLY DOHMEN GMBH & CO.KG Tief-,Straßen-,Hoch-,Stahlbetonb.;dohmen übach;D;Deutschland;;0
10654;HTT energy systems GmbH;hoch herford;D;Deutschland;;0
10655;BASF Schwarzheide GmbH;basf schwarzheide;D;Deutschland;;0
10656;Gienath GmbH;gienanth eisenberg;D;Deutschland;25 Allgemeiner Anlagenbau;0
10657;F. Undütsch GmbH;undütsch bremen;D;Deutschland;31 Ersatzteilhändler Schiffbau;0
10658;Christian Bindemann Marine Engineering GmbH;bindemann hamburg;D;Deutschland;31 Ersatzteilhändler Schiffbau;0
10659;Burat & Klein Datentechnik GmbH;burat meckenbeuren;D;Deutschland;30 Händler;0
10660;Universität GH-Siegen FB8 Chem.Biol.Verf.techn.Prof.Lentz;uni siegen;D;Deutschland;;0
10661;PECUNIA Handelsgesellschaft mbH;pecunia berlin;D;Deutschland;32 Ersatzteilhändler Industrie;0
10662;Otto Egelhof GmbH & Co.;egelhof fellbach;D;Deutschland;06 Klimatechnik;0
10663;TRUMPF GmbH + Co. KG;trumpf ditzingen;D;Deutschland;25 Allgemeiner Anlagenbau;0
10665;Finsterle GmbH Hydraulik u. Pneumatik;finsterle horgenz.;D;Deutschland;;0
10666;DB Industrietechnik Vertriebs GmbH;db indust. endorf;D;Deutschland;;0
10668;Ziemann GmbH;ziemann ludwigsburg;D;Deutschland;;0
10669;Peter Helmes;helmes andernach;D;Deutschland;;0
10670;"Rietschle Werner  GmbH & Co. KG Abt. ""Systeme""";rietschle schopfh.;D;Deutschland;;0
10670L;Werner Rietschle GmbH & Co.KG Industriegebiet Grienmatt;rietschle l schhopf;D;Deutschland;;0
10671;ESS GmbH;ess landsberg;D;Deutschland;20 Energietechnik;0
10672;Siemens AG;siemens kiel;D;Deutschland;12 Automatisierungstechnik;0
10673;Ingenieurbüro Lübben;lübben himmelpf.;D;Deutschland;;0
10674;BEWAG Aktiengesellschaft&Co.KG Netzführung Sekundärtechnik;bewag tsn berlin;D;Deutschland;;0
10675;BEWAG Aktiengesellschaft&Co.KG Abt. TKH;bewag tkh berlin;D;Deutschland;;0
10676;Melchers Techexport GmbH;melchers bremen;D;Deutschland;33 Ersatzteilhändler S/I;0
10677;swb Netze  GmbH & Co KG;swb bremen;D;Deutschland;04 Gasdichte (SF6);0
10678;EUROSPARES Ralf R. Kretschmar Import/Export;eurospares köln;D;Deutschland;30 Händler;0
10679;Erba Kälte GmbH;erba-kälte magstadt;D;Deutschland;06 Klimatechnik;0
10680;Marine Parts Service Wolfgang Busemann GmbH;marine hamburg;D;Deutschland;;0
10681;TURBO TECHNIK GmbH & Co. KG;turbo wilhelmshaven;D;Deutschland;03 Schiffbau (Systeme);0
10682;Gerus Apparatebau GmbH & Co.KG;gerus harthausen;D;Deutschland;;0
10683;Praxis für Physikalische Therapie Thomas Wojak;wojak  hilden;D;Deutschland;;0
10684;FA WA TEC Gebauer GmbH Fachhandel Wassertechnik;wassert.weinheim;D;Deutschland;30 Händler;0
10685;Stadtwerke Vilshofen;stadtwerke vilsh;D;Deutschland;;0
10686;ATS GmbH;ats gera;D;Deutschland;;0
10687;Michael Schumann Praxis für Krank. u. Massagen;schumann bochum;D;Deutschland;;0
10688;MTU Reman Technologies GmbH;mtu reman magdeburg;D;Deutschland;01 Motoren;0
10689;EXPORIENT-HANDELS-GMBH;exporient bremen;D;Deutschland;;0
10690;Holm GmbH;holm bochum;D;Deutschland;;0
10691;AVA Abfallverwertung Augsburg GmbH;ava augsburg;D;Deutschland;;0
10692;"MV""SESAM"" Matthiesen Seetransport KG";warnholz winsen;D;Deutschland;;0
10692A;;warnholz winsen;D;Deutschland;;0
10692L;;warnholz winsen;D;Deutschland;;0
10693;NAVAL TECHNICA Export GmbH;naval hamburg;D;Deutschland;31 Ersatzteilhändler Schiffbau;0
10694;Christian Carl Ingenieur GmbH;carl göppingen;D;Deutschland;;0
10695;FLENDER WERFT AG;flender lübeck;D;Deutschland;;0
10696;Fr.Lürssen Werft GmbH & Co.KG;lürssen werft brem.;D;Deutschland;02 Schiffbau (Werft);0
10696L;Fr.Lürssen Werft GmbH & Co. KG;lürssen l lemwerd.;D;Deutschland;;0
10697;Heliocentris Energy Solutions AG;heliocentris berlin;D;Deutschland;;0
10698;M & R Europa GmbH Industrievertretung;m&r münchen;D;Deutschland;32 Ersatzteilhändler Industrie;0
10699;ANDINA;andina volkach;D;Deutschland;40 Kleinbetriebe;0
10701;Stranghöner Kühlanlagen;stranghöner friedb.;D;Deutschland;;0
10702;IAV GmbH Ingenieurgesell. Auto u. Verkehr;iav berlin;D;Deutschland;05 Prüfstände;0
10703;Gebr. Paprottka GmbH;paprottka hamburg;D;Deutschland;33 Ersatzteilhändler S/I;0
10704;Wille GmbH;wille delmenhorst;D;Deutschland;30 Händler;0
10705;Wasserverband Eifel-Rur Verwaltung Düren;wasserv.düren;D;Deutschland;;0
10705L;Wasserverband Eifel-Rur Kläranlage Gemünd;wasserv.l schleiden;D;Deutschland;;0
10706;Carl Fischer THF TradeLine THF GmbH & Co.KG;fischer hamburg;D;Deutschland;;0
10707;Kabel Premium Pulp & Paper GmbH;kabel Premium  hagen;D;Deutschland;32 Ersatzteilhändler Industrie;0
10708;Siemens AG Corporate Technology;siemens münchen;D;Deutschland;25 Allgemeiner Anlagenbau;0
10709;Siemens AG, c/o Flender Werft AG, Bürocontainer;siemens lübeck;D;Deutschland;;0
10710;RWE Power  AG;rwe frechenl;D;Deutschland;26 Erneuerbare Energien;0
10711;GEA Westfalia Separator Group GmbH;westfaliagroup oelde;D;Deutschland;03 Schiffbau (Systeme);0
10712;Noell-KRC Energie- und Umwelttechnik GmbH Service Center;noell dormagen;D;Deutschland;;0
10713;Pro Therm GmbH;pro therm castrop;D;Deutschland;06 Klimatechnik;0
10714;Uniklinik Heidelberg Dez. 3/2;uniklinik heidelb.;D;Deutschland;;0
10715;Schüssler-Technik Maschinen und Elektronik;schüssler pforzh.;D;Deutschland;12 Automatisierungstechnik;0
10716;van der Velden Barkemeyer GmbH;barkemeyer reinbek;D;Deutschland;;0
10717;Hugo Böttcher GmbH Hydr. u. Maschinenbau;böttcher lüneburg;D;Deutschland;;0
10718;Stockey & Schmitz GmbH & Co. KG;stockey Ennepetal;D;Deutschland;;0
10719;Gisbert Küperkoch;küperkoch bottrop;D;Deutschland;;0
10720;SSW Schichau Seebeck Shipyard GmbH;ssw bremerhaven;D;Deutschland;02 sy Ship Yards /Schiffbau;0
10721;Würth Elektronik;würth pforzheim;D;Deutschland;;0
10722;Hydraulikservice GmbH SGS - Mittag & Wölle;mittag berlin;D;Deutschland;;0
10723;HDW-Hagenuk Schiffstechnik GmbH;hdw hagen. kiel;D;Deutschland;03 Schiffbau (Systeme);0
10724;Walter Prem GmbH Auto- und Elektrohaus;prem vöhringen;D;Deutschland;;0
10725;FERRO Sundries GmbH & Co. Internationaler Handel;ferro hamburg;D;Deutschland;;0
10726;Promarine GmbH;promarine hamburg;D;Deutschland;31 Ersatzteilhändler Schiffbau;0
10727;MaK Motoren GmbH & Co. KG Service Station Duisburg;mak duisburg;D;Deutschland;;0
10728;SCAN-MOT SCHIFFSTECHNIK GmbH;scan warnemünde;D;Deutschland;;0
10730;Elektro Weiß;elektro weiß selb;D;Deutschland;;0
10731;RODEX GmbH;rodex rodgau;D;Deutschland;;0
10732;Julphar Pharma GmbH;julphar eschwege;D;Deutschland;;0
10733;Schmidt Seeger AG;seeger plüderhausen;D;Deutschland;21 Lebensmittelindustrie;0
10734;Josef Hromada Techn. Groß-,Einzelh.u.Export;hromada traunreut;D;Deutschland;;0
10735;GMA;gma berlin;D;Deutschland;;0
10736;H + S Elektronik GmbH;h+s paderborn;D;Deutschland;;0
10737;Wilhelm Rump KG (GmbH & Co.);rump hh;D;Deutschland;31 Ersatzteilhändler Schiffbau;0
10738;SNG Technischer Service Dipl.-Ing. K. Lok;sng ratingen;D;Deutschland;30 Händler;0
10739;POL-NAVE SUPPLY SERVICE;pol nave hamburg;D;Deutschland;31 Ersatzteilhändler Schiffbau;0
10740;Service Agency Barsbüttel Th. Hoffrogge;service barsbüttel;D;Deutschland;;0
10741;Wilo Oschersleben Bode GmbH;wilo oschersleben;D;Deutschland;07 Pumpen;0
10742;MOPA Motoparts Vertriebsges. mbH;mopa troisdorf;D;Deutschland;30 Händler;0
10743;Robert Bosch GmbH HOW2/PHE;bosch bruchmuehlb.;D;Deutschland;;0
10744;Steinwerke F. J. Risse;risse warstein;D;Deutschland;;0
10745;Strobl GmbH Beschichtungstechnik;strobl biberach;D;Deutschland;;0
10746;Pumpen Zilius;zilius berlin;D;Deutschland;;0
10747;Krupp Werner & Pfleiderer GmbH;krupp & pfl.stutt;D;Deutschland;;0
10748;Mahle-J.Wizemann- Pleuco GmbH;mahle gaildorf;D;Deutschland;;0
10749;technotrans AG;technotr.stadtber.;D;Deutschland;12 Automatisierungstechnik;0
10750;ERS Elektronik GmbH;ers germering;D;Deutschland;;0
10751;h + de.wers.s engieneering hybridtech. + design gmbh;h + de.wers bremen;D;Deutschland;;0
10752;Vatec-Maschinenbau GmbH;vatec bremen;D;Deutschland;12 Automatisierungstechnik;0
10753;Glashüttenwerke GmbH&Co;glashütt.holzm.;D;Deutschland;;0
10754;Evac Germany GmbH;evac oldenburg;D;Deutschland;03 Schiffbau (Systeme);0
10755;Peißenberger Wärmegesellschaft mbH;pwg   peißenberg;D;Deutschland;06 Klimatechnik;0
10756;SUDOSERVICE GmbH Schiffsersatzteile;sudoservice hamburg;D;Deutschland;31 Ersatzteilhändler Schiffbau;0
10757;Albert GmbH;albert bremen;D;Deutschland;33 Ersatzteilhändler S/I;0
10758;Gilde Brauerei AG;gilde hannover;D;Deutschland;;0
10759;Weingut Wolf;wolf brackenheim;D;Deutschland;;0
10760;Wolfgang Buchtala Massage-Praxis;buchtala mühlacker;D;Deutschland;40 Kleinbetriebe;0
10761;A.M.Sterna Servicegesellschaft mbH;sterna berlin;D;Deutschland;32 Ersatzteilhändler Industrie;0
10762;LINTEC & LINNHOFF Germany GmbH;lintec buxtehude;D;Deutschland;33 Ersatzteilhändler S/I;0
10763;MULTIVAC Sepp Haggenmüller GmbH & Co. KG;multivac wolfertschwenden;D;Deutschland;17 Verpackungsanlagen;0
10764;Schaffran Propeller Service GmbH;schaffran lübeck;D;Deutschland;31 Ersatzteilhändler Schiffbau;0
10766;FGT Filtan Gas Technology GmbH;fgt linden;D;Deutschland;;0
10767;Günter Finders GmbH Reinigungs -u. Druckluftsys.;finders, herzogenr.;D;Deutschland;;0
10768;NEPTUN Ship Spares & Engineering;neptun hamburg;D;Deutschland;;0
10769;Siemens AG, Energy Sector, Fossil Power Generation Division;siemens karlsruhe;D;Deutschland;20 Energietechnik;0
10769A;Siemens AG;siemens a karlsruhe;D;Deutschland;;0
10770;Janssen Elektromaschinen GmbH;janssen emden;D;Deutschland;33 Ersatzteilhändler S/I;0
10773;A. Günther privatadresse;wolfhagen;D;Deutschland;;0
10774;Hans-Ulrich Pillekamp GmbH NAUTIK-OPTIK-THERMO;pillekamp hamburg;D;Deutschland;;0
10775;PRESSMETALL GUNZENHAUSEN GmbH & Co KG;pressmet.gunzenhau.;D;Deutschland;10 Hydraulik;0
10776;Elektro-Motoren Service GmbH Niederlassung Stein & Vendel;ems elektro gelsenk.;D;Deutschland;;0
10777;Toenjes Cordes GmbH;toenjes hamburg;D;Deutschland;;0
10778;BEUTEFÜHR TSB & GTT Technical Service Bureau;beuteführ velbert;D;Deutschland;;0
10779;Karl Schinle Sanitär und Heizungsbau GmbH;schinle schramberg;D;Deutschland;;0
10780;HOPPE AG;hoppe stadtallend.;D;Deutschland;;0
10781;RHEINBRAUN AG Bohrwesen u. Wasserwirtschaft;rheinbraun bergheim;D;Deutschland;;0
10782;OCHSNER Presseninstandhaltung;ochsner breitscheid;D;Deutschland;;0
10783;HEINRICH HIRDES GMBH Niederlassung Küste;hirdes hamburg;D;Deutschland;;0
10784;Schaeffler Technologies AG & Co. KG;schaeffler herzogenaurach;D;Deutschland;;0
10785;ATC Associated Trade & Consult GmbH;atc halstenbek;D;Deutschland;;0
10786;Kronotex GmbH & Co. KG;kronotex heiligen;D;Deutschland;;0
10787;Schiffsversorgung Rostock GmbH Niederlassung Bremerhaven;svr bremerhaven;D;Deutschland;31 Ersatzteilhändler Schiffbau;0
10788;Krupp GfT,Tiefbautechnik GmbH;krupp gft alsfeld;D;Deutschland;;0
10790;NOBISKRUG GmbH;nobiskrug  rendsburg;D;Deutschland;02 Schiffbau (Werft);0
10791;ZF Friedrichshafen AG Marine Propulsion Systems;zfmarine  friedrichshafen;D;Deutschland;11 Getriebe;0
10791L;ZF Marine GmbH Werk 1, Tor 3, Halle 4;zf l friedrichsh.;D;Deutschland;;0
10792;Universität Bayreuth Verwaltung;uni bayreuth;D;Deutschland;;0
10793;Karl Adolf Zenner Wasserzählerfabrik GmbH;zenner saarbrücken;D;Deutschland;16 Wasseranwendungen;0
10794;ViscoTec Pumpen + Dosiertechnik GmbH;viscotec töging;D;Deutschland;19 Medizintechnik;0
10795;Kerstner GmbH;kerstner groß-rohr.;D;Deutschland;06 Klimatechnik;0
10796;SARSTEDT AG & Co.;sarstedt nümbrecht;D;Deutschland;;0
10797;VOLTA GmbH + Co. KG Elektrothermische Apparate;volta amtzell;D;Deutschland;06 Klimatechnik;0
10799;Köhler & Hörter GmbH Kompresorsysteme;köhler&hörter hagen;D;Deutschland;;0
10800;Rühle GmbH Lebensmitteltechnik;rühle grafenh.;D;Deutschland;21 Lebensmittelindustrie;0
10801;GIM Export;gim göttingen;D;Deutschland;30 Händler;0
10802;Sigma-Aldrich Chemie GmbH;sigma steinheim;D;Deutschland;;0
10803;Jürgen R. Meißner Industrievertretung;meißner aglasterh.;D;Deutschland;30 Händler;0
10804;FR. SCHWEERS GmbH & Co. KG Schiffs- und Bootswerft Shipyard;schweers berne;D;Deutschland;30 Händler;0
10805;IABG Industrieanlagen betriebsgesellschaft mbH;iabg ottobrunn;D;Deutschland;05 Prüfstände;0
10806;HAMMERWERK FRIDINGEN GMBH Schmiede- und Bearbeitungstechnik;hammerwerk friding;D;Deutschland;;0
10807;ESAL GmbH Schaltanlagen u. Steuerungen;esal schweinfurt;D;Deutschland;;0
10808;eh-trading GmbH;eh trading  schentinental;D;Deutschland;32 Ersatzteilhändler Industrie;0
10809;MWB Maritime Technology GmbH;mwb bremerhav.;D;Deutschland;33 Ersatzteilhändler S/I;0
10810;Wiedenbach Apparatebau GmbH;wiedenbach moos;D;Deutschland;12 Automatisierungstechnik;0
10811;Nordseewerke Emden Shipyard GmbH;nordseewerke emden;D;Deutschland;02 Schiffbau (Werft);0
10812;Agentur Reinhard Korn;korn neuburg;D;Deutschland;;0
10813;RUWEL GmbH Spezialfabrik f. Leiterplatten;ruwel geldern;D;Deutschland;;0
10814;KSB AKTIENGESELLSCHAFT ABT.: CBK 4;ksb frankenthal;D;Deutschland;08 pu Pumpen;0
10814A;KSB AKTIENGESELLSCHAFT;ksb a  pegnitz;D;Deutschland;;0
10814L;KSB AKTIENGESELLSCHAFT WARENEMPFANG: WE 1 I;ksb l pegnitz;D;Deutschland;;0
10815;Eberspächer Sütrak GmbH & Co. KG;eberspächer sütrak renningen;D;Deutschland;06 Klimatechnik;0
10816;KML GmbH;kml miller lahr;D;Deutschland;25 Allgemeiner Anlagenbau;0
10816L;Karl Miller GmbH Systemlösungen im Kabinenbau;miller l lahr;D;Deutschland;;0
10817;GP Steuerungs- u. Anlagenbau GmbH;papenburg teltow;D;Deutschland;;0
10818;Langhagel Industrieservice GmbH;langhagel Isernhag.;D;Deutschland;;0
10819;Eisengießerei Bühler AG;bühler burtenbach;D;Deutschland;;0
10820;EUROLATINA;eurolatina,hamburg;D;Deutschland;30 Händler;0
10821;VS GmbH & Co. KG;vs   solingen;D;Deutschland;40 Kleinbetriebe;0
10822;Eishaar Kälte-Klima-Ladenbau GmbH;eishaar gengenbach;D;Deutschland;;0
10823;HLE Holger Littau Elektrotechnik GmbH;hle kiebitzreihe;D;Deutschland;03 Schiffbau (Systeme);0
10824;STN ATLAS Marine Electronics GmbH;stn wilhelmshav.;D;Deutschland;;0
10825;Massage-Praxis Eckle;eckle göppingen;D;Deutschland;;0
10826;STS Sensoren Transmitter Systeme GmbH;sts sindelfingen;D;Deutschland;40 Kleinbetriebe;0
10827;W. Ludolph KG;ludolph bremerhav.;D;Deutschland;;0
10828;M+E Motoren- und Energietechnik Betriebsgesellschaft mbH;m+e  duisburg/meppen;D;Deutschland;01 Motoren;0
10829;YORK International GmbH & Co. KG;york,mannheim;D;Deutschland;;0
10829A;YORK INDUSTRIEKÄLTE GmbH;york a,barsbüttel;D;Deutschland;;0
10829L;YORK INDUSTRIEKÄLTE GmbH;york l,barsbüttel;D;Deutschland;;0
10830;Dirks Elektrotechnik GmbH;dirks moormerl.;D;Deutschland;31 Ersatzteilhändler Schiffbau;0
10831;Adelbyer Nordfriesland Milch eG;adelbyer nordhackst.;D;Deutschland;;0
10832;Medizinische Einrichtungen der Universität zu Köln;medizini köln;D;Deutschland;;0
10833;BMW Rolls-Royce GmbH AP-4,;bmw dahlewitz;D;Deutschland;;0
10834;Bernd Didier Elektrogrosshandlung GmbH;didier krefeld;D;Deutschland;32 Ersatzteilhändler Industrie;0
10835;SMS ELOTHERM GMBH;sms elotherm remscheid;D;Deutschland;;0
10836;PEMA GmbH;pema herzberg;D;Deutschland;;0
10837;P&D Systemtechnik GmbH;p&d syst.bad oeynh.;D;Deutschland;;0
10838;JABS Technische Ausrüstungen;jabs garbsen;D;Deutschland;;0
10839;Gabriel Väth Ing. Büro für Elektrotechnik;väth glattbach;D;Deutschland;;0
10840;GESKE GmbH & Co. KG;geske herten;D;Deutschland;;0
10841;BOMIN SOLAR RESEARCH GMBH;bomin lörrach;D;Deutschland;;0
10842;DSD HILGERS Stahlbau GmbH;dsd hilgers rheinbrohl;D;Deutschland;;0
10843;AQUARIUS Germany GmbH;aquarius bremen;D;Deutschland;32 Ersatzteilhändler Industrie;0
10844;HEESCH & FRESE -EXPORT-;heesch glinde;D;Deutschland;Händler;0
10845;IMA Industrie & Rohstoffe Industriegebiet Casterfeld Nord;ima mannheim;D;Deutschland;Händler;0
10846;MARINEARSENAL -Arsenalbetrieb Kiel-;marinearsenal,kiel;D;Deutschland;;0
10847;V.I.T. GmbH VULTURE INTERNATIONAL;vit stuttgart;D;Deutschland;;0
10848;Jürgen Lenz Ing.-Büro Engineering;lenz Speyer;D;Deutschland;;0
10849;UTEU Projects Development GmbH;uteu,hamburg;D;Deutschland;;0
10850;GIGASTORE e.K. Karl-Heinz Schmidtke;gigastore buchholz;D;Deutschland;;0
10850L;GIGASTORE e.K. Karl-Heinz Schmidtke;gigastore l buchh.;D;Deutschland;;0
10851;Carl Baghun GmbH & Co.KG;baghun hamburg;D;Deutschland;31 Ersatzteilhändler Schiffbau;0
10852;A W D Arzneimittelwerk Dresden GmbH;awd dresden;D;Deutschland;;0
10853;Franz Joost & Co. Armaturen;joost velten;D;Deutschland;30 Händler;0
10854;Bobach Steuerungstechnik GmbH;bobach langenf.;D;Deutschland;10 Hydraulik;0
10855;maritech gmbh;maritech berlin;D;Deutschland;;0
10856;Fr. Heinrich Jens Schiffsmaschinen GmbH & Co.KG;heinrich jens hamburg;D;Deutschland;31 Ersatzteilhändler Schiffbau;0
10857;Rota Verpackungstechnik GmbH & Co. KG;rota wehr;D;Deutschland;17 Verpackungsanlagen;0
10858;Bayer AG ZL ZUV;bayer,leverkusen;D;Deutschland;;0
10858L;Bayer AG Geb. P21  Tor 354;bayerl,leverkusen;D;Deutschland;;0
10860;Bitzer Kühlmaschinenbau Schkeuditz GmbH;bitzer schkeuditz;D;Deutschland;06 Klimatechnik;0
10861;DESKA-IMEX Dr. Schmitz GmbH & Co.KG;deska imex bremen;D;Deutschland;32 Ersatzteilhändler Industrie;0
10862;PPL-Engineering GmbH Managementservice & Maschinenbau;ppl rösrath;D;Deutschland;;0
10863;SCHAUDT Maschinenbau GmbH;schaudt stuttgart;D;Deutschland;;0
10864;Julabo GmbH;julabo seelbach;D;Deutschland;06 Klimatechnik;0
10865;Voith Sulzer Finishing GmbH;voith sulzer krefe;D;Deutschland;;0
10866;C.A. PICARD GMBH & CO KG;picard remscheid;D;Deutschland;;0
10867;L C M Industrial Trade GmbH;lcm hilden;D;Deutschland;30 Händler;0
10868;Heinrich Winterling GmbH & Co.KG Porzellanfabrik;winterling marktl.;D;Deutschland;;0
10869;Herbert Hänchen GmbH & Co. KG;hänchen ostfildern;D;Deutschland;;0
10870;Satherm GmbH Industriebedarf;satherm saarwellingen;D;Deutschland;30 Händler;0
10871;Wellpappenwerk Bruchsal GmbH & Co.;wellpappe. bruchsal;D;Deutschland;;0
10873;Berg Karl GmbH;berg hamburg;D;Deutschland;;0
10874;KURMITTELHAUS BAD SÄCKINGEN GMBH;kurmittelh,säcking;D;Deutschland;;0
10875;Neuenhauser Kompressorenbau GmbH;neuenhauser kompr. neuenhaus;D;Deutschland;08 Kompressoren;0
10876;Schmidt Mess- und Regeltechnik;schmidt spiesheim;D;Deutschland;30 Händler;0
10877;Perkin Elmer Optoelectronics;perkin wiesbaden;D;Deutschland;;0
10878;Hans Erwin Gloss;gloss;D;Deutschland;;0
10879;TMH Technik- und Motorenservice Holm GmbH & Co.;tmh holm;D;Deutschland;;0
10880;R + S Holzprodukte GmbH & Co. Schnittholz OHG;r+s burgbernh.;D;Deutschland;;0
10881;DE MORA Industry & Ship Spare Parts;de mora hamburg;D;Deutschland;31 Ersatzteilhändler Schiffbau;0
10882;Caterpillar Energy Solutions GmbH;mwm mannheim;D;Deutschland;01 Motoren;0
10883;Emil Kreiskott GmbH Maschinenfabrik;kreiskott wuppertal;D;Deutschland;33 Ersatzteilhändler S/I;0
10884;EUROPACIFIC IMPORT-EXPORT GMBH;europac. frankfurt;D;Deutschland;32 Ersatzteilhändler Industrie;0
10885;Wepuko Hydraulik GmbH & Co. KG;wepuko metzingen;D;Deutschland;10 Hydraulik;0
10886;Environmental Industrial Systems GmbH;eis aachen;D;Deutschland;40 Kleinbetriebe;0
10887;Wallstein Ingenieur GmbH (WIG) & Wallstein Service GmbH (WSG);wallstein,reckling.;D;Deutschland;12 Automatisierungstechnik;0
10888;Fritz Bentzinger Elektrogroßhandlung;bentzinger,mannheim;D;Deutschland;;0
10891;GeKaKonus GmbH;konus karlsruhe;D;Deutschland;08 Kompressoren;0
10891A;GeKaKonus Energie- und Umwelttechnik GmbH & Co.KG;konus a karlsruhe;D;Deutschland;;0
10891L;Siempelkamp Nukleartechnik GmbH Bestimmt f. GeKaKonus Nr.;siempelk l dresden;D;Deutschland;;0
10892;Klaus Fischer Meß-und Regeltechnik GmbH;fischer bad salzufl;D;Deutschland;12 Automatisierungstechnik;0
10893;Z & A RADEBERG;radeberg radeberg;D;Deutschland;;0
10894;MESSNER Versorgungstechnik GmbH Heizung-Sanitär-Lüftung-Elektro;messner weida;D;Deutschland;;0
10895;Josef Braun GmbH & Co.KG Schiffswerft;braun speyer;D;Deutschland;31 Ersatzteilhändler Schiffbau;0
10896;bauer druck köln KG;bauer köln;D;Deutschland;;0
10897;Peene-Werft GmbH & Co. KG;peene werft wolgast;D;Deutschland;31 Ersatzteilhändler Schiffbau;0
10898;Schiffswerft Jöhnk GmbH;jöhnk hamburg;D;Deutschland;;0
10899;Amann Druckguß GmbH & Co.KG;amann massenbachh.;D;Deutschland;;0
10900;iKL Anlagentechnik;ikl Haan;D;Deutschland;;0
10901;KREMP-WETZLAR Präzisionszahnräder;kremp wetzlar;D;Deutschland;40 Kleinbetriebe;0
10902;GEA Westfalia Separator Siehe KD-Nr. 10711;westfalia  production oelde;D;Deutschland;;0
10903;Daimler  AG;daimler berlin;D;Deutschland;05 Prüfstände;0
10904;Rheinelektra Technik GmbH HNL Süd;rheinelek aalen;D;Deutschland;;0
10905;Janssen Schiffservice GmbH;janssen kerken;D;Deutschland;;0
10906;ROSTOCK DIESEL SERVICE GmbH;rds rostock;D;Deutschland;01 Motoren;0
10907;UMATEC GmbH;umatec;D;Deutschland;;0
10908;KEX Handelskontor GmbH;kex bremen;D;Deutschland;;0
10909;ESR Reiner Müller;esr gera;D;Deutschland;;0
10910;STP Elektronische Systeme GmbH Abteilung Fibu;stp sindelfingen;D;Deutschland;;0
10910A;STP Elektronische Systeme GmbH;stp a  sindelfingen;D;Deutschland;;0
10910L;STP Elektronische Systeme GmbH Warenannahme Tor 4(IBM Straße);stp l sindelfingen;D;Deutschland;;0
10911;Classen Apparatebau Wiesloch GmbH Biermann-Wärmetechnik;classen wiesloch;D;Deutschland;;0
10912;Drews Marine GmbH Schiffsklimatechnik;drews mar, hamburg;D;Deutschland;03 Schiffbau (Systeme);0
10913;Läpple GmbH & Co. Bayern Blechverarbeitung;läpple teublitz;D;Deutschland;25 Allgemeiner Anlagenbau;0
10914;KSS-ODIN General Shipsupplier GmbH;kss-odin bremerh.;D;Deutschland;;0
10915;BGH Edelstahl Lippendorf GmbH;bgh neukieritsch;D;Deutschland;30 Händler;0
10916;Liebherr Components Kirchdorf GmbH;liebherr kirchdorf;D;Deutschland;10 Hydraulik;0
10917;Heinrich Hecker KG;hecker warstein;D;Deutschland;;0
10918;Parker Hannifin GmbH FluidConnectors;parker bielefeld;D;Deutschland;12 Automatisierungstechnik;0
10919;KRACHT Systemtechnik GmbH;kracht plettenberg;D;Deutschland;03 Schiffbau (Systeme);0
10920;Thomas Mertin Elektrotechnik;mertin bad herren.;D;Deutschland;;0
10921;Wap Reinigungssysteme GmbH & Co;wap bellenberg;D;Deutschland;;0
10922;Vötsch Industrietechnik Umweltsimulation;vötsch balingen;D;Deutschland;05 Prüfstände;0
10923;PerkinElmer Optoelectronics GmbH;perkinelmer wiesba.;D;Deutschland;;0
10924;J.H.K. Anlagenbau und Service GmbH & Co. KG;j.h.k. bremerhaven;D;Deutschland;33 Ersatzteilhändler S/I;0
10925;Likk Industrieanlagen Vertriebs GmbH;likk sarstedt;D;Deutschland;;0
10926;Industrie-Service Rupprecht & Co. OHG;industrie linseng.;D;Deutschland;;0
10927;straschu Rostock Elektro-Vertriebs GmbH;straschu rostock;D;Deutschland;31 Ersatzteilhändler Schiffbau;0
10928;Allweiler GmbH;allweiler radolfz;D;Deutschland;07 Pumpen;0
10929;German Dry Docks Aktiengesellschaft;german dry bremerhaven;D;Deutschland;26 Erneuerbare Energien;0
10930;Deutsches Zentrum für Luft- und Raumfahrt e.V;dlr köln;D;Deutschland;40 Kleinbetriebe;0
10931;Brunhold Elektrotechnik;brunold wangen;D;Deutschland;;0
10932;ZEPPELIN Mobile Systeme;zeppelin friedr.;D;Deutschland;;0
10933;TECIMPEX;tecimpex gelsenk.;D;Deutschland;;0
10934;MWB Motoren & Anlagen GmbH & Co. Marinetechnik KG;mwb siehe 10929;D;Deutschland;;0
10935;Schleicher Medizintechnischer Ser;schleicher gera;D;Deutschland;;0
10936;Imcomex GmbH;imcomex achim;D;Deutschland;;0
10937;GMG International Trading Company;gmg lennestadt;D;Deutschland;;0
10938;C.u. W. Keller GmbH & Co. KG Zahnräder- und Getriebebau;keller troisdorf;D;Deutschland;11 Getriebe;0
10939;KSJ GmbH Klima Service Jork;ksj  neu wulmstorf;D;Deutschland;06 Klimatechnik;0
10940;MARINEX Handelsgesellschaft Marine Diesel Consulting;marinex norderstedt;D;Deutschland;;0
10941;KRON-CIS GmbH;kron-cis  buxdehude;D;Deutschland;30 Händler;0
10942;G & S Brandschutz GmbH;g&s brandsch mogen;D;Deutschland;23 Brandschutz;0
10943;Dresser-Rand Turbinen GmbH;dresser bielefeld;D;Deutschland;25 Allgemeiner Anlagenbau;0
10944;Kurbad Egloff Massage u. Krankengymnastik;egloff böblingen;D;Deutschland;;0
10945;Bossert GmbH;bossert geislingen;D;Deutschland;35 Instandhaltung/Wartung;0
10946;i2s Intelligente Sensorsysteme Dresden GmbH;i2s dresden;D;Deutschland;40 Kleinbetriebe;0
10947;Soiltec GmbH;soiltec achim;D;Deutschland;30 Händler;0
10948;ROFIA GmbH Technischer Schiffs-, Werft- und;rofia rostock;D;Deutschland;34 Reederei;0
10949;Alstom Power Systems GmbH;alstom stuttg.;D;Deutschland;;0
10950;Lurgi Zimmer GmbH;lurgi frankfurt;D;Deutschland;25 Allgemeiner Anlagenbau;0
10951;Wasser-und Schiffahrtsamt Hamburg -Bauhof Wedel-;wasser wedel;D;Deutschland;;0
10952;Röhm GmbH;röhm darmstadt;D;Deutschland;;0
10953;Sakthi Germany GMBH;sakthi neunkirchen;D;Deutschland;;0
10954;Jürgen Boesecke GmbH;boesecke deutsch;D;Deutschland;40 Kleinbetriebe;0
10955;Ing.-Ges.Pawelski;ing pawelski gütersloh;D;Deutschland;30 Händler;0
10955L;Progea Deutschland Ing.-Ges. Pawelski;progea l reckling;D;Deutschland;;0
10956;DISPOPACK Vertriebs-GmbH;dispopack düsseld;D;Deutschland;;0
10957;RWTH Werkstoffwissenschafen;rwth aachen;D;Deutschland;40 Kleinbetriebe;0
10958;EKOMAT GmbH;ekomat karben;D;Deutschland;10 Hydraulik;0
10959;Hagemeyer GmbH und Co. KG Bremen;hagemeyer bremen;D;Deutschland;30 Händler;0
10960;Pfadt GmbH Kieswerk - Baustoffe;pfadt leimersheim;D;Deutschland;;0
10961;ABI Maschinenfabrik und Vertriebsgesellschaft mbH;abi niedernberg;D;Deutschland;09 Mobilhydraulik;0
10962;Maritime Elektrotechnik Klaus Peymann;maritime bremen;D;Deutschland;;0
10963;Goldschmidt AG;goldschmidt essen;D;Deutschland;;0
10964;NETZSCH-Feinmahltechnik GmbH;netzsch selb;D;Deutschland;07 Pumpen;0
10965;Elektronik-Service Seib Inh. Karoline Seib;seib alsbach;D;Deutschland;;0
10966;HEAG Verkehrs-GmbH;heag darmstadt;D;Deutschland;;0
10967;Food-Frigo-TGA Kühlanlagen GmbH;food-frigo;D;Deutschland;;0
10968;Badenia Verlag und Druckerei GmbH;badenia karlsruhe;D;Deutschland;;0
10969;Elektro Boehmer GmbH;boehmer holzwi;D;Deutschland;;0
10970;Kvaerner Warnow Werft GmbH;kvaerner rostock;D;Deutschland;;0
10971;HANSA Marine Service GmbH;hansa marine service hamburg;D;Deutschland;33 Ersatzteilhändler S/I;0
10972;TEDIMEX  GmbH;tedimex seevetal;D;Deutschland;31 Ersatzteilhändler Schiffbau;0
10973;SRS Ingenieurbüro für Filtertechnik GmbH;srs halstenbek;D;Deutschland;;0
10974;Siemens AG;siemens hamburg;D;Deutschland;03 Schiffbau (Systeme);0
10975;Wieland-Werke AG Metallwerke;wieland ulm;D;Deutschland;35 Instandhaltung/Wartung;0
10976;Steffen Projekt GmbH;steffen filderstadt;D;Deutschland;;0
10977;Druckluft Huber GmbH;huber karlsruhe;D;Deutschland;08 Kompressoren;0
10978;Ante-Holz GmbH Haus + Garten;ante-holz bromskir;D;Deutschland;;0
10979;G U T mbH;gut friedberg;D;Deutschland;;0
10980;MALI Spezialfahrzeuge GmbH;mali biberach;D;Deutschland;09 Mobilhydraulik;0
10981;Sika Dr. Siebert & Kühn GmbH & Co. KG;sika kaufungen;D;Deutschland;12 Automatisierungstechnik;0
10982;INGAM Ing.Adolf Müller GmbH;ingam münchen;D;Deutschland;;0
10983;FTH, Fredenbecker Technik & Handels GmbH;fredenbecker  stade;D;Deutschland;34 Reederei;0
10984;STN ATLAS Marine Electronics GmbH;stn bremerhaven;D;Deutschland;;0
10985;Siemens Mobility GmbH A&D LD;siemens nürnberg;D;Deutschland;00 Bahn;1
10986;HIT Hydraulik-und Industrietechnik GmbH;hit rostock;D;Deutschland;33 Ersatzteilhändler S/I;0
10987;Diehl  Defence GmbH & Co. KG;diehl überlingen;D;Deutschland;25 Allgemeiner Anlagenbau;0
10988;Micromat Spannhydraulik GmbH;micromat renningen;D;Deutschland;10 Hydraulik;0
10989;H. Schumann GmbH;schumann Gustavsb.;D;Deutschland;01 Motoren;0
10990;DELU AG;delu dorsten;D;Deutschland;;0
10991;Volkswagen AG;volkswagen wolfsburg;D;Deutschland;05 Prüfstände;0
10992;DSD GmbH Unternemensbr. Lufttechnik;dsd st.ingbert;D;Deutschland;;0
10993;Georg Fischer Automobilguss GmbH;fischer singen;D;Deutschland;;0
10994;Hyfra-Industriekühlanlagen GmbH;hyfra-pedia krunkel;D;Deutschland;06 Klimatechnik;0
10995;UZIN UTZ AG;uzin ulm;D;Deutschland;;0
10996;Elektro Klassen;klassen longuich;D;Deutschland;;0
10997;Schiffsversorgung Rostock GmbH SVR;svr rostock;D;Deutschland;31 Ersatzteilhändler Schiffbau;0
10998;L&R Kältetechnik GmbH & Co. KG;l&r sundern/sauerl.;D;Deutschland;06 Klimatechnik;0
10999;Scientific Electronic GmbH;scientic. schleswig;D;Deutschland;;0
11000;EUREX Industrial Supply + Service GmbH;eurex reichenbach;D;Deutschland;;0
11001;Hamacher Elektronik GmbH;hamacher mechernich;D;Deutschland;30 Händler;0
11002;TETRACO Technical Trading GmbH;tetraco norderste;D;Deutschland;30 Händler;0
11003;Schwietzke Armaturen GmbH;schwietzke köln;D;Deutschland;25 Allgemeiner Anlagenbau;0
11004;ELDO GmbH;eldo griesheim;D;Deutschland;04 Gasdichte (SF6);0
11005;Lips PropTech Propulsion Technologien GmbH;lips hamburg;D;Deutschland;;0
11006;Pfreundt GmbH;pfreundt südlohn;D;Deutschland;09 Mobilhydraulik;0
11007;Paul Jhde KG Fachgroßhandel f. Haustechnik;jhde lübeck;D;Deutschland;;0
11008;OMNICAL GmbH;omnical dietzhöl;D;Deutschland;;0
11009;Omnical GmbH Marine Boilers NL Kiel;omnical kiel;D;Deutschland;03 Schiffbau (Systeme);0
11010;SCHUSTER TRADING GMBH;schuster bremen;D;Deutschland;;0
11011;AMCO GmbH;amco weißensberg;D;Deutschland;;0
11012;URACA Pumpenfabrik GmbH + Co.KG;uraca bad urach;D;Deutschland;07 Pumpen;0
11013;Degussa AG;degussa marl;D;Deutschland;;0
11013A;Degussa GmbH Gebäude 7101/17;degussar a marl;D;Deutschland;;0
11013L;Degussa AG GB CR, Werk Lülsdorf;degussa l niederkas;D;Deutschland;;0
11014;FE ENGINEERING GMBH;fe engin. hamburg;D;Deutschland;;0
11015;TWR SCHIFFSSERVICE GmbH;twr raisdorf;D;Deutschland;;0
11016;Neubauer GmbH Lagertechnik Chemnitz;neubauer chemnitz;D;Deutschland;;0
11017;Rütgers Kältetechnik GmbH & Co.KG;rütgers mannheim;D;Deutschland;06 Klimatechnik;0
11018;KFE-management GmBh;pme sasbach;D;Deutschland;;0
11019;Michelin Reifenwerke KGaA;michelin karlsruhe;D;Deutschland;;0
11021;SAUER KONSERVEN FABRIK FRITZ SCHLECHT;schlecht filderst;D;Deutschland;;0
11022;T.R.A. Industriebedarf e.K.;t.r.a. rosenheim;D;Deutschland;;0
11023;Dipl. Ing. Jürgen Reiser Industrievertretungen;reiser fürth;D;Deutschland;;0
11024;Thomsen & Co. GmbH Engine Spares + Services Bremen;thomsen  bremen;D;Deutschland;31 Ersatzteilhändler Schiffbau;0
11025;LK Metallwaren GmbH;lk schwabach;D;Deutschland;16 Wasseranwendungen;0
11026;Rübo - Gas GmbH;rübogas kleve;D;Deutschland;;0
11027;BUSSE Industrietechnik GmbH;busse gladbeck;D;Deutschland;30 Händler;0
11028;Rolls-Royce Marine Deutschland GmbH;rolls-royce hamburg;D;Deutschland;03 Schiffbau (Systeme);0
11029;Vetter Apperatebau GmbH;vetter königsbach-;D;Deutschland;;0
11030;Peter Krumbein TRAFAG VR Nord;krumbein;D;Deutschland;;0
11031;Gottlob Auwärter GmbH & Co. KG;auwärter stuttg.;D;Deutschland;;0
11032;KANZAN Spezialpapiere GmbH;kanzan düren;D;Deutschland;35 Instandhaltung/Wartung;0
11033;Bundesamt für Seeschiffahrt und Hydrographie;bsh hamburg;D;Deutschland;40 Kleinbetriebe;0
11034;BAOSTEEL GmbH Trading Europe GmbH;baostell hamburg;D;Deutschland;;0
11035;TECE GmbH;tece emsdetten;D;Deutschland;16 Wasseranwendungen;0
11036;SSW PearlFoam GmbH;sswpearlfoam(fagerdala) ohrdruf;D;Deutschland;25 Allgemeiner Anlagenbau;0
11037;CEF Elektrofachgroßhandlung Nord GmbH,Gruppenbüro Remscheid;cef remscheid;D;Deutschland;;0
11037A;CEF Elektrofachgroßhandlung Nord GmbH;cef a  delmenhorst;D;Deutschland;;0
11038;BASF Pigment GmbH;basf pigment köln;D;Deutschland;;0
11039;Horst Kutter GmbH Ingenieur Büro;kutter hamburg;D;Deutschland;33 Ersatzteilhändler S/I;0
11040;VS Technical Supplies GmbH;vs technical hamb;D;Deutschland;;0
11041;DB Reise&Touristik AG Buchende Stelle PT-NO-F 2;db berlin;D;Deutschland;;0
11041A;DB Reise&Touristik Reg. Nord-Ost, Segment 3;db a berlin;D;Deutschland;;0
11042;Welzhofer & Grünauer GmbH Heizung-Lüftung-Kältetechnik;welzhofer roßtal;D;Deutschland;06 Klimatechnik;0
11043;Havazy Spares (Europe) GmbH;havazy hamburg;D;Deutschland;31 Ersatzteilhändler Schiffbau;0
11044;Marine Shipstores D. Medri GmbH;marineShipstores hh;D;Deutschland;31 Ersatzteilhändler Schiffbau;0
11045;Huber Elektro Sanitär Kälte Klima;huber münchsteinach;D;Deutschland;32 Ersatzteilhändler Industrie;0
11046;Siept van Brethorst KG;siept emden;D;Deutschland;31 Ersatzteilhändler Schiffbau;0
11047;Prinovis GmbH & Co. KG Betrieb Hamburg;prinovis hamburg;D;Deutschland;;0
11048;Wasserschutzpolizeidirektion Bremen;wasserschutz bremen;D;Deutschland;;0
11049;Günter Steidle-Emden Elektro-Technik;steidle aalen;D;Deutschland;;0
11050;WR Wolfgang Reichle GmbH Reparatur-Umbau-Wartung;reichle wörishofen;D;Deutschland;35 Instandhaltung/Wartung;0
11051;GEP Umwelttechnik GmbH;gep eitorf;D;Deutschland;16 Wasseranwendungen;0
11052;Schneider GmbH Elektrogroßhandel;schneider duisburg;D;Deutschland;;0
11053;HOSOKAWA ALPINE Aktiengesellschaft & Co. OHG;alpine augsburg;D;Deutschland;;0
11054;MALI Bodensee Steuergeraete GmbH;mali friedrichshafen;D;Deutschland;01 Motoren;0
11055;Siemens AG ATD TD BRM;siemens bremen;D;Deutschland;;0
11056;DKS Kaufmann Schaltanlagen;Kaufmann Hennef;D;Deutschland;;0
11057;PASSAT Wäschereisysteme GmbH;passat steinheim;D;Deutschland;;0
11058;ETG J. Fröschl Landshut;etg fröschl landsh;D;Deutschland;;0
11059;Starkstrom-Gerätebau GmbH;starkstrom regensb.;D;Deutschland;25 Allgemeiner Anlagenbau;0
11060;Stora Enso Sachsen GmbH;stora eilenburg;D;Deutschland;;0
11061;R. Baus Antriebs-und Energieservice;baus goarshausen;D;Deutschland;;0
11062;EKVSchmidt Elektro Komponenten Vertrieb;ekvschmidt;D;Deutschland;;0
11063;Harry Ermisch Service Technik;ermisch rastede;D;Deutschland;;0
11064;DEUTZ AG Service-Stützpunkt-Regensburg;deutz regensburg;D;Deutschland;;0
11065;Seidel GmbH & Co.;seidel marburg;D;Deutschland;21 Lebensmittelindustrie;0
11066;Deutsche Bahn AG Fahrzeuginstandhaltung;db hannover;D;Deutschland;;0
11066A;DB Fahrzeuginstandhaltung GmbH Einkauf - TET1 -;db a berlin;D;Deutschland;;0
11067;Herrhammer GmbH;herrhammer ochsenf;D;Deutschland;25 Allgemeiner Anlagenbau;0
11068;Hartmann Elektrotechnik GmbH;hartmann hamburg;D;Deutschland;;0
11069;Aufdemkamp GmbH Elektrofachgroßhandel;aufdemkamp lippst;D;Deutschland;;0
11070;Belimed Deutschland GmbH;belimed köln;D;Deutschland;;0
11071;SHIP CONSULT Jörg Osterloh;ship wüsting;D;Deutschland;;0
11072;Gebr. Fassmer GmbH & Co. KG Schiffs-und Bootswerft;fassmer gebr.berne;D;Deutschland;;0
11073;Universtität Kaiserslautern;uni kaiserlautern;D;Deutschland;;0
11074;SBS Schiffstechnik GmbH & Co. KG;sbs hamburg;D;Deutschland;31 Ersatzteilhändler Schiffbau;0
11075;Autohaus Leo Früh GmbH Vertretung der Mercedes-Benz AG;leo früh baden-bad;D;Deutschland;;0
11076;Burda Services GmbH;burda offenburg;D;Deutschland;;0
11076A;Burda Service GmbH;burda a offenburg;D;Deutschland;;0
11076L;Burda Druck GmbH Zentaler Wareneingang;burda l offenburg;D;Deutschland;;0
11077;Heizrohr Produktions GmbH;heizrohr ratingen;D;Deutschland;;0
11078;i2s Intelligente Sensorsysteme Dresden GmbH;i2s dresden;D;Deutschland;40 Kleinbetriebe;0
11079;Laserline GmbH;laserline mülheim;D;Deutschland;40 Kleinbetriebe;0
11080;BP Schmierstoff GmbH;bp hamburg;D;Deutschland;;0
11081;Tyco Electronics Raychem GmbH;tyco raych ottobru;D;Deutschland;;0
11084;GL- Hydraulik GmbH;gl hydraulik aachen;D;Deutschland;10 Hydraulik;0
11085;DB Regionalbahn/Rhein-Ruhr GmbH Deutsche Bahn Gruppe;db essen;D;Deutschland;;0
11086;Loher Aktiengesellschaft;loher ruhstorf;D;Deutschland;;0
11087;HSC Energietechnik GmbH;hsc coburg;D;Deutschland;16 Wasseranwendungen;0
11088;G. Siempelkamp GmbH & Co. Maschinen- und Anlagebau;siempelkamp krefeld;D;Deutschland;25 Allgemeiner Anlagenbau;0
11089;Celanese Chemicals Europe GmbH Accounts Payable;celanese kronberg;D;Deutschland;;0
11089A;Celanese Chemicals Europe GmbH Werk Ruhrchemie,Materialw.EK;celanese a oberhaus;D;Deutschland;;0
11089L;Celanese Chemicals Europe GmbH Werk Hoechst, Straßenfahrzeuge;celanese l frankf;D;Deutschland;;0
11090;Uni Siegen / FB Masch.-Technik Institut f. Fluid u. Thermdynamik;uni siegen;D;Deutschland;;0
11091;MRCE GmbH;mrce münchen;D;Deutschland;00 Bahn;1
11092;SCHÖMA Christoph Schöttler Maschinenfabrik GmbH;schöma diepholz;D;Deutschland;00 Bahn;1
11093;K U R T Vertrieb & Handel;kurt bochum;D;Deutschland;;0
11094;Fritz Barthel Armaturen GmbH & Co. KG;barthel hamburg;D;Deutschland;31 Ersatzteilhändler Schiffbau;0
11095;NOELL KONECRANES GMBH;noell langenhagen;D;Deutschland;;0
11096;Alphamartrading GmbH;alphamartrading hamburg;D;Deutschland;;0
11097;DESTEC Diesel Engine Spares & Technical Trading GmbH;destec hamburg;D;Deutschland;31 Ersatzteilhändler Schiffbau;0
11098;Schiele Automation und Umwelttechnik Hornberg GmbH;schiele hornberg;D;Deutschland;12 Automatisierungstechnik;0
11099;Scheven Bürotechnik KG;scheven Lohfelden;D;Deutschland;;0
11100;Gebr. Rademacher GmbH Elektronik - Elektromaschinenbau;rademacher hamburg;D;Deutschland;;0
11101;Simu Tech GmbH Gesellschaft für Fahrsimulation;simu bremen;D;Deutschland;40 Kleinbetriebe;0
11102;Alexander Mai Import - Export;mai aschaffenb.;D;Deutschland;;0
11103;Stahl Elektro Oberhausen;stahl oberhausen;D;Deutschland;;0
11104;HTI Feldtmann KG Fachgroßhandel f. Haustechnik;hti hamburg;D;Deutschland;;0
11105;IBH-Antriebstechnik GmbH;ibh lübeck;D;Deutschland;;0
11106;BSN Glasspack GmbH & Co. KG;bsn achern;D;Deutschland;;0
11108;Feng-Südkamp Deutsch-Chinesisches Büro f.Industrie-u.Handelskontakt;feng stahnsdorf;D;Deutschland;;0
11109;MAGNA Powertrain Bad Homburg GmbH;Magna Powertrain;D;Deutschland;11 Getriebe;0
11110;DCM  GmbH Elektro-Fachgroßhandel;dcm hamburg;D;Deutschland;30 Händler;0
11111;Stadtwerke Heidenheim Aktiengesellschaft;stadtwerke heidenh.;D;Deutschland;;0
11112;Drumag GmbH Fluidtechnik;drumag bad säckin.;D;Deutschland;10 Hydraulik;0
11113;AIR LIQUIDE Electronics GmbH;air liquide düsseld.;D;Deutschland;52 Wasserstoffanwendungen;0
11114;INMATEC Industrie.-u. Marinetechnik GmbH;inmatec st.goar;D;Deutschland;;0
11115;Behr Industrietechnik GmbH & Co. Niederlassung Frankfurt;behr frankfurt;D;Deutschland;05 rw Railways / Bahntechnik;1
11116;Max-Planck-Institut f. Chemie Abt. Mechanische Werkstatt;max-planck mainz;D;Deutschland;;0
11117;Baufeld-Oel GmbH;baufeld münchen;D;Deutschland;;0
11119;Hussmann & Hahn GmbH & Co. The Fish Company;hussmann cuxhaven;D;Deutschland;;0
11120;EMTEC Elektr.-Meßtechnik GmbH;emtec friedrichsh.;D;Deutschland;;0
11121;Hafner-Muschler GmbH & Co. KG Kälte- und Klimatechnik;muschler filderst.;D;Deutschland;06 Klimatechnik;0
11122;TFT Handelsges.f. Textilien u. Textilmaschinen mbH;tft langen;D;Deutschland;;0
11123;BMH Claudius Peters GmbH;bmh buxtehude;D;Deutschland;;0
11124;Walter Betz GmbH Elektromeisterbetrieb;betz radevormwald;D;Deutschland;;0
11125;JK Pneumatik GmbH Steuerungsbau;jk urmitz;D;Deutschland;08 Kompressoren;0
11126;SIE SAKA IKUYE ENGINEERING;ikuye engin. Krummh;D;Deutschland;;0
11127;V.I.T. Systemtechnik GmbH;v.i.t. gerlingen;D;Deutschland;12 Automatisierungstechnik;0
11128;ZL Zementwerk Lübeck;zl lübeck;D;Deutschland;;0
11129;Gasmotorentechnik Thomas Weber;weber altrip;D;Deutschland;01 Motoren;0
11130;Freudenberg Service KG Industrietechnik;freudenberg Weinh.;D;Deutschland;;0
11131;August  siehe 10345 Technologie u. Service;storm  Nr. 10345;D;Deutschland;;0
11132;Universelle Engineering U.N.I;universelle schwarz.;D;Deutschland;;0
11133;Nordmilch Werk Strückhausen;nordmilch strückh.;D;Deutschland;;0
11134;Neue Materialien Fürth GmbH;neue mater. fürth;D;Deutschland;12 Automatisierungstechnik;0
11135;DEUTA-WERKE GmbH;deuta bergisch glad.;D;Deutschland;00 Bahn;1
11136;Bodycote Wärmebehandlung GmbH Metal Technology;bodycote ebersbach;D;Deutschland;12 Automatisierungstechnik;0
11137;NORIS Automation GmbH;noris automat nbg;D;Deutschland;03 Schiffbau (Systeme);0
11138;EnviroDTS GmbH;dts friedberg;D;Deutschland;16 Wasseranwendungen;0
11139;Wolfgang Preinfalk GmbH;preinfalk sulzbach;D;Deutschland;;0
11140;Volvo Penta Central Europe GmbH;volvo kiel;D;Deutschland;;0
11141;H.G. RIDDER Automatisierungs-GmbH;ridder hamm;D;Deutschland;12 Automatisierungstechnik;0
11142;KME Germany AG;km osnabrück;D;Deutschland;;0
11143;Walter Kluxen GmbH Fachgrosshandel;kluxen hamburg;D;Deutschland;31 Ersatzteilhändler Schiffbau;0
11144;Wärtsilä Deutschland GmbH;wärtsilä hamburg;D;Deutschland;03 Schiffbau (Systeme);0
11145;Gasbetankung Anlagen Systeme GmbH i. G.;gas biberach;D;Deutschland;;0
11146;Sibold GmbH rex-royal Kaffeemaschinen;sibold rheinfelden;D;Deutschland;;0
11147;GEP Industrie-Systeme GmbH;gep zwönitz;D;Deutschland;16 Wasseranwendungen;0
11148;ABB AG;abb bad honnef;D;Deutschland;25 Allgemeiner Anlagenbau;0
11149;Wehrtechnische Dienststelle für Schiffe und Marinewaffen;wehrtechn. eckenfö.;D;Deutschland;40 Kleinbetriebe;0
11150;Bellmer Lang Steam & Condensate Systems GmbH;lang  eschborn;D;Deutschland;06 Klimatechnik;0
11151;Schiffsmotoren- und Turboladeservice;mwa kiel;D;Deutschland;35 Instandhaltung/Wartung;0
11152;WDD Wolfgang Dinger;dinger dresden;D;Deutschland;06 Klimatechnik;0
11154;MWB Motorenwerke Wilhelmshaven GmbH & Co. KG;mwb wilhelmshaven;D;Deutschland;31 Ersatzteilhändler Schiffbau;0
11155;Germina Im-& Export Industrieservice;germina lilienthal;D;Deutschland;;0
11156;GE Power AG APG/FSS3;ge power mannheim;D;Deutschland;04 Gasdichte (SF6);0
11157;Theisinger Elektrotechnik;theisinger lengenf.;D;Deutschland;;0
11158;Lurgi Life Science GmbH mg engineering;lurgi life chemnitz;D;Deutschland;;0
11159;Standard Industries GmbH;standard düsseldorf;D;Deutschland;;0
11160;ALTHA Industrieprodukte Vertirebs GmbH;altha untermeitin;D;Deutschland;30 Händler;0
11161;KTB Import-Export Handelsgesellschaft mbH &Co.KG;ktb hamburg;D;Deutschland;30 Händler;0
11162;Eltosch Grafix GmbH Niederlassung Stuttgart;eltosch grafix stuttgart;D;Deutschland;25 Allgemeiner Anlagenbau;0
11162A;GRAFIX GmbH;grafix a unterlüß;D;Deutschland;;0
11162L;GRAFIX GmbH;grafix l unterlüß;D;Deutschland;;0
11163;Wilhelm Kiwall KG Import-Export;kiwall hamburg;D;Deutschland;;0
11164;NIPPON Diesel Service GmbH;nippon hamburg;D;Deutschland;31 Ersatzteilhändler Schiffbau;0
11165;THEIL Automation;theil elsdorf;D;Deutschland;;0
11166;MMS Marine Motor Service GmbH;mms wenzendorf;D;Deutschland;31 Ersatzteilhändler Schiffbau;0
11167;INTERTEC INDUSTRIE SERVICE GMBH;intertec hamburg;D;Deutschland;;0
11168;JUCHHEIM SOLINGEN GmbH & Co. Kommanditgesellschaft;juchheim solingen;D;Deutschland;12 Automatisierungstechnik;0
11169;Constellium Extrusions Landau GmbH;constellium landau;D;Deutschland;40 Kleinbetriebe;0
11170;VEM Sachsenwerk GmbH;vem dresden;D;Deutschland;;0
11171;J. Findler & Sohn Elektrotechnik GmbH;findler münchen;D;Deutschland;01 Motoren;0
11172;HOCHDRUCK- und SONDERHYDRAULIK LEIPZIG GmbH;hsl leipzig;D;Deutschland;10 Hydraulik;0
11173;H&F Industry Data GmbH;h&f kavelstorf;D;Deutschland;;0
11174;MAX-PLANCK-INSTITUT für Biogeochemie;max-planck jena;D;Deutschland;25 Allgemeiner Anlagenbau;0
11175;Linde Gas Produktionsges. mbH & Co. KG;linde pullach;D;Deutschland;52 Wasserstoffanwendungen;0
11176;HK HYDRAULIK-KONTOR GmbH;hk hydrau unterbr.;D;Deutschland;10 Hydraulik;0
11177;INTER CONTROL Hermann Köhler Elektrik GmbH & Co. KG;intercon. nürnberg;D;Deutschland;09 Mobilhydraulik;0
11178;CHEN;chen hamburg;D;Deutschland;;0
11179;LIBRA TRADING;libra  bremen;D;Deutschland;31 Ersatzteilhändler Schiffbau;0
11180;LEIPA Georg Leinfelder GmbH;leipa schwedt;D;Deutschland;40 Kleinbetriebe;0
11181;Continental Teves AG & Co.OHG;continental frankf;D;Deutschland;;0
11181L;swb Egenta GmbH Logistikzentrum;swb l bremen;D;Deutschland;;0
11183;Harter TCT GmbH;harter offenburg;D;Deutschland;;0
11184;Bernd Herzog Steuerungstechnik GmbH;herzog Zeestow;D;Deutschland;;0
11185;Ziesenhenne & Appel GmbH & Co. KG Elektro Techn. Großhandel;z & a erlangen;D;Deutschland;;0
11186;Th. Niehues GmbH Hydraulik - Automation;niehues senden;D;Deutschland;30 Händler;0
11187;ZOLLERN GmbH & Co. KG;zollern herbertingen;D;Deutschland;25 Allgemeiner Anlagenbau;0
11188;Schaltanlagenbau Hocke GmbH;hocke dresden;D;Deutschland;06 Klimatechnik;0
11189;S-Bahn München GmbH c/o DB Regio AG, PFZ 2;s-bahn erfurt;D;Deutschland;;0
11191;INSTANT Ship's Service & Trading;instant seevetal;D;Deutschland;;0
11192;ALLSTAR Ship Supply D.v. Dombrowski;dombrowski tornesch;D;Deutschland;;0
11193;Vossloh Locomotives GmbH;vossloh kiel;D;Deutschland;00 Bahn;1
11194;Demag Delaval Industrieturbinen GmbH (DDIT);demag  essen;D;Deutschland;;0
11195;Volkswagen AG;volkswagen salzgitter;D;Deutschland;05 Prüfstände;0
11196;EmBeWe GmbH Automatisierungstechnik;embewe  münstere;D;Deutschland;12 Automatisierungstechnik;0
11197;Mars Arsenalbetr. Kiel Außenstelle Olpenitz;mars kappeln;D;Deutschland;;0
11198;Bombardier Transportation GmbH;bombardier mannheim;D;Deutschland;00 Bahn;1
11199;Bosch Rexroth AG Büro Berlin;bosch rexr. berlin;D;Deutschland;;0
11200;Windsor Kunststofftechnologie GmbH;windsor hanau;D;Deutschland;12 Automatisierungstechnik;0
11201;Sächsisch-Bayerische Starkstrom-Gerätebau GmbH;sgb neumark;D;Deutschland;20 Energietechnik;0
11202;Siemens AG I&S IS HSE11;siemens schacht;D;Deutschland;;0
11203;DMS Marine Service GmbH;dms hamburg;D;Deutschland;31 Ersatzteilhändler Schiffbau;0
11204;KC Kim Consulting GmbH;kc kim isernhagen;D;Deutschland;31 Ersatzteilhändler Schiffbau;0
11205;Borkumer Kleinbahn und Dampfschiffahrt Ges. mbH;borkumer borkum;D;Deutschland;40 Kleinbetriebe;0
11206;Deutsche Bahn AG Fahrzeuginstandhaltung;db chemnitz;D;Deutschland;;0
11206A;Deutsche Bahn AG Einkauf Fahrzeugteile, TET 54;db a münche;D;Deutschland;;0
11207;DECKMA GmbH Deckmasch.u.Automation Vertriebs;deckma rosengarten;D;Deutschland;34 Reederei;0
11208;Liebherr-Aerospace Lindenberg GmbH;liebherr lindenb.;D;Deutschland;29 Drehmomentanwendungen;0
11209;Lenser Anwendungstechnische Gesellschaft mbH;lenser senden;D;Deutschland;;0
11210;Papierfabrik Palm GmbH & Co. KG;palm aalen;D;Deutschland;17 Verpackungsanlagen;0
11211;Deutsches Zentrum für Luft- und Raumfahrt;dlr stuttgart;D;Deutschland;40 Kleinbetriebe;0
11212;Freudenberg Technische Ausrüstung GmbH;freudenberg haselau;D;Deutschland;30 Händler;0
11213;Wasserschutzpolizeidirektion Mecklenburg-Vorpommern;wasserschu rostock;D;Deutschland;;0
11214;DEUTSCHE NICKEL GMBH;deutsche schwerte;D;Deutschland;;0
11215;compact Kältetechnik GmbH;compact dresden;D;Deutschland;06 Klimatechnik;0
11216;MOTORADTECHNIK DIERKS Kawasaki Vertragshändler;dierks ritterhude;D;Deutschland;;0
11217;Porzellanfabrik Weiden Gebr. Bauscher;bauscher weiden;D;Deutschland;;0
11218;ABB Automation GmbH;abb mannheim;D;Deutschland;04 Gasdichte (SF6);0
11219;Lexel Electric GmbH;lexel sondershausen;D;Deutschland;;0
11220;Kras GmbH;kras langenhagen;D;Deutschland;32 Ersatzteilhändler Industrie;0
11221;Keiper GmbH & Co.;keiper remscheid;D;Deutschland;;0
11221A;Keiper GmbH & Co.;keiper a  kaisersl.;D;Deutschland;;0
11222;Fahrner Bauunternehmen GmbH;fahrner mallersd.;D;Deutschland;;0
11223;Manfred Manig Landmaschinen;manig drößig;D;Deutschland;;0
11224;IDE GmbH;ide raunheim;D;Deutschland;12 Automatisierungstechnik;0
11225;WMF AG;wmf geislingen;D;Deutschland;12 Automatisierungstechnik;0
11226;UNITEC-D HIGH-TECH- INDUSTIEPRODUKTE-VERTRIEBS GMBH;unitec gersthofen;D;Deutschland;30 Händler;0
11227;Airbus Operations GmbH;airbus varel;D;Deutschland;;0
11228;Kaiser Hydraulik Vertriebs GmbH Niederlassung Düren;kaiser köln;D;Deutschland;;0
11228A;Kaiser Hydraulik Vertriebs GmbH;kaiser a köln;D;Deutschland;;0
11228L;Kaiser Vertriebs GmbH Warenannahme;kaiser l düren;D;Deutschland;;0
11229;Penke, Reinward & Co. GmbH Ingenieurbüro für Verfahrenstech.;penke horn-bad;D;Deutschland;30 Händler;0
11230;Vogt electronic FUBA GmbH;vogt gittelde;D;Deutschland;;0
11231;BFSV e.V. / Institut für BFSV Beratung Forschung Systemplanung;bfsv hamburg;D;Deutschland;;0
11232;KEMAN BAU Andreae GmbH & Co. KG;kemna hamburg;D;Deutschland;;0
11233;Lang und Peitler Automation GmbH;lang wittenberg;D;Deutschland;;0
11234;BD Sensors GmbH;bd thierstein;D;Deutschland;30 Händler;0
11235;Schokinag-Schokolade Industrie Herrmann GmbH & Co. KG;schokinag mannheim;D;Deutschland;;0
11236;ZE Ziegler Engineering;ziegler reutlingen;D;Deutschland;;0
11237;Bachner Elektro GmbH & Co. KG;bachner mainburg;D;Deutschland;;0
11238;m-tech gmbh;mtech forchtenberg;D;Deutschland;10 Hydraulik;0
11239;TTH TRANS TECH HANDELS-GMBH;tth bremen;D;Deutschland;32 Ersatzteilhändler Industrie;0
11240;HVAC GmbH;HVAC GmbH;D;Deutschland;06 Klimatechnik;0
11241;BREWABA Wasserbaugesellschaft Bremen mbh;brewaba bremen;D;Deutschland;;0
11242;BOLL & KIRCH Filterbau GmbH;boll  kerpen;D;Deutschland;22 Filtertechnik;0
11243;NOPA Industriearmaturen GmbH;nopa eisenhüttenst.;D;Deutschland;40 Kleinbetriebe;0
11244;VKK Standardkessel Köthen GmbH Niederlassung Duisburg;vkk köthen;D;Deutschland;25 Allgemeiner Anlagenbau;0
11244A;VKK Standardkessel Köthen GmbH;vkk a duisburg;D;Deutschland;;0
11245;ABB New Ventures GmbH Dezentrale Energieversorgung;abb new vent essen;D;Deutschland;04 Gasdichte (SF6);0
11246;Lipoid GmbH;lipoid ludwigshafen;D;Deutschland;;0
11247;B.E.S. Brandenburger Elektrostahlwerke GmbH;bes brandenburg;D;Deutschland;40 Kleinbetriebe;0
11248;Frank Kendzierski Großhandel;kendzierski essen;D;Deutschland;;0
11249;DSD Industrieanlagen GmbH -Office Oberhausen-;dsd oberhausen;D;Deutschland;;0
11250;Behl GmbH;behl stadtproz.;D;Deutschland;25 Allgemeiner Anlagenbau;0
11251;Wolf Butter Back GmbH & Co. KG;wolf butter fürth;D;Deutschland;;0
11252;Baur & Quidas GmbH Fahrzeug-u.Schiffs-Elektrotechnik;baur hamburg;D;Deutschland;31 Ersatzteilhändler Schiffbau;0
11254;KLINGELE Papierwerke GmbH & Co. KG;klingele weener;D;Deutschland;17 Verpackungsanlagen;0
11255;Lürssen Bardenfleth GmbH & Co.KG;lürssen bard berne;D;Deutschland;;0
11256;PEHA Reparatur-u. Anlagenbau GmbH;peha stralsund;D;Deutschland;;0
11257;WETEC Werkzeugtechnik GmbH;wetec erfurt;D;Deutschland;;0
11258;JVS Sales & Technical Consultants GmbH;jvs thomasberg;D;Deutschland;;0
11260;24sieben thermopower GmbH Stadtwerke Kiel;stadtwerke kiel;D;Deutschland;;0
11262;Westfalia Wärmetechnik Heinrich Schröder GmbH;westfalia wärmetech. bünd;D;Deutschland;06 Klimatechnik;0
11263;ASI Engineering, Anlagen- Service-Industrietechnik GmbH;asi bremen;D;Deutschland;23 Brandschutz;0
11264;Hanning & Kahl GmbH & Co KG;hanning oerlinghaus.;D;Deutschland;00 Bahn;1
11265;MAL Lubmin GmbH;mal lubmin;D;Deutschland;25 Allgemeiner Anlagenbau;0
11266;KASSARA Trading GmbH;kassara gau-odernh;D;Deutschland;;0
11267;Erwin Junker Maschinenfabrik GmbH;junker nordrach;D;Deutschland;22 Filtertechnik;0
11269;ELPRO GmbH;elpro hannover;D;Deutschland;12 Automatisierungstechnik;0
11270;Purkart Systemkomponenten GmbH & Co. KG;purkart großrücker;D;Deutschland;25 Allgemeiner Anlagenbau;0
11271;Weser Shipstores GmbH Schiffsausrüstung/Import-Export;weser  bremerhaven;D;Deutschland;31 Ersatzteilhändler Schiffbau;0
11272;Schulzentrum für Hör-und Sprachgeschädigte, Werkstätten;schulzent. münchen;D;Deutschland;;0
11273;ECO-Prozesstechnik GmbH;eco bad rappenau;D;Deutschland;12 Automatisierungstechnik;0
11275;BEPLA  Kunststoffverarbeitung GmbH & Co.KG;bepla berlin;D;Deutschland;25 Allgemeiner Anlagenbau;0
11276;GenSys GmbH;gensys wismar;D;Deutschland;03 Schiffbau (Systeme);0
11276A;mas maritime assembly systems GmbH;mas wismar;D;Deutschland;;0
11277;Bilfinger + Berger Ingenieurbau Maschinentech. Nord;bilfinger hamburg;D;Deutschland;;0
11278;Bopp & Reuther Sicherheits- und Regelarmaturen;bopp mannheim;D;Deutschland;23 Brandschutz;0
11279;TECMO Schiffstechnik GmbH;tecmo hamburg;D;Deutschland;31 Ersatzteilhändler Schiffbau;0
11280;Klaus D. Bullinger Technische Gebäudeausrüstung;bullinger rodgau;D;Deutschland;;0
11281;Wacker-Chemie GmbH Hauptverwaltung München;wacker münchen;D;Deutschland;12 Automatisierungstechnik;0
11282;INTEC ENGINEERING GmbH;intec bruchsal;D;Deutschland;06 Klimatechnik;0
11283;ALSTOM Lokomotiven Service GmbH Buchhaltung;alstom stendal;D;Deutschland;32 Ersatzteilhändler Industrie;0
11284;DuPont Performance Coatings GmbH & Co. KG;dupont wuppertal;D;Deutschland;;0
11285;Multimatic iLSA Deutschland GmbH & Co.KG;multimatic melle;D;Deutschland;16 Wasseranwendungen;0
11286;Hillmann & Ploog (GmbH & Co.)KG Elektro-Fachgrosshandlung;hillmann hamburg;D;Deutschland;30 Händler;0
11287;Ben Marine Equipment Service GmbH;ben marine;D;Deutschland;31 Ersatzteilhändler Schiffbau;0
11288;Technische Universität Berlin;tu berlin;D;Deutschland;;0
11289;System - Meßtechnik GmbH;smt hamburg;D;Deutschland;33 Ersatzteilhändler S/I;0
11290;Söhl Schiffahrts GmbH;söhl estorf;D;Deutschland;;0
11291;Christof Fischer GmbH;fischer stuttgart;D;Deutschland;06 Klimatechnik;0
11291A;Christof Fischer GmbH Niederlassung Hamburg;fischer a stgt.;D;Deutschland;;0
11292;H & T Elektronik;h & t bocholt;D;Deutschland;;0
11293;Adolf Cornels GmbH;cornels brunsbüttel;D;Deutschland;33 Ersatzteilhändler S/I;0
11294;Greule GmbH;greule engelsbrand;D;Deutschland;;0
11295;Gelsenwasser AG;gelsenwa. gelsenk.;D;Deutschland;;0
11295L;Standort Lüdingshausen;standort l lüdingsh.;D;Deutschland;;0
11296;Carl-Arnold Brill GmbH;brill nordhorn;D;Deutschland;40 Kleinbetriebe;0
11297;KLH Kältetechnik GmbH universal chillers;klh bad doberan;D;Deutschland;06 Klimatechnik;0
11298;Ystral GmbH Maschienbau + Processtechnik;ystral ballrechten;D;Deutschland;12 Automatisierungstechnik;0
11299;EXNER GmbH & Co. KG;exner witten;D;Deutschland;10 Hydraulik;0
11300;Zoller Elektrotechnik;zoller elmshorn;D;Deutschland;33 Ersatzteilhändler S/I;0
11301;WEGE Kälte-Klimatechnik GmbH;wege mülheim;D;Deutschland;06 Klimatechnik;0
11302;Daimler  AG Rechnungsprüfung;daimler hamburg;D;Deutschland;05 Prüfstände;0
11303;Gardner Denver Schopfheim GmbH;gardner schopfheim;D;Deutschland;08 Kompressoren;0
11304;Karberg & Hennemann GmbH & Co. KG;karberg & hennemann  hamburg;D;Deutschland;22 Filtertechnik;0
11305;Miele & Cie. KG;miele gütersloh;D;Deutschland;19 Medizintechnik;0
11306;JOSEF SAILER Projekt Engineering;sailer buchenberg;D;Deutschland;;0
11307;R D S GmbH;rds willstätt;D;Deutschland;25 Allgemeiner Anlagenbau;0
11308;Weber Schraubautomaten GmbH;weber wolfratsh.;D;Deutschland;;0
11309;Brand Deutschland GmbH;brand magdebrurg;D;Deutschland;;0
11310;chemfidence GmbH Rechnungsprüfung;chemfidnce frankf.;D;Deutschland;;0
11311;FORTIKER  GmbH;fortiker backnang;D;Deutschland;30 Händler;0
11312;Melag Medizintechnik GmbH & Co.KG;melag berlin;D;Deutschland;19 Medizintechnik;0
11314;EADS Deutschland GmbH;eads ulm;D;Deutschland;13 Flugzeugbau;0
11315;Marinestützpunktkommando Wilhelmshaven;mstpkdo whv;D;Deutschland;34 Reederei;0
11316;NWS Kraftwerk AG & Co. KG Kraftwerk Stuttgart;nws stuttgart;D;Deutschland;;0
11317;Andritz Küsters GmbH;küsters krefeld;D;Deutschland;12 Automatisierungstechnik;0
11318;Thielert Aircraft Engines GmbH NL Hamburg;thielert hamburg;D;Deutschland;;0
11319;Fa. I.S. (Industrie Service);i.s. Voerde;D;Deutschland;;0
11320;Schniewindt GmbH & Co. KG Elektrotechnik;schniewindt neuenrade;D;Deutschland;06 Klimatechnik;0
11321;TBH Technisches Büro & Handel GmbH;tbh ahrensburg;D;Deutschland;33 Ersatzteilhändler S/I;0
11322;HT TROPLAST AG;troplast toisdorf;D;Deutschland;;0
11323;Weber & Schaer;weber&schaer hambrg;D;Deutschland;;0
11324;DSM Pharma Chemicals Regensburg GmbH;dsm regensburg;D;Deutschland;;0
11325;Stulz GmbH Niederlassung Karlsruhe;stulz baden-baden;D;Deutschland;06 Klimatechnik;0
11327;Hoffmann-La Roche AG;hoffmann-grenzach;D;Deutschland;19 Medizintechnik;0
11328;Caloric Anlagenbau GmbH;caloric gräfelfing;D;Deutschland;52 Wasserstoffanwendungen;0
11329;HGC Hamburg Gas Consult GmbH;hgc hamburg;D;Deutschland;52 Wasserstoffanwendungen;0
11330;NEUMAN & ESSER Deutschland GmbH & Co. KG;neuman&esser wurzen;D;Deutschland;08 Kompressoren;0
11331;Halfen GmbH & Co. KG;halfen wiernsheim;D;Deutschland;;0
11332;IPT GmbH & Co KG Institut für Prüftechnik;ipt todtenweis;D;Deutschland;05 Prüfstände;0
11333;UNIMERCANTILE Curt-Richard Kiemer;unimercant hamburg;D;Deutschland;;0
11334;ZAKB Zweckverband Abfallwirtschaft Kreis Bergstraße;zakb lampertheim;D;Deutschland;;0
11335;Continental Aerospace Technologies GmbH;continental (technify) st.egidien;D;Deutschland;01 Motoren;0
11336;SINUS GmbH;sinus mönsheim;D;Deutschland;30 Händler;0
11337;PRIMEC Elektronik GmbH;primec langgöns;D;Deutschland;25 Allgemeiner Anlagenbau;0
11338;RK ENERGIETECHNIK GMBH;rk hamburg;D;Deutschland;;0
11339;Reifenhäuser GmbH & Co. KG Maschinenfabrik;reifenh. troisdorf;D;Deutschland;25 Allgemeiner Anlagenbau;0
11340;VDT Industrie Automatisierung GmbH;vdt wegberg;D;Deutschland;12 Automatisierungstechnik;0
11341;Hermann Müller Elektrogroßhandel GmbH;hermann müller weingarten;D;Deutschland;30 Händler;0
11342;HVS Schmedt GmbH;hvs lengerich;D;Deutschland;;0
11343;Julius Gaiser GmbH & Co.;gaiser ulm;D;Deutschland;;0
11344;ID Microelektronik und Messtechnik GmbH;id meine;D;Deutschland;;0
11345;HD PrintMediaService GmbH & C0.KG;hd neumünster;D;Deutschland;;0
11346;WERNER KAHLO-Haustechnik Elektro-,Gas-u.Wasserinstallation;kahlo coburg;D;Deutschland;;0
11347;Meyer Industrie-Electronic GmbH;meyer lengrich;D;Deutschland;30 Händler;0
11348;Herbert Kannegiesser GmbH;kannegieser schlema;D;Deutschland;16 Wasseranwendungen;0
11349;Schlie Hydraulik - Service GmbH;schlie rostock;D;Deutschland;10 Hydraulik;0
11350;Claus Claußen Stahlbau,Schiffs-u.Industrieausr.;claußen hörsten;D;Deutschland;;0
11351;Eisenwerk Erla GmbH;erla schwarzenb.;D;Deutschland;35 Instandhaltung/Wartung;0
11352;Basisgemeinde Wulfshagenerhütten;basisg. tüttendorf;D;Deutschland;;0
11353;ThyssenKrupp Hi Serv GmbH;thyssen krupp frank;D;Deutschland;;0
11354;CNC-Elektrotechnik;cnc-elektrotechnik linnich;D;Deutschland;;0
11354A;Fa. Redemann;redemann a wegberg;D;Deutschland;;0
11354L;Fa. Redemann;redemann l wegberg;D;Deutschland;;0
11355;European Southern Observatory Contracts & Procurement;eso garching;D;Deutschland;;0
11356;Aluminium Rheinfleden GmbH Global Unit VACONO;vacono rheinfeld.;D;Deutschland;;0
11357;Kleemann Elektronik GmbH;kleemann frankfurt;D;Deutschland;30 Händler;0
11358;Boos Reinigungsanlagenbau GmbH;boos flörsheim-;D;Deutschland;08 Kompressoren;0
11359;Fischer GmbH Elektro-Fachgrosshandel;fischer andernach;D;Deutschland;;0
11360;Brammer GmbH;brammer karlsruhe;D;Deutschland;12 Automatisierungstechnik;0
11361;Deuna Zement GmbH;deuna deuna;D;Deutschland;12 Automatisierungstechnik;0
11362;Bayer HealthCare AG c/o Euroservices Bayer GmbH;bayer leverkusen;D;Deutschland;35 Instandhaltung/Wartung;0
11363;DuBay Polymer GmbH;dubay hamm;D;Deutschland;;0
11365;Behr Industry Motorcycle Components GmbH;behr mylau;D;Deutschland;00 Bahn;1
11366;Schüller GmbH Heizung Sanitär Service;schüller mönchengl.;D;Deutschland;20 Energietechnik;0
11367;Radeberger Exportbierbrauerei Braustätte Radeberg;radeberger radeberg;D;Deutschland;;0
11368;Vossloh Locomotives GmbH;vossloh Moers;D;Deutschland;00 Bahn;1
11369;Johnson Controls IFM Industrie GmbH;johnson wuppertal;D;Deutschland;;0
11370;S.A.B. Süddeutsche Anlagenbau GmbH;s.a.b.roding;D;Deutschland;;0
11371;SCHOTTEL GmbH NL Wismar;schottel wismar;D;Deutschland;03 Schiffbau (Systeme);0
11372;Kupke + Wolf GmbH;kupke schwerin;D;Deutschland;;0
11373;Jürgen Witte GmbH;witte reinbek;D;Deutschland;;0
11374;BARK System-und Wiegetechnik GmbH & Co. KG;bark ahaus;D;Deutschland;09 Mobilhydraulik;0
11375;GESTRA GmbH;gestra bremen;D;Deutschland;25 Allgemeiner Anlagenbau;0
11376;EADS Deutschland GmbH;eads  friedrichs.;D;Deutschland;;0
11377;Nowitex Osthandels GmbH;nowitex erbach;D;Deutschland;;0
11378;ZF Friedrichshafen AG;zf saarbrücken;D;Deutschland;05 Prüfstände;0
11379;Burckhardt Compression (Deutschland GmbH);burckhardt düsseld;D;Deutschland;08 Kompressoren;0
11380;Gilbarco GmbH;gilbarco salzkotten;D;Deutschland;15 EX-Anwendungen;0
11381;IBH Ingenieurbüro Harm Antriebstechnik GmbH;ibh papendorf;D;Deutschland;27 Baumaschinen;0
11382;WOODWARD L`Orange GmbH Einspritzsysteme;woodward lorange stuttgart;D;Deutschland;01 Motoren;0
11383;Hiestand Backwaren GmbH;hiestand gerolzhof;D;Deutschland;;0
11384;Bayer Technology Services GmbH Einkauf/SF9;bayer techn.leverk.;D;Deutschland;;0
11385;Strom- und Hafenbau Technischer Betrieb Harburg;strom hamburg;D;Deutschland;;0
11386;Mediclin Staufenburg Klinik;mediclin staufenb durbach;D;Deutschland;40 Kleinbetriebe;0
11387;Solar Deutschland GmbH Zentrallager;solar elmenhorst;D;Deutschland;30 Händler;0
11388;Infineon Technologies AG Accounts Payable-AFR FS 21-;infineon münchen;D;Deutschland;;0
11389;Siemens AG PTD AC 14;siemens erlangen;D;Deutschland;;0
11390;Menag Energie GmbH;menag berlin;D;Deutschland;;0
11391;Aker Warnow Werft GmbH;aker rostock-warne;D;Deutschland;;0
11392;Otto Klein GmbH Filtertechnik Apparatebau;klein niestetal;D;Deutschland;22 Filtertechnik;0
11393;H + H Gerätebau GmbH;h+h langenargen;D;Deutschland;06 Klimatechnik;0
11394;SAMA Maschinenbau GmbH;sama weissenstadt;D;Deutschland;25 Allgemeiner Anlagenbau;0
11395;E+A Elektrotechnik und Aggregaatebau Betriebsges. mbH;e+a bremerhaven;D;Deutschland;31 Ersatzteilhändler Schiffbau;0
11396;TLC Susanne Riepl e.K. Trading + Logistics;tlc emmerting;D;Deutschland;;0
11397;Nobian GmbH;nobian ibbenbüren;D;Deutschland;25 Allgemeiner Anlagenbau;0
11398;Dräger ProTech GmbH;dräger protech;D;Deutschland;19 Medizintechnik;0
11399;Intherma GmbH Industrielle Feuerungsanlagen;intherma kronberg;D;Deutschland;06 Klimatechnik;0
11400;MARISO GmbH;mariso hamburg;D;Deutschland;;0
11401;Oskar Fischer GmbH & Co. KG;fischer krefeld;D;Deutschland;;0
11403;TOMA GmbH;toma eschborn;D;Deutschland;;0
11404;Bosch Rexroth AG;boschrexroth lohr;D;Deutschland;10 Hydraulik;0
11405;Zimmer AG;zimmer frankfurt;D;Deutschland;;0
11406;Stadtwässerungsbetriebe Köln, AöR;stadtwässer. köln;D;Deutschland;;0
11407;Schiffselektrik Ralf Lange;lange barth;D;Deutschland;;0
11408;UHDE High Pressure Technologie GmbH c/o Uhde GmbH, Abt. AC;uhde dortmund;D;Deutschland;08 Kompressoren;0
11409;KULENKAMPFF & CO. GMBH & CO. KG;kulenkampff bremen;D;Deutschland;30 Händler;0
11410;PONS Handels GmbH;pons münchen;D;Deutschland;27 eh Ersatzteilhandel;0
11411;OMNICAL Kessel-und Apparatebau GmbH, Kundendienst Zwickau;omnical zwickau;D;Deutschland;;0
11412;PME-fluidtec GmbH;pme ettenheim;D;Deutschland;25 Allgemeiner Anlagenbau;0
11413;Ahnert-Elektrotechnik GmbH;ahnert bergholz;D;Deutschland;;0
11414;ELCO Shared Services GmbH;elco hechingen;D;Deutschland;06 Klimatechnik;0
11415;Fabiola Garnier-Industriemontage;garnier wabern;D;Deutschland;;0
11416;DMT Diesel-Motoren-Technik Esders & Schepers GmbH;dmt haren;D;Deutschland;30 Händler;0
11417;Eisengiesserei Baumgarte GmbH;baumgarte bielefeld;D;Deutschland;;0
11418;Schlosserei Menge;menge konstanz;D;Deutschland;;0
11419;Rasselstein GmbH;rasselstein andernach;D;Deutschland;16 Wasseranwendungen;0
11420;IBS GmbH Industrie-Brenner-Systeme;ibs ladenburg;D;Deutschland;06 Klimatechnik;0
11421;R. Jung GmbH;jung rilchingen;D;Deutschland;;0
11422;DUKO Europa GmbH;duko düsseldorf;D;Deutschland;32 Ersatzteilhändler Industrie;0
11423;GHD-MONTAGE;ghd argenbühl;D;Deutschland;;0
11424;Air Products GmbH;air products bochum;D;Deutschland;52 Wasserstoffanwendungen;0
11424A;Air Products GmbH;air a hattingen;D;Deutschland;;0
11424L;Air Products GmbH Head Office/Central Whse;air l hattingen;D;Deutschland;;0
11425;Form & Technik GmbH Division Link Export;link neuötting;D;Deutschland;;0
11426;TRW Koblenz;trw koblenz;D;Deutschland;;0
11428;Georg Schlegel GmbH & Co. KG Elektrotechnische Fabrik;schlegel dümenting.;D;Deutschland;;0
11429;Voith Paper Air Systems GmbH & Co. KG;voith paper bayreuth;D;Deutschland;12 Automatisierungstechnik;0
11430;Liebherr Nenzing Service GmbH;liebherr hamburg;D;Deutschland;09 Mobilhydraulik;0
11431;Dipl.-Ing. H.- Sitte GmbH & Co. Marine-Service u.-Reparatur KG;sitte wolgast;D;Deutschland;31 Ersatzteilhändler Schiffbau;0
11432;Caterpillar Global Mining Europe GmbH;caterpillar lünen;D;Deutschland;15 EX-Anwendungen;0
11433;Elektro Unseld GmbH & Co. KG Elektrogroßhandel;unseld ulm;D;Deutschland;30 Händler;0
11434;GPS GmbH Global Powe Systems;gps mannheim;D;Deutschland;07 Pumpen;0
11435;Flamor GmbH;flamor badbramstedt;D;Deutschland;31 Ersatzteilhändler Schiffbau;0
11436;Alfa Mar Trading GmbH;alfa  hamburg;D;Deutschland;31 Ersatzteilhändler Schiffbau;0
11437;E.ON Wasserkraft GmbH Werkgruppe Edersee;e.on edertal;D;Deutschland;;0
11439;NIKKISO-KSB  GmbH;nikkiso altenstadt;D;Deutschland;07 Pumpen;0
11440;TSS GmbH Technical Service & Supply;tss buxtehude;D;Deutschland;31 Ersatzteilhändler Schiffbau;0
11441;Wasser u. Schifffahrtsamt Tönning Bauhof Tönning -B-3-;wasser schifffahrtsa. tönning;D;Deutschland;31 Ersatzteilhändler Schiffbau;0
11442;Hydro-Elektrik GmbH Archiviert;hydro ravensburg;D;Deutschland;;0
11443;Hydro-Elektrik GmbH Archiviert;hydro ravensburg;D;Deutschland;;0
11444;Hydro-Elektrik GmbH;hydro ravensburg;D;Deutschland;16 Wasseranwendungen;0
11445;Negele Messtechnik GmbH;negele egg a.d.gunz;D;Deutschland;40 Kleinbetriebe;0
11446;Laborchemie Apolda GmbH;laborchemie apolda;D;Deutschland;12 Automatisierungstechnik;0
11447;AMS Anlagentechnik GmbH;ams markkleeberg;D;Deutschland;30 Händler;0
11448;Hagemeyer Deutschland GmbH & Co. KG;hagemeyer, bamberg;D;Deutschland;33 Ersatzteilhändler S/I;0
11449;Mann + Hummel Werk Speyer;mann+hummel speyer;D;Deutschland;22 Filtertechnik;0
11451;Zellstoff Stendal GmbH;Zellstoff Arneburg;D;Deutschland;26 Erneuerbare Energien;0
11452;REUKO Klima-Service GmbH & Co. KG;reuko nagold;D;Deutschland;;0
11453;DB Energie GmbH;db frankfurt;D;Deutschland;;0
11454;Siemens AG PTD H 243;siemens erlangen;D;Deutschland;;0
11455;Franken Guss Kitzingen GmbH & Co.KG;franken kitzingen;D;Deutschland;;0
11456;TSG Technischer Service GmbH;tsg hamburg;D;Deutschland;;0
11457;Deutsche Bahn AG Einkauf - TET 1 -;db berlin;D;Deutschland;;0
11458;Automationstechnik Reiner Knapp GmbH;automationstechnik hamburg;D;Deutschland;;0
11459;VACOM - Handels GmbH Rainer Vollmerich;vacom pullach;D;Deutschland;;0
11460;Willibrord Lösing Filterprodukion GmbH;lösing hattingen;D;Deutschland;22 Filtertechnik;0
11461;Oelmühle Hamburg AG;oelmühle hamburg;D;Deutschland;;0
11462;Huhtamaki Forchheim  ZN Huhtamaki Deutschland GmbH &Co.;huhtamaki forchheim;D;Deutschland;21 Lebensmittelindustrie;0
11463;P+S Labormedien Handels GmbH;p+s waidhofen;D;Deutschland;30 Händler;0
11464;Riegelhof & Gärtner;riegelhof;D;Deutschland;;0
11465;Kloska Energie- u. Motorentechnik GmbH;kloska meppen;D;Deutschland;01 Motoren;0
11466;VKK Standardkessel Köthen GmbH;vkk duisburg;D;Deutschland;;0
11467;StOV Flensburg;stov flensburg;D;Deutschland;;0
11468;HJK INTERNATIONAL GmbH;HJK Kelsterbach;D;Deutschland;30 Händler;0
11469;BHS Asphaltmischwerk Dresden GmbH & Co. KG;bhs bautzen;D;Deutschland;;0
11470;Spares & Repair GmbH Ing. Heinz Stövesand;spares rostock;D;Deutschland;;0
11471;E. Heitkamp Rohrbau GmbH;heitkamp herne;D;Deutschland;;0
11472;Sanitätshaus R. Laufer GmbH;laufer herne;D;Deutschland;;0
11473;SAACKE VKK Marine Boilers GmbH;saacke vkk  kiel;D;Deutschland;03 Schiffbau (Systeme);0
11474;GEA Westfalia Separator Process GmbH;westfaliaindustrie oelde;D;Deutschland;;0
11475;Moehwald  GmbH;moehwald homburg;D;Deutschland;10 Hydraulik;0
11476;Direktor der Wasserschutzpolizei Niedersachsen bei der Bezirksreg.;direktor leer;D;Deutschland;;0
11477;Adolf Pfeiffer GmbH;pfeiffer mannheim;D;Deutschland;;0
11478;Baumer Electric GmbH;baumer friedberg;D;Deutschland;40 Kleinbetriebe;0
11479;Brau und Brunnen Brauerei GmbH;brau und brunnen;D;Deutschland;;0
11480;Siemens AG I & S IP 94;siemens hamburg;D;Deutschland;03 Schiffbau (Systeme);0
11481;BMW AG Werk Regensburg;bmw regensburg;D;Deutschland;05 Prüfstände;0
11482;J.M. Voith SE & Co. KG / VTA;voith;D;Deutschland;00 Bahn;1
11483;Bosch Sicherheitssysteme GmbH;bosch bochum;D;Deutschland;;0
11484;Krones AG;krones neutraubling;D;Deutschland;12 Automatisierungstechnik;0
11485;TRIP Warenhandelsges. mbH;trip weyhe;D;Deutschland;31 Ersatzteilhändler Schiffbau;0
11486;B T U Fakultät 3;btu cottbus;D;Deutschland;;0
11487;MD Trade & Spares GmbH;md magdeburg;D;Deutschland;32 Ersatzteilhändler Industrie;0
11488;Windhoff Bahn und Anlagentechnik GmbH;windhoff rheine;D;Deutschland;00 Bahn;1
11489;K.Hourani Import/Export;hourani villingen;D;Deutschland;;0
11490;Hugentobler + Partner  GmbH;hugentobler gräfelfing;D;Deutschland;;0
11491;SCA Service Center Altenwerder GmbH;sca service hamburg;D;Deutschland;03 Schiffbau (Systeme);0
11492;Ernteband Fruchtsaft GmbH;Ernteband winnenden;D;Deutschland;;0
11496;i2s;i2s;D;Deutschland;;0
11497;i2s;i2s;;;;0
11498;Diesel Engine Care Int. GmbH;diesel hamburg;D;Deutschland;;0
11499;TECTRION GmbH Beschaffung;currenta  leverkusen;D;Deutschland;12 Automatisierungstechnik;0
11500;SCHOTTEL-Schiffsmaschinen GmbH;schottel-schiffmasch. wismar;D;Deutschland;01 Motoren;0
11501;Rtec GmbH;rtec andernach;D;Deutschland;;0
11502;RIELLO S.p.A. Zweigniederlassung Deutschland;riello bochum;D;Deutschland;25 Allgemeiner Anlagenbau;0
11503;Allround Schiffservice Lepschies;allround schiffsservice stralsund;D;Deutschland;;0
11504;Doppstadt Calbe GmbH;doppstadt calbe;D;Deutschland;09 Mobilhydraulik;0
11505;Dieter Münchow IS.T.;münchow hamm;D;Deutschland;32 Ersatzteilhändler Industrie;0
11506;Weniger GmbH Elekrogroßhandel;weniger cunewalde;D;Deutschland;;0
11507;Hagemeyer Deutschland GmbH & Co. KG;hagemeyer saarbrücken;D;Deutschland;;0
11508;Energie-Systeme-Krallmann Planung-Durchführungen-Wartung;krallmann  Westoverledingen;D;Deutschland;;0
11509;Wärtsilä SAM Electronics GmbH;wärtsilä sam wihelmshaven;D;Deutschland;03 Schiffbau (Systeme);0
11510;Hinrich Goltz & Söhne GmbH;goltz hamburg;D;Deutschland;;0
11511;Uniparts GmbH;uniparts hamburg;D;Deutschland;;0
11512;ExxonMobil Production Deutschland GmbH;exxonmobil hannover;D;Deutschland;;0
11513;PWL-Hydraulik GmbH;pwl ratingen;D;Deutschland;10 Hydraulik;0
11514;Siemens AG I&S IS OLM LC CES ERL;siemens erlangen;D;Deutschland;11 Getriebe;0
11515;IB Blumenauer;ib frasdorf;D;Deutschland;32 Ersatzteilhändler Industrie;0
11516;hti GmbH Haustechnische Installationen;hti radeberg;D;Deutschland;;0
11517;Kompressorenbau Bannewitz GmbH;kbb bannewitz;D;Deutschland;01 Motoren;0
11519;Bad Dürrheimer Mineralbrunnen GmbH & Co. Heilbrunnen;bad dürrheimer dürheim;D;Deutschland;;0
11520;CU Chemie Uetikon GmbH;cu chemie lahr;D;Deutschland;12 Automatisierungstechnik;0
11521;M/S Stefan Patjens GmbH & Co.KG;patjens drochtersen;D;Deutschland;30 Händler;0
11522;SAGATRON Elektronik Vertriebs-GmbH;sagatron frechen;D;Deutschland;30 Händler;0
11523;NTI  Technology GmbH;nti gmbh;D;Deutschland;30 Händler;0
11524;Roegi Elektrogeräte GmbH & Co. KG;roegi iserlohn;D;Deutschland;06 Klimatechnik;0
11525;James Walker Deutschland GmbH;walker hamburg;D;Deutschland;;0
11526;BKM GmbH;bkm bochum;D;Deutschland;32 Ersatzteilhändler Industrie;0
11527;Coroplast Fritz-Müller GmbH & Co. KG;coroplast wuppertal;D;Deutschland;;0
11528;Inter-Orbis Handel Industrie-und Bergwerksbedarf GmbH;inter halterm;D;Deutschland;30 Händler;0
11529;MARINEX GmbH Handels-und Schiffahrtskontor;Marinex schönkirchen-kiel;D;Deutschland;31 Ersatzteilhändler Schiffbau;0
11530;Motrac Hydraulik GmbH;motrac langenfeld;D;Deutschland;10 Hydraulik;0
11531;E.ON Ruhrgas AG;e.on rimpar;D;Deutschland;;0
11532;ELECTROVAC Hacht & Huber GmbH;electrovac salzweg;D;Deutschland;17 Verpackungsanlagen;0
11533;Cesmel Europe GmbH;cesmel quickborn;D;Deutschland;31 Ersatzteilhändler Schiffbau;0
11534;Coperion  GmbH;coperion stuttgart;D;Deutschland;25 Allgemeiner Anlagenbau;0
11535;Centurius Import Export GmbH;centurius hamburg;D;Deutschland;31 Ersatzteilhändler Schiffbau;0
11536;Diplom-Ingenieur VDI/VDE GOTTFRIED D. FUNK;funk berg. gladbach;D;Deutschland;;0
11537;KDS Maschinenbau;kds isseroda;D;Deutschland;;0
11538;TTS NMF GmbH;ttsnmf hamburg;D;Deutschland;03 Schiffbau (Systeme);0
11539;Liebherr Hausgeräte Ochsenhausen GmbH;liebherr ochsenhausen;D;Deutschland;12 Automatisierungstechnik;0
11540;Horn Marine Service GmbH;horn husum;D;Deutschland;31 Ersatzteilhändler Schiffbau;0
11541;DEUTZ AG;deutz köln;D;Deutschland;01 Motoren;0
11542;H & A Berthold  GbR;berthold hainichen;D;Deutschland;;0
11543;Schmid Alarm GmbH;schmid stockdorf;D;Deutschland;;0
11544;Deutsche Bahn AG DB Systemtechnik Minden;db minden;D;Deutschland;00 Bahn;1
11545;PV Autoteile GmbH;PV duisburg;D;Deutschland;;0
11546;REXIMA Ind. Equipment GmbH;rexima mannheim;D;Deutschland;27 Baumaschinen;0
11547;Wood Group Gas Turbine Services GmbH;wood group mühlheim;D;Deutschland;26 Erneuerbare Energien;0
11548;Siegwerk Druckfarben AG;siegwewrk siegburg;D;Deutschland;;0
11549;Wenzel Marine;wenzel brinkum;D;Deutschland;31 Ersatzteilhändler Schiffbau;0
11550;Doden Armaturen KG;doden bremen;D;Deutschland;30 Händler;0
11551;Ingenieur Büro Ohm;ohm offenbach;D;Deutschland;30 Händler;0
11552;VTE-Filter GmbH;vte norderstedt;D;Deutschland;31 Ersatzteilhändler Schiffbau;0
11553;Rheinkälte GmbH i. L.;rheinkälte aachen;D;Deutschland;06 Klimatechnik;0
11554;Heinrich Schmidt GmbH & Co.KG;schmidt möchengladbach;D;Deutschland;;0
11555;Marinearsenal Arsenalbetrieb Wilhelmshaven;marinearsenal wilhelmshaven;D;Deutschland;35 Instandhaltung/Wartung;0
11556;Eugen Stratemeyer GmbH & CO. KG Spezialfabrik für Brillengläser;stratemeyer bochum;D;Deutschland;;0
11557;Elektro- Apparatebau REBA GmbH;reba hamburg;D;Deutschland;;0
11558;GfS mbH Gesellschaft für Sensorik mbH;gfs vs;D;Deutschland;40 Kleinbetriebe;0
11559;GLOBEXIM Handels- u Vertriebsgesellschaft;globexim kaarst;D;Deutschland;30 Händler;0
11560;AWB GmbH & Co. KG;awb lampertheim;D;Deutschland;25 Allgemeiner Anlagenbau;0
11561;ThyssenKrupp Fördertechnik GmbH;thyssen ennigerloh;D;Deutschland;25 Allgemeiner Anlagenbau;0
11562;Instron GmbH;instron darmstadt;D;Deutschland;;0
11563;ELEKTRO-VOSS NORTHEIM GmbH;voss northeim;D;Deutschland;;0
11564;Jacobi Tonwerke GmbH Werk Bilshausen;jacobi bilshausen;D;Deutschland;;0
11565;Horst Zimmermann GmbH kälte- und klimatechnik;zimmermann nürnberg;D;Deutschland;06 Klimatechnik;0
11566;rogatec GmbH Küchen-und;rogatec rostock;D;Deutschland;40 Kleinbetriebe;0
11567;HORO Dr.  Hofmann GmbH;horo ostfildern;D;Deutschland;06 Klimatechnik;0
11568;Müller Industrievertretungen Thomas Müller;müller techau;D;Deutschland;;0
11569;AMARO;amaro stuhr-brinkum;D;Deutschland;;0
11570;Bosch Rexroth Lohmann + Stolterfoht GmbH;bosch witten;D;Deutschland;11 Getriebe;0
11571;Mahl  GmbH & Co. KG;mahl pulheim;D;Deutschland;32 Ersatzteilhändler Industrie;0
11572;Otto-Pricken Abt. Service;pricken kempen;D;Deutschland;25 Allgemeiner Anlagenbau;0
11573;Fotec GmbH;fotec chemnitz;D;Deutschland;;0
11574;RYGOL DÄMMSTOFFE GmbH & Co. KG Industrie- und Gewerbegebiet Laut;rygol lauta;D;Deutschland;;0
11575;Schwarzwaldquelle Wildberg GmbH;schwarzwaldquelle wildberg;D;Deutschland;;0
11576;Lürssen-Kröger Werft GmbH & Co. KG;kröger rendsburg;D;Deutschland;02 Schiffbau (Werft);0
11577;Bad Brambacher Mineralquellen GmbH & Co.KG;bad brambacher bad brambach;D;Deutschland;40 Kleinbetriebe;0
11578;THÜRMER Automatisierungstechnik;thürmer dietzenbach;D;Deutschland;12 Automatisierungstechnik;0
11579;Thoman Biegemaschinen GbR;thoman breisach;D;Deutschland;25 Allgemeiner Anlagenbau;0
11580;Remaplan Export GMBH;remaplan hamburg;D;Deutschland;31 Ersatzteilhändler Schiffbau;0
11581;Dittes-Galvanik GmbH;dittes galvanik birkenfeld;D;Deutschland;25 Allgemeiner Anlagenbau;0
11582;Cofely Refrigeration GmbH Niederlassung Hannover;cofely wunstorf;D;Deutschland;06 Klimatechnik;0
11583;Klöpper-Therm- GmbH & Co.KG;klöpper dortmund;D;Deutschland;06 Klimatechnik;0
11584;LIENERT Rheinau-Kälte-Elektro;lienert rheinau;D;Deutschland;;0
11585;Marinestützpunktkommando Kiel Dezentrale Beschaffung;Marinestützp. Kiel;D;Deutschland;31 Ersatzteilhändler Schiffbau;0
11586;Deutsche Bahn AG Technik/Beschaffung;db münchen;D;Deutschland;00 Bahn;1
11587;Voith Turbo Schneider Propulsion GmbH & Co. KG;voith turbo schneider heidenheim;D;Deutschland;03 Schiffbau (Systeme);0
11588;Amt für ländliche Räume Husum;amt husum;D;Deutschland;;0
11589;Pfeifer & Langen GmbH & Co. KG;pfeifer könnern;D;Deutschland;;0
11590;LMP GmbH Werkzeug & Industriebedarf;lmp alsdorf;D;Deutschland;;0
11591;Bosch Sicherheitssysteme GmbH;bosch nürnberg;D;Deutschland;23 Brandschutz;0
11592;GETRAG Getriebe- und Zahnfabrik Hermann Hagenmeyer GmbH & Cie KG;getrag untergruppenbach;D;Deutschland;11 Getriebe;0
11593;Bundespolizeidirektion Bad Bramstedt;bundespolizamt see neustadt;D;Deutschland;35 Instandhaltung/Wartung;0
11594;Atlanta-Benno H. Tiaden GmbH;atlanta hamburg;D;Deutschland;32 Ersatzteilhändler Industrie;0
11595;Mohrs + Hoppe GmbH;mohrs berlin;D;Deutschland;;0
11596;WÄGA Wärme-Gastechnik GmbH;wäga kassel;D;Deutschland;06 Klimatechnik;0
11597;POWER SYSTEMS Siekmann GmbH;power gütersloh;D;Deutschland;;0
11598;Air Products GmbH Neuenstadt Helium Plant;air products neuenstadt;D;Deutschland;52 Wasserstoffanwendungen;0
11599;ELBE HYDRAULIK OSTERRÖNFELD GMBH;elbe Osterrönfeld;D;Deutschland;10 Hydraulik;0
11600;FOGTEC Brandschutz GmbH;fogtec köln;D;Deutschland;23 Brandschutz;0
11601;Auslin Im- u. Export  GmbH;auslin essen;D;Deutschland;;0
11602;Ruf-Elektrohandel GmbH & Co. KG;ruf mannheim;D;Deutschland;30 Händler;0
11603;LOKÜ Loxstedter Kühltechnik GmbH;lokü loxstedt;D;Deutschland;06 Klimatechnik;0
11604;Dörken Kunststoffbahnen GmbH & Co.;dörken hagen;D;Deutschland;;0
11605;JENAHEXAL Pharma GmbH;jenahexal jena;D;Deutschland;;0
11606;Herbert C. Gohlke Export Import Transit;gohlke ahrensburg;D;Deutschland;;0
11607;A.S.M. Allseas Marine GmbH & Co. KG;asm  bremen;D;Deutschland;31 Ersatzteilhändler Schiffbau;0
11608;AGRU-FRANK GmbH;agru  wölfersheim;D;Deutschland;12 Automatisierungstechnik;0
11609;Stadtbahn Saar GmbH SBS 13;stadtbahn saarbrücken;D;Deutschland;;0
11610;SES Energiesysteme GmbH;ses rackwitz;D;Deutschland;26 Erneuerbare Energien;0
11611;Kelvion;renzmann monzingen;D;Deutschland;03 Schiffbau (Systeme);0
11612;FrieslandCampina Kievit GmbH;friesland lippstadt;D;Deutschland;21 Lebensmittelindustrie;0
11613;A. Winkel Nayyar Trading;winkel hamm;D;Deutschland;31 Ersatzteilhändler Schiffbau;0
11614;EnBW Kernkraft GmbH KKP;enbw philippsburg;D;Deutschland;;0
11615;MCE Industrietechnik Minden GmbH;mce  minden;D;Deutschland;;0
11616;Friesische Maschinenbau GmbH & Co. KG;friesische  emden;D;Deutschland;;0
11617;Hoffmann Räumtechnik GmbH;hoffmann pforzheim;D;Deutschland;;0
11618;Naval Logistics GmbH;naval westoverledingen;D;Deutschland;;0
11619;Schwollener Sprudel;schwollener schwollen;D;Deutschland;;0
11620;GEOMECHANIK  Bohrgesellschaft mbH;geomechanik woringen;D;Deutschland;25 Allgemeiner Anlagenbau;0
11621;Vorrichtungsbau Harald Linsenmeyer;linsenmeyer herzogenaurach;D;Deutschland;;0
11622;HKM Hermann Kube Messtechnik;hkm düsseldorf;D;Deutschland;;0
11623;R&K GMBH Offshore + Electro Industry;r&k;D;Deutschland;30 Händler;0
11624;FSM Elektronik GmbH;FSM Kirchzarten;D;Deutschland;;0
11625;A.K.S.E.L. GmbH Import-Export;aksel berlin;D;Deutschland;;0
11626;Laber Haustechnik GmbH;laba seligenstadt;D;Deutschland;;0
11627;AGRARGAS GmbH;agrargas schwerin;D;Deutschland;;0
11628;STA GmbH Schiffstechnik & Anlagenbau;sta bremerhaven;D;Deutschland;31 Ersatzteilhändler Schiffbau;0
11630;Heinrich Fritzsche GmbH;fritzsche stuhr;D;Deutschland;;0
11631;MTS- Marine Technik-Service;mts wuppertal;D;Deutschland;;0
11632;CC Transporte & Handels GmbH;ccth bremen;D;Deutschland;;0
11633;Andritz Ritz GmbH;ritz schwäbisch gmünd;D;Deutschland;25 Allgemeiner Anlagenbau;0
11634;Untergrundspeicher-und Geotechnologie-Systeme GmbH;untergrund  mittenwalde;D;Deutschland;40 Kleinbetriebe;0
11635;C. & E. FEIN GmbH;fein schwabisch gmünd;D;Deutschland;25 Allgemeiner Anlagenbau;0
11636;Hauptzollamt Oldenburg -Zollkommissariat Bremerhaven-See;hauptzollamt bremerhaven;D;Deutschland;;0
11637;Elektro Neumayr;neumayr wolnzach;D;Deutschland;;0
11638;ThyssenKrupp Marine Systems GmbH Surface Vessel Division;thyssenkrupp marine kiel;D;Deutschland;31 Ersatzteilhändler Schiffbau;0
11639;COOLANT GmbH Innovative Kältetechnik;coolant mülsen;D;Deutschland;21 Lebensmittelindustrie;0
11640;andreas schmidt elektrotechnik für  industrie;schmidt hamburg;D;Deutschland;;0
11641;GROTH Service Import-Export;groth neu zachun;D;Deutschland;31 Ersatzteilhändler Schiffbau;0
11642;WWV Wasser, Wärme und Verfahrens- Technik Dipl.-Ing Kraft GmbH;wwvkraft höchstadt;D;Deutschland;;0
11643;Dr. Ing. h.c. F. Porsche Aktiengesellschaft;porsche weissach;D;Deutschland;05 Prüfstände;0
11644;elektronik GmbH Sassnitz;elektronik sassnitz;D;Deutschland;;0
11645;Teusser Mineralbrunnen Karl Rössle GmbH & Co. KG;teusser löwenstein;D;Deutschland;;0
11646;Schiffahrtsgesellschaft Wappen vonBayern mbH  & Co. KG;wappen Hamburg;D;Deutschland;;0
11647;Helfenstein Klinik;helfenstein klink geislingen;D;Deutschland;;0
11649;WIWOX GmbH Surface Systems;wiwox erkrath;D;Deutschland;25 Allgemeiner Anlagenbau;0
11650;Bucher Hydraulics Dachau GmbH;bucher dachau;D;Deutschland;10 Hydraulik;0
11651;ALG, Bonn;alg bonn;D;Deutschland;;0
11652;ZÖLLER-KIPPER GmbH NL Berlin;zöller-kipper berlin;D;Deutschland;09 Mobilhydraulik;0
11653;FCT Ingenieurkeramik GmbH;fct rauenstein;D;Deutschland;;0
11654;Miltenyi Biotec B.V. & Co. KG;miltenyibiotec Bergisch Gladbach;D;Deutschland;19 Medizintechnik;0
11655;Ntl Forschung GmbH;ntl forschung ahrenshöft;D;Deutschland;;0
11656;Honeywell Gas Technologies GmbH;honeywell gas technologies kassel;D;Deutschland;15 EX-Anwendungen;0
11657;E.T.L.  GmbH;e.t.l. telgte;D;Deutschland;30 Händler;0
11658;GDMcom Gesellschaft für Dokumentation u.Telekommunikation;gdm leipzig;D;Deutschland;40 Kleinbetriebe;0
11659;Seli GmbH Automatisierungstechnik;seli neuenkirchen;D;Deutschland;12 Automatisierungstechnik;0
11660;Newport Electronics GmbH;newport deckenpfronn;D;Deutschland;;0
11661;HANSA-FLEX Hydraulik AG Hydraulik-Komponenten LH;hansa flex dresden;D;Deutschland;10 Hydraulik;0
11662;transfluid Maschinenbau GmbH;transfluid schmallenberg;D;Deutschland;25 Allgemeiner Anlagenbau;0
11663;Jonas GmbH Metallindustrie Armaturen, Mess-und Regeltechnik;jonas hamburg;D;Deutschland;33 Ersatzteilhändler S/I;0
11664;Dr. Johannes Heidenhain GmbH;heidenhain traunreut;D;Deutschland;12 Automatisierungstechnik;0
11666;Inmat Industrie Materialien GmbH;inmat kaarst;D;Deutschland;30 Händler;0
11667;Siemens AG Schaltanlagenwerk;Siemens frankfurt;D;Deutschland;04 Gasdichte (SF6);0
11668;Hans Heidorn Shipping Services GmbH & Co. KG;heidorn shipping hamburg;D;Deutschland;;0
11669;Bosch Sicherheitssysteme GmbH;bosch frankfurt;D;Deutschland;23 Brandschutz;0
11670;DB Fahrzeuginstandhaltung GmbH Werk Neumünster;db neumünster;D;Deutschland;;0
11671;Leistritz Turbinentechnik GmbH;leistritz remscheid;D;Deutschland;25 Allgemeiner Anlagenbau;0
11672;Elmeba GmbH;elmeba ratingen;D;Deutschland;;0
11674;BRÜCKNER GmbH & Co. KG Elektrizitätsgesellschaft;brückner hagen;D;Deutschland;;0
11675;Hagemeyer Deutschland GMBH & CO. KG;hagemeyer Maisach;D;Deutschland;32 Ersatzteilhändler Industrie;0
11676;Dahlenburger Anlagen- und Maschinenbau GmbH;dahlenburger lüneburg;D;Deutschland;10 Hydraulik;0
11677;Elektrotechnik Raab;raab gernsheim;D;Deutschland;;0
11678;U A D Hans-Jochim Schulz Marine- & Industrieautomation;uad rostock;D;Deutschland;30 Händler;0
11680;Otto Sauer Heizungsbau GmbH & Co KG;sauer hösbach;D;Deutschland;;0
11681;EMSLANDSTROM GmbH & Co. KG Blockkraftwerke;ems westoverledingen;D;Deutschland;26 Erneuerbare Energien;0
11682;JOMATEX Traiding;jomatex großkarlbach;D;Deutschland;30 Händler;0
11683;NOFA Fahrzeugteile GmbH Import-Export;nofa hamburg;D;Deutschland;;0
11684;FAMO GmbH & Co. KG;famo oldenburg;D;Deutschland;30 Händler;0
11686;Pamin-Worldwide Trading;pamin kleinwallstadt;D;Deutschland;30 Händler;0
11687;H + E GmbH;hager stuttgart;D;Deutschland;16 Wasseranwendungen;0
11688;Lentz & Schmahl GmbH & Co. KG Service-Center Köln;lentz & schmahl köln;D;Deutschland;25 Allgemeiner Anlagenbau;0
11689;Papierfabrik Hainsberg GmbH;hainsberg hainsberg;D;Deutschland;35 Instandhaltung/Wartung;0
11690;Treckel Schiffsservice GmbH & Co. KG i. G.;treckel rostock;D;Deutschland;;0
11691;Hoppe Bordmesstechnik GmbH;hoppe hamburg stellingen;D;Deutschland;;0
11692;TSM Technical Services & Marine;tsm sehlen;D;Deutschland;31 Ersatzteilhändler Schiffbau;0
11693;Bosch Sicherheitssysteme GmbH;bosch rodgau;D;Deutschland;23 Brandschutz;0
11694;Deerberg Trading GmbH;deerberg trading oldenburg;D;Deutschland;;0
11695;Hagener Feinstahl GmbH;hagener hagen;D;Deutschland;;0
11696;Pleiger Industrietechnik GmbH & Co KG;pleiger sprockhövel;D;Deutschland;03 Schiffbau (Systeme);0
11697;Helmut-Schmidt-Universität Universität der Bundeswehr HH;schmidt  uni  hamburg;D;Deutschland;03 Schiffbau (Systeme);0
11698;Siemens Gas and Power GmbH & Co. KG;siemens essen;D;Deutschland;04 Gasdichte (SF6);0
11699;AHS Anlagen und Hydrauliksysteme GmbH;ahs stahnsdorf;D;Deutschland;10 Hydraulik;0
11700;Adalbert Zajadacz GmbH & Co. KG Industrieservice;zajadacz neu wulmstorf;D;Deutschland;30 Händler;0
11701;Motoren Hildebrandt GmbH;hildebrandt hamburg;D;Deutschland;33 Ersatzteilhändler S/I;0
11702;Kelvion Germany GmbH Betriebsstätte Netzschkau;kelvion netzschkau;D;Deutschland;07 Pumpen;0
11703;MIKRO ELEKTRONIK AUTOMATION MELA GmbH;mela königstein;D;Deutschland;40 Kleinbetriebe;0
11704;ISS GmbH International Spares Service;iss frechen;D;Deutschland;31 Ersatzteilhändler Schiffbau;0
11705;Bohlen & Doyen Bau und Service GmbH;bohlen & doyen wiesmoor;D;Deutschland;15 EX-Anwendungen;0
11706;CMG Import & Export;cmg gross-gerau;D;Deutschland;;0
11707;PEC GmbH Project Engineering Corporation;pec fernthal;D;Deutschland;40 Kleinbetriebe;0
11708;IMPORTEX Handelsgesellschaft mbH;importex lilienthal;D;Deutschland;33 Ersatzteilhändler S/I;0
11709;LSK Industrieservice GmbH & Co. KG;lsk wittenberg;D;Deutschland;;0
11710;C. H. Schäfer Getriebe GmbH;schäfer ohrn;D;Deutschland;11 Getriebe;0
11711;ADLER-SCHIFFE GmbH & Co. KG;adler-schiffe westerland;D;Deutschland;;0
11713;Herco-Kühltechnik GmbH;herco kühltechnik wesel;D;Deutschland;06 Klimatechnik;0
11714;Alms + Bruns GmbH Haus- und Versorgungstechnik;alms+bruns soltau;D;Deutschland;06 Klimatechnik;0
11715;Stadtwerke Uelzen GmbH;stadtwerke uelzen;D;Deutschland;;0
11716;Johannes Goldberg Heizungstechnik;goldberg pforzheim;D;Deutschland;;0
11717;bau msr GmbH;bau msr leipzig;D;Deutschland;19 Medizintechnik;0
11718;HN Schörling GmbH.;hüffermann wildeshausen;D;Deutschland;09 Mobilhydraulik;0
11719;CMR-Autronic GmbH;cmrautronic hamburg;D;Deutschland;03 Schiffbau (Systeme);0
11720;Renk GmbH Werk Hannover;renk hannover;D;Deutschland;11 Getriebe;0
11721;Reliefdruck Keller GmbH & Co KG;keller münchen;D;Deutschland;;0
11722;Stadtwerke Bad Tölz GmbH;stadtwerke bad tölz;D;Deutschland;;0
11723;BIT Braun Industrial Trading GmbH;bit sternenfels;D;Deutschland;30 Händler;0
11724;Kuwega Hydraulik-Service GmbH;kuwega wölfersheim / berstadt;D;Deutschland;10 Hydraulik;0
11725;HDD Handels- und Vertriebsgesellschaft mbH;hdd bad homburg;D;Deutschland;04 Gasdichte (SF6);0
11726;H.S. Hamburg Tec Supply GmbH;h.s.  hamburg;D;Deutschland;;0
11728;LANCO GmbH;lanco hanau;D;Deutschland;25 Allgemeiner Anlagenbau;0
11729;Nordson Engineering GmbH;nordson lüneburg;D;Deutschland;17 Verpackungsanlagen;0
11730;Imex Eschborn Import & Export;imex eschborn;D;Deutschland;;0
11731;GE Grid GmbH;GE Grid kassel;D;Deutschland;04 Gasdichte (SF6);0
11732;VESKIN Maschinen Handels GmbH;veskin sulzbach;D;Deutschland;;0
11733;EBM-Brosa Messgeräte GmbH & Co. KG;brosa tettnang;D;Deutschland;51 Kraftsensoren;0
11734;Reinhold & Mahla Industrieservice Höchst GmbH;r&m frankfurt;D;Deutschland;;0
11735;ZF Friedrichshafen AG Hauptverwaltung;zf  friedr.AG friedrichshafen;D;Deutschland;05 Prüfstände;0
11736;Carimex GmbH & Co. KG;carimex borken;D;Deutschland;30 Händler;0
11737;Hyvatec Bad Homburg GmbH;hyvatec bad homburg;D;Deutschland;;0
11738;H. Anger's Söhne GmbH Bohr-und Brunnenbau;anger's söhne hessisch;D;Deutschland;16 Wasseranwendungen;0
11739;LEE SASSE all for automationsystems;lee bochum;D;Deutschland;;0
11740;Universitätsklinikum Freiburg;universität freiburg;D;Deutschland;40 Kleinbetriebe;0
11741;BHS Baustoffwerke Werkstatt Salzenforst;bhs bautzen;D;Deutschland;;0
11742;SAWEX Maschinen Export GmbH;sawex edermünde;D;Deutschland;;0
11743;HYDAC- Technology GmbH;hydac technology sulzbach;D;Deutschland;40 Kleinbetriebe;0
11744;Heyer GmbH Oberflächentechnik;heyer lübeck;D;Deutschland;40 Kleinbetriebe;0
11745;GK Export;gk export wedemark;D;Deutschland;;0
11746;Stadtwerke Lindau(B) GmbH & Co.KG;stadtwerke lindau;D;Deutschland;;0
11747;CLEANAS GmbH & Co.KG Biogasanlagen;cleangas wittenburg;D;Deutschland;08 Kompressoren;0
11748;Fema GmbH Technik für Mensch und Umwelt;fema ernstroda;D;Deutschland;33 Ersatzteilhändler S/I;0
11749;Schlünzen Elektrotechnik GmbH;schlünzen schönkirchen;D;Deutschland;31 Ersatzteilhändler Schiffbau;0
11750;Böning Automationstechnologie GmbH & Co. KG;böning  ganderkesee;D;Deutschland;03 Schiffbau (Systeme);0
11752;Wilhelm Reuss GmbH & Co. KG Lebensmittelwerk;reuss berlin;D;Deutschland;;0
11753;Intier Automotive Näher GmbH I-Park Rastatt;näher rastatt;D;Deutschland;;0
11754;SSK von Schaewen Hückeswagen GmbH;ssk von schaewen hückeswagen;D;Deutschland;25 Allgemeiner Anlagenbau;0
11755;HTO GmbH Hydraulik Technik Oberhausen;hto oberhausen;D;Deutschland;10 Hydraulik;0
11756;Kälte-u. Klimatechnik G. Goetzelmann GmbH;götzelmann haibach;D;Deutschland;;0
11757;TANA TRADING GmbH;tana hamburg;D;Deutschland;30 Händler;0
11758;Peter Löwel Elektrotechnik GmbH;löwel beckdorf;D;Deutschland;;0
11759;VBE Gerlinde Eisch GmbH & Co. KG;vbe  spiegelau;D;Deutschland;06 Klimatechnik;0
11760;Christof Fischer GmbH Kälte - Klima;fischer bremen;D;Deutschland;06 Klimatechnik;0
11761;SAM Electronics Service-Censter West;sam bremerhaven;D;Deutschland;;0
11762;Intech Industrie GmbH Planung Projetentwicklung;intech köln;D;Deutschland;;0
11763;Wildeboer Bauteile GmbH;wildeboer weener;D;Deutschland;23 Brandschutz;0
11764;Infrastrukturbau GmbH Geschäftsbereich Teufel;infrastrukturbau nagold;D;Deutschland;;0
11765;Kreutzträger Kältetechnik GmbH & Co.KG;kreutzträger bremen;D;Deutschland;06 Klimatechnik;0
11767;Alfred Kuhse GmbH;kuhse winsen/luhe;D;Deutschland;12 Automatisierungstechnik;0
11768;SATRO GmbH Creating Values;satro lippstadt;D;Deutschland;;0
11769;Allweiler GmbH;allweiler bottrop;D;Deutschland;07 Pumpen;0
11770;Manitowoc Crane Group Germany GmbH;manitowoc wilhelmshaven;D;Deutschland;09 Mobilhydraulik;0
11771;hp-Technik GmbH;hp-technik karlsruhe;D;Deutschland;07 Pumpen;0
11772;-HIL- Höhmann Industrieservice & Logistik GmbH;hil kassel;D;Deutschland;32 Ersatzteilhändler Industrie;0
11773;CHRIST Industrieprodukte Vertrieb;christ untermeitingen;D;Deutschland;;0
11774;Kilb Elektro GmbH;kilb bad homburg;D;Deutschland;;0
11775;Heise Schiffsreparatur & Industrie Service GmbH;heise bremerhaven;D;Deutschland;31 Ersatzteilhändler Schiffbau;0
11776;Reederei Frank Dahl e.K. CUXSHIP Management GmbH;reederei frank cuxhaven;D;Deutschland;34 Reederei;0
11777;Federal Mogul Nürnberg GmbH A Tenneco Group Company;federal nürnberg;D;Deutschland;01 Motoren;0
11778;PTS Group GmbH;pts group schalksmühle;D;Deutschland;10 Hydraulik;0
11779;Klinikum Ingolstadt GmbH;klinikum ingolstadt;D;Deutschland;40 Kleinbetriebe;0
11780;Lechwerke AG;lechwerke augsburg;D;Deutschland;;0
11781;IGG Ingenieurbüro Grünewald-Gast;igg hannover;D;Deutschland;;0
11782;agriKomp GmbH;agrikomp merkendorf;D;Deutschland;26 Erneuerbare Energien;0
11783;Paul Schmidhuber;schmidhuber attenkirchen;D;Deutschland;;0
11784;Dalog Diagnosesysteme GmbH;dalog neusäß;D;Deutschland;12 Automatisierungstechnik;0
11785;REKOMAR GmbH;rekomar bad bramstedt;D;Deutschland;31 Ersatzteilhändler Schiffbau;0
11786;Johnson Controls Systems & Service GmbH;johnson hamburg;D;Deutschland;32 Ersatzteilhändler Industrie;0
11787;HATLAPA Uetersener Maschinenfabrik;hatlapa schwerin;D;Deutschland;;0
11788;ZF Passau GmbH;zf  passau;D;Deutschland;05 Prüfstände;0
11789;Navitek GmbH;navitek wilhelmshaven;D;Deutschland;31 Ersatzteilhändler Schiffbau;0
11790;Hänsel Textil GmbH;hänsel iserlohn;D;Deutschland;;0
11791;TMQS GmbH;Tmqs büchen;D;Deutschland;33 Ersatzteilhändler S/I;0
11792;INDUPLAN Ingenieurbüro GmbH;induplan hamburg;D;Deutschland;40 Kleinbetriebe;0
11793;Stadtwerke Langenzenn;stadtwerke langenzenn;D;Deutschland;;0
11794;Deutsche Rentenversicherung Reha-Zentrum Bad Dürrheim;deutsche bad dürrheim;D;Deutschland;;0
11795;E.ON Ruhrgas AG;e.on essen;D;Deutschland;;0
11796;Rohde & Schwarz GmbH & Co. KG;rohde teisnach;D;Deutschland;;0
11797;Glatfelter Steinfurt GmbH;glatfelter steinfurt magnera;D;Deutschland;32 Ersatzteilhändler Industrie;0
11798;DWA Donau-Wald Asphalt-Mischwerke GmbH & Co.KG;dwa   plattling;D;Deutschland;;0
11799;Buschhoff Stanztechnik GmbH & Co. KG;buschhoff köln;D;Deutschland;40 Kleinbetriebe;0
11800;E.W. Neu GmbH Werkzeug u.-Maschinen Grosshandel;e.w. neu worms;D;Deutschland;30 Händler;0
11801;Johnson Controls Systems & Service GmbH;johnson mannheim;D;Deutschland;;0
11802;I.B.S. Industrie-Baustellen-Service u.;i.b.s meinersen;D;Deutschland;;0
11803;SCAN-MOT Schiffstechnik GmbH NL Hamburg;scan-mot hamburg;D;Deutschland;31 Ersatzteilhändler Schiffbau;0
11804;ELWEMA GmbH Werkzeug-und Maschinenbau;elwema ellwangen;D;Deutschland;;0
11805;GermanBase GmbH Industriekomponenten;german base saarbrücken;D;Deutschland;31 Ersatzteilhändler Schiffbau;0
11806;BEST GmbH;Best Darmstadt;D;Deutschland;;0
11807;Rexel Deutschland GmbH & Co. KG;rexel erlangen;D;Deutschland;30 Händler;0
11808;B.E.S. Brandenburger Elektrostahlwerke GmbH;b.e.s. brandenburg;D;Deutschland;;0
11809;ERO Montage und Anlagenbau GmbH;ero herrnhut;D;Deutschland;12 Automatisierungstechnik;0
11810;MIZ International Logistics GmbH;miz wilhelmshaven;D;Deutschland;12 Automatisierungstechnik;0
11811;IC Import Consultants GmbH;ic import münchen;CH;Schweiz;30 Händler;0
11812;AE&E Lentjes GmbH Doosan Lentjes GmbH;AE&E lentjes ratingen;D;Deutschland;25 Allgemeiner Anlagenbau;0
11813;novoflow GmbH Umwelt- und Filtertechnik;novoflow oberndorf;D;Deutschland;07 Pumpen;0
11814;Mannebeck Elektrotechnik GmbH & Co. KG;mannebeck gronau;D;Deutschland;;0
11815;Wolfgang Feurer;feurer nußloch;D;Deutschland;;0
11816;Albatros Marine Service Ltd.;albatros barsbüttel;D;Deutschland;31 Ersatzteilhändler Schiffbau;0
11817;Otto Faasch Elektrogrsshandel GmbH & Co.;faasch hamburg;D;Deutschland;;0
11818;Heinrich Behrens Pumpenfabrik GmbH & Co.;behrens bremen;D;Deutschland;07 Pumpen;0
11819;CEF Elektrofachgroßhandlung Nord GmbH;cef hamburg;D;Deutschland;;0
11820;Winterberg Trading GmbH;winterberg delmenhorst;D;Deutschland;31 Ersatzteilhändler Schiffbau;0
11821;Weiss Umwelttechnik GmbH;Weiss Umwelttechnik stuttgart;D;Deutschland;05 Prüfstände;0
11822;Holmer Maschinenbau GmbH;holmer eggmühl;D;Deutschland;09 Mobilhydraulik;0
11823;Ing. Büro Braun Meß- und Regeltechnik;braun eppstein;D;Deutschland;;0
11824;ITC Industrieanlagenhandels GmbH;itc köln;D;Deutschland;30 Händler;0
11825;Reinhold Wesselmann GmbH;wesselmann lastrup;D;Deutschland;;0
11826;ETSCHEID Anlagen GmbH;etscheid neustadt/wied;D;Deutschland;06 Klimatechnik;0
11827;SCAN-MOT Schiffstechnik GmbH;scan mot rostock;D;Deutschland;;0
11828;Peißenberger Kraftwerksges. mbH;pkg preißenberg;D;Deutschland;;0
11829;D.u.E. Günther GmbH;günther münchen;D;Deutschland;;0
11830;IKN GmbH Ingenieurbuero Kuehlerbau Neustad;ikn neustadt;D;Deutschland;25 Allgemeiner Anlagenbau;0
11831;Stora Enso Maxau GmbH;stora karlsruhe;D;Deutschland;;0
11832;BAMO Stahl- und Anlagenbau Elektrotechnische Anlagen GmbH;bamo lauchringen;D;Deutschland;25 Allgemeiner Anlagenbau;0
11833;ETO Sensoric KG;eto nürnberg;D;Deutschland;40 Kleinbetriebe;0
11834;BSM Messtechnik Bodo Swiatkowski e.K;bsm wesel-ginderich;D;Deutschland;30 Händler;0
11835;GC GmbH CEF Gräfelfing;cef gräfelfing;D;Deutschland;;0
11836;ILET-Berlin e.K.;ilet berlin;D;Deutschland;25 Allgemeiner Anlagenbau;0
11837;TH Technische Hydraulik technischer;th linthe;D;Deutschland;;0
11838;N.A.L. Impex Baumschinen- und Ersatzteilhandel;nal berlin;D;Deutschland;;0
11839;Aerzener Maschinenfabrik GmbH;aerzener aerzen;D;Deutschland;08 Kompressoren;0
11840;Daimler  AG;daimler gaggenau;D;Deutschland;05 Prüfstände;0
11841;GE Grid Messwandler GmbH;GE grid ludwigslust;D;Deutschland;04 Gasdichte (SF6);0
11842;Helmholtz-Zentrum hereon GmbH;helmholtz hereon geesthacht;D;Deutschland;40 Kleinbetriebe;0
11843;Daimler  AG;daimlerchysler ulm;D;Deutschland;05 Prüfstände;0
11844;TRACTO-TECHNIK GmbH Spezialmaschinen;tracto-technik lennestadt;D;Deutschland;25 Allgemeiner Anlagenbau;0
11845;FH Aschaffenburg;fh aschaffenburg;D;Deutschland;;0
11846;Andreas Zinn Internethandel;zinn wolfsburg;D;Deutschland;;0
11847;Rothrist Rohr (Deutschland) GmbH;rothrist bottrop;D;Deutschland;25 Allgemeiner Anlagenbau;0
11848;Sonepar Deutschland / Region Süd GmbH;sonepar augsburg;D;Deutschland;30 Händler;0
11849;Andreas Lang GmbH;lang schöneck;D;Deutschland;;0
11850;Magna International Stanztechnik GmbH;magna heilbad;D;Deutschland;12 Automatisierungstechnik;0
11851;Pfander Handelsgesellschaft mbH;pfander reutlingen;D;Deutschland;33 Ersatzteilhändler S/I;0
11852;Junghans Microtec GmbH;junghans dunningen;D;Deutschland;;0
11853;Schoeller Technocell GmbH & Co.KG;schoeller osnabrück;D;Deutschland;;0
11854;A L K Haustechnik;alk haustechnik;D;Deutschland;16 Wasseranwendungen;0
11855;Rexel Deutschland Elektrofachgrosshandel GmbH;rexel siegburg;D;Deutschland;30 Händler;0
11856;Elektro Hermjohannknecht;elektro hermjoha gütersloh;D;Deutschland;32 Ersatzteilhändler Industrie;0
11857;MSR GmbH Messen-Steuern-Regeln;msr herdecke;D;Deutschland;;0
11858;C.F. Weber GmbH;weber spitzkunnersdorf;D;Deutschland;25 Allgemeiner Anlagenbau;0
11859;Bremer Werk für Montagesysteme GmbH;bremer bremen;D;Deutschland;25 Allgemeiner Anlagenbau;0
11860;ABIC Brennertechnik GmbH;abic salem;D;Deutschland;06 Klimatechnik;0
11861;Bundespolizeiinspektion See Cuxhaven;bundespolizei cuxhaven;D;Deutschland;;0
11862;Qvedis GmbH;qvedis mühlhausen;D;Deutschland;12 Automatisierungstechnik;0
11863;Robert Nyblad GmbH;nyblad papenburg;D;Deutschland;25 Allgemeiner Anlagenbau;0
11864;SOS - Kinderdorf e.V. SOS - Dorfgemeinschaft Hohenroth;sos gemünden;D;Deutschland;;0
11865;Nautic - Help;nautic hamburg;D;Deutschland;31 Ersatzteilhändler Schiffbau;0
11866;Eichetti Confect Spezialitäten A. Eichelmann GmbH;eichetti werneck;D;Deutschland;;0
11867;Bosch Sicherheitssysteme GmbH;bosch düsseldorf;D;Deutschland;23 Brandschutz;0
11868;A. Eichelmann GmbH & Co. KG Eichetti Confect Spezialitäten;eichelmann werneck;D;Deutschland;;0
11869;Pro Casa GmbH;pro casa oberstenfeld;D;Deutschland;;0
11870;Ladiges Im- und Export;ladiges hitzhusen;D;Deutschland;;0
11871;BOA Balg- und Kompensatoren- Technologie GmbH;boa Stutensee;D;Deutschland;25 Allgemeiner Anlagenbau;0
11872;Julian Weiß;weiß alzenau;D;Deutschland;;0
11873;Technische Universität Kaiserslautern;technische uni kaiserslautern;D;Deutschland;;0
11874;Stanislav Holecek Industrievertretungen;Holecek erzhausen;D;Deutschland;;0
11875;IHT Timme GmbH & Co. KG;iht stadthagen;D;Deutschland;;0
11876;Ernst Komrowski Components GmbH;komrowski hamburg;D;Deutschland;;0
11877;Rubix GmbH;rubix stuhr;D;Deutschland;30 Händler;0
11878;Sonepar Deutschland/Region Süd GmbH Mödinger Elektro-;sonepar biberach;D;Deutschland;30 Händler;0
11879;Altrade GmbH;altrade freigericht;D;Deutschland;;0
11880;Hostmann-Steinberg GmbH;hostmann celle;D;Deutschland;;0
11882;Rebernig-Staiger Werkzeuge;rebernig  augsburg;D;Deutschland;01 Motoren;0
11883;Imtron GmbH Industrielle Meß- u Steuertechnik;imtron owingen;D;Deutschland;;0
11884;Photoautomat Gmbh & Co. KG;photoautomat berlin;D;Deutschland;;0
11885;Warnow Hydraulik GmbH;warnow bentwisch;D;Deutschland;03 Schiffbau (Systeme);0
11886;GEMTEC Laseroptische Systeme GmbH;gemtec winnenden;D;Deutschland;12 Automatisierungstechnik;0
11887;Bergmann Maschinenbau;bergmann meppen;D;Deutschland;09 Mobilhydraulik;0
11888;FAUN Umwelttechnik GmbH & Co. KG;faun osterholz-scharmbeck;D;Deutschland;09 Mobilhydraulik;0
11889;Parker Hannifin GmbH;parker stuhr;D;Deutschland;;0
11890;Preis Ingenieurbüro GmbH;Preis Bühlertal;D;Deutschland;;0
11891;Boss Pro-Tec GmbH;boss albstadt;D;Deutschland;25 Allgemeiner Anlagenbau;0
11892;Malteser Krankenhaus St. Anna;malteser duisburg;D;Deutschland;;0
11893;REXEL Deutschland Elektrofachgrosshandel GmbH;rexel hof;D;Deutschland;30 Händler;0
11894;Wasser- und Schifffahrtsamt Bremerhaven;wasser- und schiff. bremerhaven;D;Deutschland;;0
11895;S-Bahn Hamburg GmbH B 1 (1);s-bahn hamburg;D;Deutschland;00 Bahn;1
11896;UCD Drucklufttechnik GmbH;ucd herne;D;Deutschland;08 Kompressoren;0
11897;E. Begerow GmbH & Co.;begerow langenlonsheim;D;Deutschland;;0
11898;LSS GmbH Logistik Sytem Service GmbH;lss gelsenkirchen;D;Deutschland;;0
11899;WAGNER GMBH Hydraulik + Antrieb;wagner ehrenkirchen;D;Deutschland;10 Hydraulik;0
11900;Schleifscheibenfabrik ROTTLUFF GmbH;rottluff chemnitz;D;Deutschland;;0
11901;BBS GmbH Bremer Boots- und Schiffswerft;bbs berne;D;Deutschland;;0
11902;Martin Knorr Elektrotechnik;knorr eggolsheim;D;Deutschland;;0
11903;CFB Chemische Fabrik Budenheim KG;cfb budenheim;D;Deutschland;12 Automatisierungstechnik;0
11904;Anlagentechnik Klaus Jäger;jäger Gessertshausen;D;Deutschland;;0
11905;DB Fahrzeuginstandhaltung GmbH;db   berlin;D;Deutschland;00 Bahn;1
11906;CVS engineering GmbH;cvs-eng rheinfelden;D;Deutschland;08 Kompressoren;0
11907;S. Line International Trading;s.line  st.georgen;D;Deutschland;;0
11908;Rolf Lübbe Hebe und Zurrsysteme;Lübbe Bremerhaven;D;Deutschland;29 Drehmomentanwendungen;0
11909;Wasser- und Schifffahrtsamt Mannheim;wasser-und schifffahrts speyer;D;Deutschland;34 Reederei;0
11910;Barth-Hydraulik;barth ronneburg;D;Deutschland;;0
11911;Elektro Filter;elektro filter neuenrade;D;Deutschland;;0
11912;Lübke GmbH -Filter- und Umwelttechnik-;lübke bocholt;D;Deutschland;22 Filtertechnik;0
11913;AIR LIQUIDE Deutschland GmbH;air liquide Krefeld;D;Deutschland;52 Wasserstoffanwendungen;0
11914;Hermann Stitz & Co. KG Fachgroßhandel für Haustechnik;stitz barsbüttel;D;Deutschland;30 Händler;0
11915;BOLWIN & HEEMANN Gebäudetechnik GmbH;bolwin & heemann leipzig;D;Deutschland;;0
11916;eMeno Batteries GmbH;emeno hamburg;D;Deutschland;26 Erneuerbare Energien;0
11917;Janssen Elektro- Maschinen GmbH;janssen elektro aurich;D;Deutschland;25 Allgemeiner Anlagenbau;0
11918;Penell GmbH Elektro - Großhandel;penell ober-ramstadt;D;Deutschland;30 Händler;0
11919;Gebr.Friedrich E-Technik;friedrich rostock;D;Deutschland;31 Ersatzteilhändler Schiffbau;0
11920;Bezirksklinik Rehau;bezirksklinik rehau;D;Deutschland;;0
11921;AMK-Objektgesellschaft mbH & Co. KG;amk iserlohn;D;Deutschland;;0
11922;Loreley-Klinik;loreley-klinik oberwesel;D;Deutschland;;0
11923;I. Bieser Handel mit Kfz Sonderteilen;bieser  kfz friedrichshafen;D;Deutschland;;0
11924;Cuxhavener Elektromaschinen GmbH;cuxhavener cuxhaven;D;Deutschland;31 Ersatzteilhändler Schiffbau;0
11925;Bavaria Kälte-u.Klima GmbH;bavaria ismaning;D;Deutschland;06 Klimatechnik;0
11926;HEYDE Maschinen-Service GmbH;heyde zwönitz;D;Deutschland;25 Allgemeiner Anlagenbau;0
11927;henkel gmbh;henkel kirchhundem;D;Deutschland;;0
11928;Insitut für Luft - u Kältetechnik Gemeinnützige Gesellschaft mbH;ilk dresden;D;Deutschland;06 Klimatechnik;0
11929;Sonepar Deutschland Region Süd GmbH;sonepar landshut;D;Deutschland;30 Händler;0
11930;Bock Schiffsservice;bock leer;D;Deutschland;31 Ersatzteilhändler Schiffbau;0
11931;Husumer Dock und Reparatur GmbH & Co. KG;hdr husumer dock husum;D;Deutschland;;0
11932;Schultze & Partner GmbH Kältetechnik und Ladenbau;schultze bremerhaven;D;Deutschland;06 Klimatechnik;0
11933;INMA INDUSTRIEMASCHINEN VERTRIEBS-GMBH;inma kaiserslautern;D;Deutschland;32 Ersatzteilhändler Industrie;0
11934;RWE Systems AG Konzerneinkauf;rwe  essen/dortmund;D;Deutschland;40 Kleinbetriebe;0
11935;Comaco GmbH;comaco gelnhausen;D;Deutschland;12 Automatisierungstechnik;0
11936;Siemens AG Power Power and Gas Division;siemens berlin;D;Deutschland;18 Turbinen;0
11938;Grenzkraftwerke GmbH;grenzkraftwerke simbach;D;Deutschland;20 Energietechnik;0
11939;JKW Aussenhandesl GmbH;jkw hamburg;D;Deutschland;;0
11940;Systemtechnik A. Quaiser Elektro- u. Kommunikationstechnik;Quaiser Flöha;D;Deutschland;;0
11941;Cefip Consulting & Engineering für Industrieprodukte GmbH;cefip herne;D;Deutschland;;0
11942;AD AGRO systems GmbH & Co. KG;ad agro vechta;D;Deutschland;25 Allgemeiner Anlagenbau;0
11943;Evonik Industries AG;evonik wesseling;D;Deutschland;19 Medizintechnik;0
11944;KKM-Technik-Klempau Elektro-Systemtechnik für;kkm kleinostheim;D;Deutschland;03 Schiffbau (Systeme);0
11945;etw - Elektrotechnik Wilhelmshaven GmbH;etw elektrotechnik wilhelmshaven;D;Deutschland;25 Allgemeiner Anlagenbau;0
11946;REUKO Klima Service GmbH & Co. KG;reuko systems nagold;D;Deutschland;06 Klimatechnik;0
11947;Weigl Aluminiumguss GmbH;weigl bautzen;D;Deutschland;;0
11948;ultratroc GmbH;ultratroc flensburg;D;Deutschland;22 Filtertechnik;0
11949;TRAFO-TECHNIK Lothar Heyse;trafo technik berlin;D;Deutschland;;0
11950;Christof Fischer GmbH Großhandel und Herstellung;fischer hamburg;D;Deutschland;06 Klimatechnik;0
11951;Winter & Kochendörfer KG Feinmechanischer Apparatebau;winter&kochendörfer heidelberg;D;Deutschland;;0
11952;SI-special instruments GmbH;specialinstruments nördlingen;D;Deutschland;12 Automatisierungstechnik;0
11953;I.S.E. Trading GmbH;i.s.e. trading freudenstadt;D;Deutschland;30 Händler;0
11954;UPM GmbH;upm schongau;D;Deutschland;26 Erneuerbare Energien;0
11955;Salamander Industrie-Produkte GmbH;salamander papenburg;D;Deutschland;30 Händler;0
11956;BGH Edelstahl Siegen GmbH;bgh siegen;D;Deutschland;35 Instandhaltung/Wartung;0
11957;Siemens AG Industry Sector;siemens stuttgart;D;Deutschland;12 Automatisierungstechnik;0
11958;Hydac Cooling GmbH;hydac cooling;D;Deutschland;40 Kleinbetriebe;0
11959;LINDE + WIEMANN Stanztechnik GmbH;linde + wiemann;D;Deutschland;12 Automatisierungstechnik;0
11960;SIWO GmbH Im & Exports;siwo;D;Deutschland;30 Händler;0
11961;BAUER Holzenergie GmbH & Co.KG;bauer bad rappenau;D;Deutschland;40 Kleinbetriebe;0
11962;Reuther Verpackung GmbH & Co.KG;reuther neuwied;D;Deutschland;17 Verpackungsanlagen;0
11963;Schubert Tacke GmbH & Co.KG;schubert velbert;D;Deutschland;30 Händler;0
11964;Hagemeyer Deutschland GmbH & Co. KG;hagemeyer neuwied;D;Deutschland;33 Ersatzteilhändler S/I;0
11965;Horlemann Elektrobau GmbH;horlemann uedern;D;Deutschland;25 Allgemeiner Anlagenbau;0
11966;Bosch Sicherheitssysteme GmbH;bosch regensburg;D;Deutschland;23 Brandschutz;0
11967;Bürkert Werke GmbH & Co. KG;bürkert ingelfingen;D;Deutschland;07 Pumpen;0
11968;Ingenieurbüro Anton Reichensperger Dipl.-Ing;reichensperger tapfheim;D;Deutschland;;0
11969;RITTER Elektronik GmbH;ritter remscheid;D;Deutschland;12 Automatisierungstechnik;0
11970;Heißwolf GmbH;heißwolf schnelldorf;D;Deutschland;;0
11971;Schoenrock Hydraulik Marine Syste;schoenrock schenefeld;D;Deutschland;03 Schiffbau (Systeme);0
11972;Siemens Gas and Power GmbH & Co. KG;siemens erlangen;D;Deutschland;04 Gasdichte (SF6);0
11973;MTO Engineering Osterhaus & Pauli GbR;mto ladbergen;D;Deutschland;05 Prüfstände;0
11974;Förstina-Sprudel;förstina eichenzell;D;Deutschland;;0
11975;Stadtwerke Konstanz GmbH;stadtwerke konstanz;D;Deutschland;40 Kleinbetriebe;0
11976;Siemens AG;siemens münchen;D;Deutschland;;0
11977;Unterweser Reederei GmbH;unterweser bremen;D;Deutschland;;0
11978;Wollschläger GmbH & Co. KG;wollschläger bochum;D;Deutschland;;0
11979;Schunk Kohlenstofftechnik GmbH;schunk giessen;D;Deutschland;12 Automatisierungstechnik;0
11980;Hermann Lohmann Schiffs-und Industriebedarf e.K.;lohmann haren;D;Deutschland;31 Ersatzteilhändler Schiffbau;0
11981;TSP Riess GmbH & Co.KG;tsp riess zeilarn;D;Deutschland;12 Automatisierungstechnik;0
11982;Möhring GmbH;möhring bremerhaven;D;Deutschland;;0
11983;Terex MHPS GmbH;Terex;D;Deutschland;09 Mobilhydraulik;0
11984;Lippold  GmbH;lippold hamburg;D;Deutschland;10 Hydraulik;0
11985;elektroma GmbH;elektroma hameln;D;Deutschland;;0
11986;EMG Automation GmbH;emg oschersleben+emden;D;Deutschland;12 Automatisierungstechnik;0
11987;Martron Marine Electronic & Service GmbH;martron haren;D;Deutschland;31 Ersatzteilhändler Schiffbau;0
11988;HTI WILD KG;hti wild mannheim;D;Deutschland;30 Händler;0
11989;Klaus Schaller C & T GmbH;schaller berlin;D;Deutschland;25 Allgemeiner Anlagenbau;0
11990;BD Services GmbH;bd services schwerin;D;Deutschland;;0
11991;International Engineering And Trading;international todtnau;D;Deutschland;;0
11992;BHT Electric Service + Trade GmbH & Co. KG;bht köln;D;Deutschland;;0
11993;J.W. Zander GmbH & Co. KG;zander freiburg;D;Deutschland;40 Kleinbetriebe;0
11994;Airbus Operations GmbH;airbus hamburg;D;Deutschland;13 Flugzeugbau;0
11995;RTE-Relli Engineering und Vertriebs-GmbH;rte willich;D;Deutschland;Text;0
11996;Vishay Electronic GmbH;vishay selb;D;Deutschland;30 Händler;0
11997;GASTRO-Technik GmbH Großkücheneinrichtung;gastro münchen;D;Deutschland;;0
11998;KWEK COMPANY Trading - Supplier;kwek berlin;D;Deutschland;;0
11999;ISL-Industriehandel & Service GmbH;isl merseburg;D;Deutschland;;0
12000;Abwasserverband Obere Iller;abwasserverband immenstadt;D;Deutschland;40 Kleinbetriebe;0
12001;EuroSourceLine Deuschland GmbH;eurosource wuppertal;D;Deutschland;;0
12002;SIMS International GmbH Ships Industry Marine Services;sims hamburg;D;Deutschland;31 Ersatzteilhändler Schiffbau;0
12003;Andreas Boese Elektro-Grosshandel für Schifffahrt und Industrie;boese hamburg;D;Deutschland;34 Reederei;0
12004;CTP GmbH;ctp schwabmünchen;D;Deutschland;;0
12005;Knauf Insultation GmbH;knauf simbach;D;Deutschland;;0
12006;WMT GmbH Werkzeuge - Maschinen -;wmt hildesheim;D;Deutschland;;0
12007;CIDEG GmbH;cideg bremen;D;Deutschland;;0
12008;Elektro Maschinen Reparatur GmbH;elmar ulm;D;Deutschland;;0
12009;Bundesamt für Ausrüstung, Informationstechnik und;bundesamt wehrtechnik koblenz;D;Deutschland;35 Instandhaltung/Wartung;0
12010;HARDY SCHMITZ GmbH;schmitz rheine;D;Deutschland;30 Händler;0
12011;Gusto AG;gusto hohenpolding;D;Deutschland;30 Händler;0
12012;3GG Trading GmbH;3gg hamburg;D;Deutschland;40 Kleinbetriebe;0
12013;GIPA mbH;gipa holzwickede;D;Deutschland;;0
12014;PWE Presswerk Mainleus GmbH;pwe mainleus;D;Deutschland;;0
12015;Friedrich Leutert GmbH & Co. KG;leutert adendorf;D;Deutschland;25 Allgemeiner Anlagenbau;0
12016;Wasser- und Schifffahrtsamt Freiburg;wasser-und schifffahrts iffezheim;D;Deutschland;34 Reederei;0
12017;Schiffswerft Horn GmbH;horn wolgast;D;Deutschland;02 Schiffbau (Werft);0
12018;Eltech Technischer Handel Inh. Dipl.-Ing Axel Breuer;eltech hückelhoven;D;Deutschland;30 Händler;0
12019;bhl.instruments e.K.;bhl stolberg;D;Deutschland;04 Gasdichte (SF6);0
12020;Actemium Kappelhoff GmbH;actemium bottrop;D;Deutschland;30 Händler;0
12021;Bediye Eskin;eskin nürnberg;D;Deutschland;;0
12023;KWE Klein & Wilhelm Engineering GmbH;kwe bottrop;D;Deutschland;;0
12024;Morath Systems (e. K.);morath vs schwenningen;D;Deutschland;;0
12025;Peter Jensen GmbH;jensen hamburg;D;Deutschland;;0
12026;Aluminium Oxid Stade GmbH;aluminium stade;D;Deutschland;35 Instandhaltung/Wartung;0
12027;Omega Papier Wernshausen GmbH OT Wernshausen;omega papier wernshausen;D;Deutschland;;0
12028;Sonepar Deutschland Region Nord-Ost GmbH;sonepar glinde;D;Deutschland;30 Händler;0
12029;Assmy und Böttger;assmy oldenburg;D;Deutschland;;0
12030;Habotec GmbH Technische Gebäudeausrüstung;habotec lübeck;D;Deutschland;;0
12031;MEA-Machinery G. George-H. George oHG;mea machinery windeck;D;Deutschland;;0
12032;Feuerungsanlagen-Sevice- Morgenstern;feuerungsanl  hartmannsdorf;D;Deutschland;;0
12033;arb elektromechanik & steuerungen GmbH;arb berlin;D;Deutschland;;0
12034;Hofmockel GmbH & Co. Elektroanlagen KG;hofmockel rohr;D;Deutschland;16 Wasseranwendungen;0
12035;STEKRALAB Laborausrüstungen Walter Krause e. Kfm.;stekralab friedberg;D;Deutschland;;0
12036;CONATEX GmbH Dipl.-Ing. L. Colbuzs GmbH;conatex st.wendel;D;Deutschland;30 Händler;0
12037;Sensoplan AG;sensoplan hohentengen;D;Deutschland;25 Allgemeiner Anlagenbau;0
12038;Friotherm Deutschland GmbH;friotherm weißensberg;D;Deutschland;06 Klimatechnik;0
12039;Zeppelin Power Systems GmbH & Co. KG;zeppelin bremen;D;Deutschland;40 Kleinbetriebe;0
12040;R&W Filtertechnik GmbH;r+w filtertechnik wuppertal;D;Deutschland;12 Automatisierungstechnik;0
12041;Humana Milchunion eG;humana everswinkel;D;Deutschland;;0
12042;Ebinger Metallveredlung GmbH;ebinger stuttgart;D;Deutschland;;0
12043;HTI-GESAB Hoch-Temperatur Industrieanlagen;hti ellerau;D;Deutschland;03 Schiffbau (Systeme);0
12044;Printworld GmbH;printworld kalletal;D;Deutschland;;0
12045;Oilgear Towler GmbH;oilgear hattersheim;D;Deutschland;10 Hydraulik;0
12046;HK Hydraulik GmbH;hk hydraulik essen;D;Deutschland;10 Hydraulik;0
12047;Schwenck Maritime Procurement GmbH & Co. KG;schwenck seevetal;D;Deutschland;31 Ersatzteilhändler Schiffbau;0
12048;Hytec-Hydraulik oHG;hytec-hydraulik helmstedt;D;Deutschland;10 Hydraulik;0
12049;K.E.R.N. Handelsgesellschaft mbH;k.e.r.n. frankfurt;D;Deutschland;30 Händler;0
12050;Mühlen-und Maschinenbau Kunze GmbH;kunze weißenhorn;D;Deutschland;;0
12051;Siemens AG E F ES SPR PV;siemens offenbach;D;Deutschland;12 Automatisierungstechnik;0
12052;Herbert Neundörfer Werksvertretung GmbH & Co.KG;neundörfer quierschied;D;Deutschland;30 Händler;0
12053;Balli Klöckner GmbH;balli klöckner duisburg;D;Deutschland;;0
12054;Wasser- und Schiffahrtsamt Emden Abteilung Bauhof - Einkauf;wasser emden;D;Deutschland;31 Ersatzteilhändler Schiffbau;0
12055;DASI-Technology GmbH;dasi hagen;D;Deutschland;;0
12056;PD-Technik Maschinenbau GmbH;pd technik hamburg;D;Deutschland;25 Allgemeiner Anlagenbau;0
12057;HMP GmbH Heinrich Müller Maschinenfabrik;hmp pforzheim;D;Deutschland;25 Allgemeiner Anlagenbau;0
12058;NORTA MIT GmbH Maritime Industrial Technic;norta hamburg;D;Deutschland;31 Ersatzteilhändler Schiffbau;0
12059;Wilhelm Boerner Import & Export  e.K.;wb   gleissenberg;D;Deutschland;;0
12060;Comtronic GmbH;comtronic schönau;D;Deutschland;12 Automatisierungstechnik;0
12061;Bilfinger Berger Nigeria GmbH;bilfinger wiesbaden;D;Deutschland;25 Allgemeiner Anlagenbau;0
12062;HW Ship Tec. GmbH Service and Spare Parts;hw probsteierhagen;D;Deutschland;31 Ersatzteilhändler Schiffbau;0
12063;Henkelhausen GmbH & Co.KG;henkelhausen krefeld;D;Deutschland;11 Getriebe;0
12064;Constellium Rolled Products Singen GmbH & Co. KG;constellium singen;D;Deutschland;30 Händler;0
12065;ABS Industriebedarf E.K;abs bochum;D;Deutschland;;0
12066;B&B Marine Service & Trading GmbH;b&b jork;D;Deutschland;33 Ersatzteilhändler S/I;0
12067;"Taknas Marine Engineering GmbH ""Fruchthof""";taknas hamburg;D;Deutschland;;0
12068;B M V Trading GmbH;bmv bergneustadt;D;Deutschland;30 Händler;0
12069;K.R. Pfiffner GmbH;pfiffner zimmern;D;Deutschland;12 Automatisierungstechnik;0
12070;FRYKA Kältetechnik GmbH;fryka esslingen;D;Deutschland;06 Klimatechnik;0
12071;H.A. Schröder GmbH & Co. KG;schröder schiffdorf;D;Deutschland;03 Schiffbau (Systeme);0
12072;Bambus Zentrum München;bambus münchen;D;Deutschland;;0
12073;Einkaufsgesellschaft der Dillinger Hütte und Saarstahl mbH;einkaufsges völklingen;D;Deutschland;;0
12074;Pioneer Medical Devices GmbH Niederlassung Aschersleben;ascamed aschersleben;D;Deutschland;19 Medizintechnik;0
12075;Göpfert AG Armaturenfabrik u. Metallgießerei;göpfert weddingstedt;D;Deutschland;40 Kleinbetriebe;0
12076;Erich Grau GmbH Stanzwerk für Elektrobleche;grau sersheim;D;Deutschland;10 Hydraulik;0
12077;Oberland - Kälte GmbH & Co.KG;oberland reichersbeuern;D;Deutschland;06 Klimatechnik;0
12078;FONG´S EUROPE GMBH;fongs schwäbisch hall;D;Deutschland;12 Automatisierungstechnik;0
12079;Far East Trading Ihn.: Junel Fueconcillo;far east hamburg;D;Deutschland;30 Händler;0
12080;Oil-GaTe Oel und Gasfeuerungstechnik GmbH & Co.KG;oil gate hamburg;D;Deutschland;33 Ersatzteilhändler S/I;0
12081;INTRONIK GmbH Industrie Elektronik u Automation;intronik dresden;D;Deutschland;;0
12082;Reederei Hiddensee GmbH Inspektion;reederei hiddensee stralsund;D;Deutschland;;0
12083;Glanz Motortechnik GmbH;glanz köln;D;Deutschland;30 Händler;0
12084;Frigotechnik Handels-GmbH;frigotechnik münchen;D;Deutschland;06 Klimatechnik;0
12085;Bayerische Oberlandbahn GmbH Bahnbetriebswerk;bayerische lenggries;D;Deutschland;00 Bahn;1
12086;INOX Schleiftechnik GmbH & Co.KG;inox frankenberg;D;Deutschland;12 Automatisierungstechnik;0
12087;Elektro-Motoren NESSLAUER GmbH;neßlauer neufahrn;D;Deutschland;;0
12088;ARKEMA GmbH Niederlassung Arkema;arkema zwickau;D;Deutschland;;0
12089;AK Feinrohr GmbH;ak feinrohr neuhaus;D;Deutschland;25 Allgemeiner Anlagenbau;0
12090;Noske-Kaeser Systems + Service GmbH;noske service hamburg;D;Deutschland;00 Bahn;1
12091;R&B technics GmbH;r&b  schwabach;D;Deutschland;;0
12092;INTEC Engineering GmbH;INTEC;D;Deutschland;26 Erneuerbare Energien;0
12093;EZM Indusrie- und Fördertechnik GmbH;ezm hagen;D;Deutschland;;0
12094;TecIntegral Ohnesorge e.K. Steuer- und Regelungstechnik;tecintegral neuenkirchen;D;Deutschland;12 Automatisierungstechnik;0
12095;Ingenieurbüro Sigma GmbH;ing.-büro sigma  goldbach;D;Deutschland;40 Kleinbetriebe;0
12096;Sulzer Metaplas GmbH;sulzer bergisch-gladbach;D;Deutschland;;0
12097;Moving Transportsysteme GmbH;moving burgwedel;D;Deutschland;;0
12098;AGRAVIS Raiffeisen AG Futtermittelwerk Bremerhaven;agravis bremerhaven;D;Deutschland;;0
12099;e&s aqua GmbH;e&s aqua;D;Deutschland;16 Wasseranwendungen;0
12100;CWS Fire Safety GmbH Niderlassung Berlin-Süd;cws fire saftety wildau;D;Deutschland;23 Brandschutz;0
12101;JUKO Technik GmbH;juko geretsried;D;Deutschland;10 Hydraulik;0
12102;Wanner Elektrotechnik GmbH;wanner aichach;D;Deutschland;31 Ersatzteilhändler Schiffbau;0
12103;Solar Factory GmbH;solar factory freiberg;D;Deutschland;;0
12104;DESCH Antriebstechnik GmbH & Co. KG;desch arnsberg;D;Deutschland;05 Prüfstände;0
12105;August Kuhfuss Nachf. Ohlendorf GmbH;kuhfuss braunschweig;D;Deutschland;30 Händler;0
12106;Klöckner Hänsel Processing GmbH;klöckner hannover;D;Deutschland;;0
12107;ASK Chemicals GmbH;ask  hilden + wülfrath;D;Deutschland;12 Automatisierungstechnik;0
12108;LASCO Umformtechnik GmbH;lasco coburg;D;Deutschland;25 Allgemeiner Anlagenbau;0
12109;E.ON Kraftwerk;e.on hannover;D;Deutschland;;0
12110;SRB Innenwirtschaft GmbH;srb karstädt;D;Deutschland;;0
12111;GSR Ventiltechnik GmbH & Co. KG;gsr vlotho;D;Deutschland;07 Pumpen;0
12112;Hörmann Industrietechnik GmbH Ein Unternehmen v Voith Industria;hörmann braunschweig;D;Deutschland;12 Automatisierungstechnik;0
12113;Wiebe Maritim GmbH;wiebe schwerin;D;Deutschland;31 Ersatzteilhändler Schiffbau;0
12114;Heizung und Sanitär GbR K. Busse & W.Ney;busse + ney;D;Deutschland;;0
12115;MSG eG;msg dorfprozelten;D;Deutschland;02 Schiffbau (Werft);0
12116;Technische Universität Dresden Fakultät Maschinenwesen;tu dresden;D;Deutschland;40 Kleinbetriebe;0
12117;Burgmann Automotive GmbH;burgmann eurasburg;D;Deutschland;;0
12118;Helmut Thomas GmbH;thomas pentling;D;Deutschland;30 Händler;0
12119;Praxair Deutschland GmbH;praxair hürth;D;Deutschland;15 EX-Anwendungen;0
12120;Weiss Mobiltechnik GmbH;weiss rohrdorf;D;Deutschland;09 Mobilhydraulik;0
12121;Ferdinand Freese KG (GmbH & Co.);freese hamburg;D;Deutschland;30 Händler;0
12122;German Hydraulik GmbH;german hydraulik aschaffenburg;D;Deutschland;;0
12123;Johann Schild Herstellung + Handels GmbH;schild fridolfing;D;Deutschland;10 Hydraulik;0
12124;VIS GmbH Halberstadt Verkehrs Industrie Systeme GmbH;vis halberstadt;D;Deutschland;40 Kleinbetriebe;0
12125;DEG Deutsche Elektro-Gruppe Elektrogroßhandel GmbH;deg bad kreuznach;D;Deutschland;30 Händler;0
12126;WEBER GmbH Gewerbegebiet Nilkheim-West;weber aschaffenburg;D;Deutschland;05 Prüfstände;0
12127;Rhein Papier GmbH Betriebsstätte Plattling;rhein papier plattling;D;Deutschland;;0
12128;FOP AVIA Deutschland Werkzeugmaschinen GmbH;fop avia bochum;D;Deutschland;25 Allgemeiner Anlagenbau;0
12129;Kochendörfer Wasserkraftanlagen Turbinen-Maschinenbau e.K.;kochendörfer georgenberg;D;Deutschland;16 Wasseranwendungen;0
12130;ISS GmbH Ice, Sports  & Solar Systems;iss grimma;D;Deutschland;06 Klimatechnik;0
12131;WEISS GmbH Sondermaschinentechnik;weiss buchen;D;Deutschland;12 Automatisierungstechnik;0
12132;Thomas Kurze GmbH;kurze glinde;D;Deutschland;31 Ersatzteilhändler Schiffbau;0
12133;MS4-ANALYSENTECHNIK GMBH;ms4 rockenberg;D;Deutschland;12 Automatisierungstechnik;0
12134;TK-Marine GmbH;tk marine glinde;D;Deutschland;31 Ersatzteilhändler Schiffbau;0
12135;Schmidt GmbH & Co. KG Elektro-Grosshandlung;schmidt krefeld;D;Deutschland;30 Händler;0
12136;Stadtwerke Mühlacker GmbH;stadtwerke mühlacker;D;Deutschland;40 Kleinbetriebe;0
12137;Speck Kolbenpumpenfabrik Otto Speck GmbH & Co. KG;speck kolbenpumpen geretsried;D;Deutschland;07 Pumpen;0
12138;Lippok Hydraulik GmbH;lippok hagen;D;Deutschland;10 Hydraulik;0
12139;CHADHA ASSOCIATES Chadha u. Chada GbR;chadha bonn;D;Deutschland;;0
12140;REXAM Healthcare Neuenburg GmbH;rexam neuenburg;D;Deutschland;19 Medizintechnik;0
12141;STAWIT GmbH Parts Service;stawit witten;D;Deutschland;;0
12142;EVH GmbH;evh halle;D;Deutschland;;0
12143;Dreiling-electronic;dreiling marth;D;Deutschland;12 Automatisierungstechnik;0
12144;S-Bahn Berlin GmbH Logistik Einkauf;s-bahn berlin;D;Deutschland;;0
12145;Die Länderbahn GmbH DLB;länderbahn viechtach;D;Deutschland;00 Bahn;1
12146;ARU AHLERS Recycling- und Umwelttechnik;aru ahlers borchen;D;Deutschland;25 Allgemeiner Anlagenbau;0
12147;Becker electronics GmbH;becker freiburg;D;Deutschland;30 Händler;0
12148;Carl Berger Consulting e.K.;berger köln;D;Deutschland;;0
12149;Ort-Lib Export GmbH;ortlib Hessisch Lichtenau;D;Deutschland;30 Händler;0
12150;Bosch Sicherheitssysteme GmbH;bosch freiburg;D;Deutschland;23 Brandschutz;0
12151;Bayer Weimar GmbH & Co. KG;bayer weimar;D;Deutschland;25 Allgemeiner Anlagenbau;0
12152;Diehl BGT Defence GmbH & Co. KG Werk Mariahütte/Massberg;diehl nonnweiler;D;Deutschland;;0
12153;Ruhr Elektro-Handel Jürgen Flottmann GmbH & Co.KG;ruhr dortmund;D;Deutschland;30 Händler;0
12154;MacGregor Germany GmbH & Co.KG;macgregor hamburg;D;Deutschland;09 Mobilhydraulik;0
12155;ABT Wasser- u. Umwelttechnik GmbH;abt mindelheim;D;Deutschland;16 Wasseranwendungen;0
12156;SEC Metallverarbeitung;sec garmisch-partenkirchen;D;Deutschland;25 Allgemeiner Anlagenbau;0
12159;TECFELD GmbH;tecfeld hamburg;D;Deutschland;30 Händler;0
12160;Holder  Oberflächentechnik GmbH;holder kirchheim;D;Deutschland;12 Automatisierungstechnik;0
12161;Josef Wallraff GmbH & Co. KG Elektro Großhandel;wallraff  leverkusen;D;Deutschland;30 Händler;0
12162;Frigotechnik Handels-GmbH;frigotechnik  hamburg;D;Deutschland;06 Klimatechnik;0
12163;Wasser- und Schifffahrtsamt Koblenz;wasser koblenz;D;Deutschland;40 Kleinbetriebe;0
12164;Frank Appelt Elektroinstallateur;appelt meyenburg;D;Deutschland;;0
12165;TSW - Trierer Stahlwerk GmbH;tsw  trier;D;Deutschland;40 Kleinbetriebe;0
12166;Henkel + Gerlach GmbH & Co. KG Elektrogroßhandlung;henkel stuhr;D;Deutschland;32 Ersatzteilhändler Industrie;0
12167;Bischoff Schifffahrts GmbH & Co. KG;Bischhoff  bremen;D;Deutschland;34 Reederei;0
12168;HIM GmbH;him biebesheim;D;Deutschland;;0
12169;EnBW Systeme Infrastruktur Support GmbH;enbw karlsruhe;D;Deutschland;04 Gasdichte (SF6);0
12170;BEKUM MASCHINENFABRIKEN GMBH;bekum berlin;D;Deutschland;12 Automatisierungstechnik;0
12171;SÜDZUCKER AG Mannheim/Ochsenfurt;südzucker mannheim;D;Deutschland;;0
12172;FRK Service GmbH;frk winterberg;D;Deutschland;30 Händler;0
12173;Inkdustry GmbH;inkdustry neubrunn;D;Deutschland;25 Allgemeiner Anlagenbau;0
12174;Lingemann GmbH Zentrale;lingemann brühl;D;Deutschland;30 Händler;0
12175;Dipl.-Ing. Winfried Gaumitz;gaumitz hofheim;D;Deutschland;;0
12176;WIV Wollbaum Industrievertretungen;wiv bad vilbel;D;Deutschland;;0
12177;ETS-Wachter Elektro Technik + Systeme;ets-wachter weingarten;D;Deutschland;;0
12178;Lindström GmbH;lindström mönchengladbach;D;Deutschland;40 Kleinbetriebe;0
12179;ibk Bioanalytik Intelligente Sensorsysteme;ibk augsburg;D;Deutschland;;0
12180;Infraserv Logistics;infraserv frankfurt;D;Deutschland;40 Kleinbetriebe;0
12181;Böhm Fertigungstechnik Suhl GmbH;böhm zella-mehlis;D;Deutschland;12 Automatisierungstechnik;0
12182;Jens Böttcher technische Beratung;böttcher brietlingen;D;Deutschland;10 Hydraulik;0
12183;mecoTec GmbH;mecotec pforzheim;D;Deutschland;06 Klimatechnik;0
12184;SHW Automotive GmbH;shw tuttlingen;D;Deutschland;01 Motoren;0
12185;Johnson Controls Systems & Service GmbH;johnson controls mannheim;D;Deutschland;12 Automatisierungstechnik;0
12186;Hydraulik Technik Gülich-Pohl GmbH;hydraulik  kerpen;D;Deutschland;32 Ersatzteilhändler Industrie;0
12187;TT Industrie Elektrobedarf;tt industrie frankenberg;D;Deutschland;32 Ersatzteilhändler Industrie;0
12188;E.Blieske VDI/BML;bml bad abbach;D;Deutschland;;0
12189;IMEX-Purchasing Ihn. Rolf-Dieter vom Bruch;imex essen;D;Deutschland;25 Allgemeiner Anlagenbau;0
12190;MARC STILL AUSSENHANDEL Im- und Export;still seevetal;D;Deutschland;;0
12191;Albrecht Logistic-Consulting-Trading;albrecht bensheim;D;Deutschland;31 Ersatzteilhändler Schiffbau;0
12192;hhS Siegfried Hirsch;hhS münchen;D;Deutschland;;0
12193;Michael Huber München GmbH;huber  kirchheim - heimstett;D;Deutschland;;0
12194;Marioff GmbH;marioff hoppegarten;D;Deutschland;23 Brandschutz;0
12195;Imtech Marine Germany GmbH;imtech marine kiel;D;Deutschland;06 Klimatechnik;0
12196;Speck-Triplex-Pumpen GmbH & Co KG;speck-triplex bielefeld;D;Deutschland;07 Pumpen;0
12198;AVD Liakidis;avd ober ramstadt;D;Deutschland;;0
12199;IFAB Institut für angewandte Brandschutzforschung;ifab rostock;D;Deutschland;23 Brandschutz;0
12200;STARC Technology & Solutions GmbH;starc hamburg;D;Deutschland;25 Allgemeiner Anlagenbau;0
12201;TZ Technisches Zentrum Entwicklungs- & Handelsgesell.mbh;tz leipzig;D;Deutschland;40 Kleinbetriebe;0
12202;Layher AG;layher kirchberg;D;Deutschland;07 Pumpen;0
12203;UNI ELEKTRO Fachgroßhandel GmbH & Co. KG;unielektro eschborn;D;Deutschland;30 Händler;0
12204;CHOREN  Fuel Freiberg GmbH & Co. KG;choren freiberg;D;Deutschland;12 Automatisierungstechnik;0
12205;KSMA - Karl-Heinz Stizler Maschinen-und Anlagenbau GmbH;ksma schöntal-bieringen;D;Deutschland;25 Allgemeiner Anlagenbau;0
12206;Klaus Gottschalk Heizung-Sanitär;gottschalk passau;D;Deutschland;40 Kleinbetriebe;0
12207;Aggregatebau & Kundendienst;aggregatebau sinsheim;D;Deutschland;40 Kleinbetriebe;0
12208;UPB GmbH;upb berlin;D;Deutschland;26 Erneuerbare Energien;0
12209;DD Devik Handels GmbH;dd devik berlin;D;Deutschland;30 Händler;0
12210;MFR Türelemente GmbH;mfr türelemente rühlingstetten;D;Deutschland;;0
12211;Dr. Baus GmbH;baus wehr;D;Deutschland;08 Kompressoren;0
12212;Isophon Glas GmbH Isolierglas - Fertigung;isophon hann.münden;D;Deutschland;40 Kleinbetriebe;0
12213;AMServ West GmbH & Co. KG;amserv  schiffweiler;D;Deutschland;35 Instandhaltung/Wartung;0
12214;RF Forschungsschiffahrt GmbH;rf forschungsschiffahrt bremen;D;Deutschland;34 Reederei;0
12215;Heylo - Electronics;heylo berlin;D;Deutschland;35 Instandhaltung/Wartung;0
12216;Soteria Managementgesellschaft mb Klinik am Stein, Haustechnik;soteria olsberg;D;Deutschland;40 Kleinbetriebe;0
12217;KUKA Systems GmbH Geschäftsbereich Assembly & Test;kuka bremen;D;Deutschland;05 Prüfstände;0
12218;Tönsfeldt Heizung & Sanitär GmbH;tönsfeldt rendsburg;D;Deutschland;;0
12219;Wasser-und Schifffahrtsamt Lübeck, Bauhof Lübeck;wasser lübeck;D;Deutschland;;0
12220;SME GmbH;sme rauschenberg;D;Deutschland;;0
12221;HANSA-FLEX  AG;hansa flex bremen;D;Deutschland;10 Hydraulik;0
12222;August Storm GmbH & Co.KG Niederlassung Duisburg;storm duisburg;D;Deutschland;25 Allgemeiner Anlagenbau;0
12223;Heinrich & Kloss GmbH HKE;heinrichkloss petersberg;D;Deutschland;23 Brandschutz;0
12224;Whitefin GmbH;whitefin buxtehude;D;Deutschland;31 Ersatzteilhändler Schiffbau;0
12225;Knorr Bremse Berlin Systeme f. Schienenfahrzeuge GmbH;knorr-bremse berlin;D;Deutschland;;0
12226;HEPA Wälzlager GmbH & Co.KG;hepa wälzlager luckenwalde;D;Deutschland;12 Automatisierungstechnik;0
12227;Perlwitz Armaturen GmbH;perlwitz schenefeld;D;Deutschland;12 Automatisierungstechnik;0
12228;TMS Hamburg Technical Marine Services GmbH;tms hamburg;D;Deutschland;31 Ersatzteilhändler Schiffbau;0
12229;Frigotechnik Handels-GmbH;frigotechnik nürnberg;D;Deutschland;06 Klimatechnik;0
12230;Elektro Rösler;rösler burghausen;D;Deutschland;;0
12231;Prokon Regenerative Energien eG;prokon itzehoe;D;Deutschland;26 Erneuerbare Energien;0
12232;Reisner Cooling Energy GmbH Kältetechnischer Anlagenbau;reisner holzwickede;D;Deutschland;06 Klimatechnik;0
12233;Eutex GmbH;eutex hamburg;D;Deutschland;;0
12234;T & T Kältetechnik GmbH;tt bremen;D;Deutschland;06 Klimatechnik;0
12235;ABB AG;abb mannheim;D;Deutschland;40 Kleinbetriebe;0
12236;Siemens AG Region Bayern GER IBT NORD KSL;siemens münchen;D;Deutschland;;0
12237;LANXESS Deutschland GmbH TG + PAC;lanxess leverkusen;D;Deutschland;25 Allgemeiner Anlagenbau;0
12238;conditorei café Hammel O. Walz, Am Milchmarkt;hammel schwäbisch hall;D;Deutschland;;0
12239;J. Aumer Land- und Gartentechnik e. K.;aumer kirchroth;D;Deutschland;;0
12240;WALA Heilmittel GmbH;wala bad boll;D;Deutschland;40 Kleinbetriebe;0
12241;TTS TechnologyTransfer A. Saei;tts köln;D;Deutschland;26 Erneuerbare Energien;0
12242;W+Z Rohrsystem-Technik GmbH;w+z technik netphen;D;Deutschland;;0
12243;V.D.-Industrievertretung;vd jena;D;Deutschland;;0
12244;Ingenieurbüro Pichlmayr;pichlmayr donaumüster;D;Deutschland;13 Flugzeugbau;0
12245;EXCISS GmbH;exciss norderstedt;D;Deutschland;33 Ersatzteilhändler S/I;0
12246;HyPneu GmbH;hypneu chemnitz;D;Deutschland;30 Händler;0
12247;Weger GmbH Klimatechnik;weger münchen;D;Deutschland;06 Klimatechnik;0
12248;Kälte-Kilma-Sachsen GmbH;kks wermsdorf;D;Deutschland;06 Klimatechnik;0
12249;Kernkraftwerk Isar Verwaltungs GmbH;EON kernkraftwerk isar essenbach;D;Deutschland;;0
12250;Mezger GmbH & Co KG;mezger ochsenfurt;D;Deutschland;;0
12251;Brauerei Gebrüder Maisel KG;maisel bayreuth;D;Deutschland;40 Kleinbetriebe;0
12252;Fraunhofer ISE;fraunhofer ise freiburg;D;Deutschland;40 Kleinbetriebe;0
12253;Maschinenbau Fairmetall UG;fairmetall griesstätt;D;Deutschland;25 Allgemeiner Anlagenbau;0
12254;Josef Höllthaler;hölltaler kastl;D;Deutschland;;0
12255;Allfo Vakuumverpackungen Hans Bresele KG;allfo watenhofen;D;Deutschland;17 Verpackungsanlagen;0
12256;Viereck & Co GmbH & Co. KG;viereck elmshorn;D;Deutschland;03 Schiffbau (Systeme);0
12257;LuK GmbH & Co. KG;luk bühl;D;Deutschland;05 Prüfstände;0
12258;Massage Praxis Klaus Behle;behle stuttgart;D;Deutschland;;0
12259;IMS Industrial & Marine Services GmbH & Co. KG;ims oberhausen;D;Deutschland;31 Ersatzteilhändler Schiffbau;0
12260;Sassen Ersatzteilhandel;sassen erftstadt;D;Deutschland;;0
12261;Telcom AG;telcom stansstad;CH;Schweiz;;0
12262;Passavant - Roediger GmbH;roediger hanau;D;Deutschland;20 Energietechnik;0
12263;Bosch Rexroth Mechatronics GmbH;bosch rexroth schwinfurt;D;Deutschland;10 Hydraulik;0
12264;M+E Motoren- und Energietechnik;m+e ludwigshafen;D;Deutschland;01 Motoren;0
12265;EAST WIND GmbH;eastwind hamburg;D;Deutschland;31 Ersatzteilhändler Schiffbau;0
12266;Bosch Sicherheitssysteme GmbH;bosch bremen;D;Deutschland;23 Brandschutz;0
12267;Walter Schramm GmbH Schiffsmotoren-Instandsetzung;schramm  neckarseinach;D;Deutschland;;0
12268;ENDESIS Elektro Technik GmbH;endesis rüsselsheim;D;Deutschland;25 Allgemeiner Anlagenbau;0
12269;LISAKOWSKI MARINE Handelsvertretung für Schifffahrt;lisakowski oyten;D;Deutschland;31 Ersatzteilhändler Schiffbau;0
12270;ewmr Stdtwerke Bochum GmbH;ewmr stadtwerke bochum;D;Deutschland;;0
12271;WHM Walter Hinding Messtechnik;whm spaichingen;D;Deutschland;;0
12272;Bombardier Transportation GmbH;bombardier kassel;D;Deutschland;00 Bahn;1
12273;MZ Autobahn Handelsges. mbH;mz autobahn vettelschoß;D;Deutschland;32 Ersatzteilhändler Industrie;0
12274;D.S.Weiss Kälte-Klima-Service (Büro Deutschland);weiss kasendorf;D;Deutschland;06 Klimatechnik;0
12275;DMASS gmbH;dmass frankfurt;D;Deutschland;;0
12276;Wasser- und Schifffahrtsamt Kiel-Holtenau;wasser u. schiffahrts.rendsburg;D;Deutschland;40 Kleinbetriebe;0
12277;Abfallwirtschaft u.Stadtreinigung Freiburg GmbH, Achim Schächtele;abfallwirtschaft freiburg;D;Deutschland;;0
12278;Gasunie Deutschland Transport Services GmbH;gasunie hannover;D;Deutschland;;0
12279;UNITEC Tiefbautechnik GmbH;unitec dahlewitz;D;Deutschland;;0
12281;Naval Spares GmbH & Co. KG;naval spares Uetersen;D;Deutschland;31 Ersatzteilhändler Schiffbau;0
12282;Peter van Kempen GmbH PVK;pvk hasede;D;Deutschland;40 Kleinbetriebe;0
12283;Zweckverband Müllheizkraftwerk Stadt und Lankreis Bamberg;zweckverband bamberg;D;Deutschland;;0
12284;Lagomar Spares e.K.;lagomar hamburg;D;Deutschland;31 Ersatzteilhändler Schiffbau;0
12285;MAFI Transport-Systeme GmbH Industriegebiet Nord;mafi tauberbischofsheim;D;Deutschland;09 Mobilhydraulik;0
12286;Walter Grätsch GmbH;grätsch quickborn;D;Deutschland;31 Ersatzteilhändler Schiffbau;0
12287;Technische Universität Berlin FG Verfahrenstechnik;Technische Uni berlin;D;Deutschland;40 Kleinbetriebe;0
12289;Actemium Gesellschaft für Automation und;actemium rellingen;D;Deutschland;12 Automatisierungstechnik;0
12290;Lapur GmbH;lapur northeim;D;Deutschland;;0
12291;Orlowski GmbH & Co. KG;orlowski Wülfrath;D;Deutschland;35 Instandhaltung/Wartung;0
12292;Mürdter Metall- und Kunststoffverarbeitung GmbH;mürdter mutlangen;D;Deutschland;25 Allgemeiner Anlagenbau;0
12293;Bit-Asphalt GmbH;bit-asphalt bitburg;D;Deutschland;;0
12294;Klingenburg GmbH;klingenburg gladbek;D;Deutschland;26 Erneuerbare Energien;0
12295;Xaver Bertsch GmbH;bertsch nürnberg;D;Deutschland;30 Händler;0
12296;WT Werkzeugmaschinen GmbH;wt werkzeugmaschinen göppingen;D;Deutschland;40 Kleinbetriebe;0
12297;BAREITHER+RAISCH Elektrotechnik GmbH;bareither leonberg;D;Deutschland;;0
12298;INSERCO GmbH Industrie Service;inserco viersen;D;Deutschland;40 Kleinbetriebe;0
12299;Breyden Ueckermünde GmbH;breyden ueckermünde;D;Deutschland;01 Motoren;0
12300;RIMA Pumpen- und Wassertechnik GmbH;rima stuhr;D;Deutschland;07 Pumpen;0
12301;Elektro-Union Adam Dunkel GmbH & Co. KG;elektro koblenz;D;Deutschland;;0
12302;KBW Blickle Hydraulik GmbH;KBW  villingen-schwenningen;D;Deutschland;05 Prüfstände;0
12303;Moster Elektrogroßhandelsges. mbH;moster ludwigshafen;D;Deutschland;30 Händler;0
12304;Keck Spezialitäten GmbH;keck offingen;D;Deutschland;;0
12305;Trident Marine Spares Ltd.;trident hamburg;D;Deutschland;;0
12306;Carl Baguhn GmbH & Co. Motoreninstandsetzung;baguhn hamburg;D;Deutschland;01 Motoren;0
12307;Hommel Maschinentechnik GmbH - Industrieservice -;hommel maschinentechnik bochum;D;Deutschland;31 Ersatzteilhändler Schiffbau;0
12308;SAG Erwin Peters GmbH;sag hamburg;D;Deutschland;;0
12309;ELS GmbH;els oberhausen;D;Deutschland;;0
12310;Perparim Podvorica Meisterbetrieb;perparim podvorica offenbach;D;Deutschland;32 sa Sanitär;0
12311;LBM Techno Gas GmbH & Co.KG;lbm techno Gas langenfeld;D;Deutschland;35 Instandhaltung/Wartung;0
12312;Innomotics GmbH;innomotics erlangen;D;Deutschland;00 Bahn;1
12313;gesatex Gesellschaft für Textilzubehör m.b.H.;gesatex zell;D;Deutschland;;0
12314;Trede Schiffs- und Industrieelektronik;trede hattrsedt;D;Deutschland;30 Händler;0
12315;GT-Industrie Service GmbH;gt industrie hermsdorf;D;Deutschland;;0
12316;Siemens AG;siemens krefeld;D;Deutschland;10 Hydraulik;0
12317;Schaeffler Technologies AG & Co. KG;schaeffler lahr;D;Deutschland;11 Getriebe;0
12318;Bohrtec GmbH;bohrtec alsdorf;D;Deutschland;10 Hydraulik;0
12319;STRABAG International GmbH;strabag  köln;D;Deutschland;27 Baumaschinen;0
12320;Deutsches Elektronen-Synchrotron DESY;desy hamburg;D;Deutschland;;0
12321;Pfiffner Deutschland GmbH;pfiffner itzehoe;D;Deutschland;04 Gasdichte (SF6);0
12322;Doppstadt Umwelttechnik GmbH;doppstadt velbert;D;Deutschland;10 Hydraulik;0
12323;MBH Metallbearbeitung + Handel Inh. Bekir Saglik;mbh göppingen;D;Deutschland;25 Allgemeiner Anlagenbau;0
12324;Dräger Safety AG & Co. KGaA;dräger safety lübeck;D;Deutschland;19 Medizintechnik;0
12325;Roche Diagnostics GmbH Werk Penzberg;roche penzberg;D;Deutschland;19 Medizintechnik;0
12326;Lentz Fahrzeugtechnik GmbH;lentz hamburg;D;Deutschland;;0
12327;Kleinschmidt Gewerbekühlung GmbH;kleinschmidt berlin;D;Deutschland;06 Klimatechnik;0
12328;VOLKSWAGEN AG Werk Kassel;volkswagen kassel;D;Deutschland;05 Prüfstände;0
12329;Marienhaus Klinikum GmbH St. Antonius Waldbreitbach;marienhaus waldbreitbach;D;Deutschland;;0
12330;RUHR-UNIVERSITÄT BOCHUM Der Kanzler,GetriebeGetriebe u.;ruhr uni bochum;D;Deutschland;;0
12331;HK-Konstruktion Hermann Kampfl;hk Weinheim;D;Deutschland;25 Allgemeiner Anlagenbau;0
12332;Wilhelm Nosbüsch GmbH;nosbüsch haan;D;Deutschland;30 Händler;0
12333;PSG GmbH PSG Procurement Services GmbH;psg lohmar;D;Deutschland;30 Händler;0
12334;Klinik Wartenberg Prof. Dr. Selmair GmbH & Co.KG;klinik wartenberg;D;Deutschland;19 Medizintechnik;0
12335;VHEATt GmbH & Co. KG;vheat reichling;D;Deutschland;03 Schiffbau (Systeme);0
12336;GA-tec Gebäude- und Anlagentechnik GmbH;ga-tec  heidelberg;D;Deutschland;06 Klimatechnik;0
12337;Kupke+Wolf GmbH;kupke wolf schwerin (NEU);D;Deutschland;07 Pumpen;0
12338;Elektro - Tagscherer Elektrotechnik, Industrieanlagen;elektro tagscherer bad friedrich;D;Deutschland;32 Ersatzteilhändler Industrie;0
12339;Melitta Professional Coffee Solutions GmbH & Co. KG;melitta minden;D;Deutschland;12 Automatisierungstechnik;0
12340;ITP Handelsberatungen GmbH;itp schlangenbad;D;Deutschland;33 Ersatzteilhändler S/I;0
12341;Schultz & Erbse GmbH Elektrogrosshandel;schultz hagen;D;Deutschland;32 Ersatzteilhändler Industrie;0
12342;BERG- Industriebedarf;berg-industriebedarf bremen;D;Deutschland;31 Ersatzteilhändler Schiffbau;0
12343;Gebr. Bellmer GmbH Maschinenfabrik;bellmer niefern;D;Deutschland;12 Automatisierungstechnik;0
12344;Alphastone GmbH & Co. KG;alphastone preetz;D;Deutschland;31 Ersatzteilhändler Schiffbau;0
12345;BORSIG Membrane Technology GmbH;borsig gladbeck;D;Deutschland;15 EX-Anwendungen;0
12346;GMEServ GmbH & Co.KG;gmeserv hamburg;D;Deutschland;31 Ersatzteilhändler Schiffbau;0
12347;Batterien-Lenz Inh. M. Manthe e.K;lenz  batterien bochum;D;Deutschland;;0
12348;Neuenhauser Maschinenbau GmbH;neuenhauser masch. neuenhaus;D;Deutschland;08 Kompressoren;0
12349;W. Sick GmbH;w.sick bad bramstedt;D;Deutschland;03 Schiffbau (Systeme);0
12350;Ganzlin Beschichtungspulver GmbH;ganzlin ganzlin;D;Deutschland;40 Kleinbetriebe;0
12351;Ventil Fritz GmbH & Co.KG;ventil fritz rednitzhembach;D;Deutschland;07 Pumpen;0
12352;Biogas Wahlsdorf Betriebs GmbH + Co. KG.;biogas vechta;D;Deutschland;;0
12353;teamtechnik Maschinen und Anlagen GmbH;teamtechnik freiberg;D;Deutschland;05 Prüfstände;0
12354;MAT Neunkirchen GmbH;mat neunkirchen;D;Deutschland;25 Allgemeiner Anlagenbau;0
12355;Texplast GmbH;texplast bitterfeld;D;Deutschland;12 Automatisierungstechnik;0
12356;Avon Cosmetics GmbH;avon neufahrn;D;Deutschland;;0
12357;Bosch Sicherheitssysteme GmbH;bosch grasbrunn;D;Deutschland;23 Brandschutz;0
12358;ASSEM AUDI Handelsges. mbH;assem audi meckenheim;D;Deutschland;30 Händler;0
12359;Staatliches Hofbräuhaus in München;hofbräu münchen;D;Deutschland;;0
12360;HYDAC System & Service GmbH;hydac service sulzbach;D;Deutschland;40 Kleinbetriebe;0
12361;promesstec GmbH;promesstec steinfurt;D;Deutschland;12 Automatisierungstechnik;0
12362;Alexander Bürkle GmbH & Co. KG;bürkle freiburg;D;Deutschland;30 Händler;0
12363;FNF Industrietechnik GmbH;fnf eydelstedt;D;Deutschland;30 Händler;0
12364;KS Kolbenschmidt GmbH;ks kolbenschmidt neckarsulm;D;Deutschland;25 Allgemeiner Anlagenbau;0
12365;FAMAGA Group OHG Niederlassung Lübeck;famaga  lübeck;D;Deutschland;30 Händler;0
12366;EagleBurgmann Germany GmbH & Co. KG.;eagleburgmann wolfratshausen;D;Deutschland;15 EX-Anwendungen;0
12367;MAXION Jänsch & Ortlepp GmbH;maxion pößneck;D;Deutschland;;0
12368;KuWo-Energy GmbH;kuwo weyhe;D;Deutschland;34 Reederei;0
12369;Silkroad24 GmbH;silkroad braunschweig;D;Deutschland;30 Händler;0
12370;Empting Antriebstechnik u.Anlagenbau GmbH;empting cuxhaven;D;Deutschland;34 Reederei;0
12371;Bässler Verpackungs-System GmbH;bässler kirchardt;D;Deutschland;40 Kleinbetriebe;0
12372;Global Logistics Support GmbH;global garching;D;Deutschland;30 Händler;0
12373;ALAN Lubrication GmbH;alan fulda;D;Deutschland;15 EX-Anwendungen;0
12374;transit-team Schiffsausrüstung-Geberding GmbH;transit  kiel;D;Deutschland;;0
12375;Schlenk Metallic Pigments GmbH;schlenk roth;D;Deutschland;;0
12376;besecke automation GmbH & Co. KG;bedecke bremen;D;Deutschland;;0
12377;besecke GmbH & Co. KG automation;besecke bremen;D;Deutschland;03 Schiffbau (Systeme);0
12378;HIGHVOLT Prüftechnik Dresden GmbH;highvolt dresden;D;Deutschland;04 Gasdichte (SF6);0
12379;Biologische Heilmittel Heel GmbH;heel  baden-baden;D;Deutschland;19 Medizintechnik;0
12380;Ortrander Gusstechnik GmbH;ortrander ortrand;D;Deutschland;25 Allgemeiner Anlagenbau;0
12381;BIS Maintenance Nord GmbH-Minden;bis minden;D;Deutschland;;0
12382;Gold Engineering GmbH;gold hamburg;D;Deutschland;31 Ersatzteilhändler Schiffbau;0
12383;schodo GMBH elektrotechnik/automatisierungen/;schodo  aschaffenburg;D;Deutschland;12 Automatisierungstechnik;0
12384;OMIRA Oberland-Milchverwertung GmbH;omira ravensburg;D;Deutschland;;0
12385;Fives Pillard Deutschland GmbH;fivespillard taunusstein;D;Deutschland;06 Klimatechnik;0
12386;FIBA Industriebedarf GmbH;fiba besigheim;D;Deutschland;;0
12387;Helmker & Co. GmbH;helmker hamburg;D;Deutschland;;0
12388;EluTec Hydraulik & Service GmbH;elutec wilhelmshaven;D;Deutschland;33 Ersatzteilhändler S/I;0
12389;EUROCOPTER DEUTSCHLAND GmbH;eurocopter donauwörth;D;Deutschland;13 Flugzeugbau;0
12390;Energie Nord GmbH & KG;energie hamburg;D;Deutschland;30 Händler;0
12391;Wenzel Marine GmbH & Co. KG;wenzel stuhr;D;Deutschland;31 Ersatzteilhändler Schiffbau;0
12392;HEAT Nord GmbH;heat nord bargeshagen;D;Deutschland;06 Klimatechnik;0
12393;ABB AG Transformatoren Halle;abb halle;D;Deutschland;04 Gasdichte (SF6);0
12394;LQ MECHATRONIK-SYSTEME GMBH;lq besigheim;D;Deutschland;30 Händler;0
12395;IPV Industrie-Pumpen Vertriebs GmbH Dresden;ipv dresden;D;Deutschland;07 Pumpen;0
12396;Vogel moulds and machines AG;vogel ehringshausen;D;Deutschland;40 Kleinbetriebe;0
12397;Boehringer Ingelheim Pharma GmbH & Co. KG;boehringer ingelheim;D;Deutschland;19 Medizintechnik;0
12398;REINHOLD BRAUN GmbH Mess.-Regel-und Analysentechnik;braun leverkusen;D;Deutschland;;0
12399;Thyracont Vacuum Instruments GmbH;thyracont passau;D;Deutschland;07 Pumpen;0
12400;PET-Verpackungen GmbH Deutschland;pet verpackung großbreitenb;D;Deutschland;;0
12401;Eisele Antriebstechnik GmbH;eisele albstadt;D;Deutschland;11 Getriebe;0
12402;Laska Industrietechnik GmbH & Co. KG;laska bochum;D;Deutschland;32 Ersatzteilhändler Industrie;0
12403;Sanofi - Aventis Deutschland GmbH Industriepark Höchst;sanofi-aventis frankfurt;D;Deutschland;19 Medizintechnik;0
12404;Wolfgang Behrmann GmbH;behrmann bremen;D;Deutschland;12 Automatisierungstechnik;0
12405;Schaeffler Technologies AG & Co. KG;schaeffler herzogenaurach;D;Deutschland;05 Prüfstände;0
12406;TEW Servicegesellschaft mbH;tew dessau;D;Deutschland;30 Händler;0
12407;Zweckverband Wasserwerke Westerzgebirge;zweckverband thalheim;D;Deutschland;;0
12408;UAD Service + Vertriebs UG (haftungsbeschränkt);uad service+vertriebs UG rostock;D;Deutschland;30 Händler;0
12410;Bundesfinanzdirektion Nord Technischen Beamte  für das;bundesfinazdirektion bremen;D;Deutschland;;0
12411;Lapur GmbH;lapur northeim;D;Deutschland;;0
12412;Friedrich Boysen GmbH & Co.KG;boysen altensteig;D;Deutschland;05 Prüfstände;0
12413;Fiutak Industries GmbH;fiutak duisburg;D;Deutschland;25 Allgemeiner Anlagenbau;0
12415;MKF-Folien GmbH Minderjahn + Kiefer;mkf  berlin;D;Deutschland;;0
12416;Hauptzollamt Oldenburg Sachgebiet C;hauptzollamt emden;D;Deutschland;;0
12417;RKW Petersaurach;rkw petersaurch;D;Deutschland;33 Ersatzteilhändler S/I;0
12418;Bublitz und Profe GmbH Elektrogroßhandlung;bublitz u. profe meerane;D;Deutschland;30 Händler;0
12419;Vögtle Service GmbH;vögtle eislingen;D;Deutschland;35 Instandhaltung/Wartung;0
12420;Aries Nautic GmbH;aries hamburg;D;Deutschland;;0
12421;Gaugele GmbH;gaugele iffeldorf;D;Deutschland;21 Lebensmittelindustrie;0
12422;Elma Schmidbauer GmbH;elma singen;D;Deutschland;19 Medizintechnik;0
12423;GELLCO Trading GmbH;Gellco  winsen;D;Deutschland;30 Händler;0
12424;Turbomach GmbH A Caterpillar Company;turbomach griesheim;D;Deutschland;01 Motoren;0
12425;BTF GmbH & Co. KG Elektrogroßhandel;btf cölbe;D;Deutschland;30 Händler;0
12426;Akteant GmbH & Co. KG;akteant heidesheim;D;Deutschland;30 Händler;0
12427;ratio energie GmbH Beratung Planung Betrieb von;ratio lörrach;D;Deutschland;40 Kleinbetriebe;0
12428;Schlie Hydraulik Service GmbH;schlie hamburg;D;Deutschland;30 Händler;0
12429;Neue Jadewerft GmbH;neue jadewerft wilhelmshaven;D;Deutschland;02 Schiffbau (Werft);0
12430;Johnson Controls aricon GmbH;Johnson bischofsheim;D;Deutschland;;0
12431;Rosseta Technik GmbH;rosseta roßlau;D;Deutschland;;0
12432;STREICHER Anlagenbau GmbH & Co. KG;streicher delitzsch;D;Deutschland;01 Motoren;0
12433;Firstwood GmbH;firstwood premnitz;D;Deutschland;;0
12434;MeiKamp GmbH;meikamp dillenburg;D;Deutschland;30 Händler;0
12435;ALPETE Horst Kronberg;alpete hamburg;D;Deutschland;33 Ersatzteilhändler S/I;0
12436;MATTHES Maschinen- Industrietechnik GmbH;matthes mettmann;D;Deutschland;;0
12437;Rohr-und Anlagenbau Dietrich und Partner GmbH;rohr rostock;D;Deutschland;25 Allgemeiner Anlagenbau;0
12438;Stricker;stricker neuweiler;D;Deutschland;;0
12439;Gemeindewerke Garmisch- Partenkirchen, KU;gemeinde garmisch;D;Deutschland;;0
12440;Gietech GmbH;gietech weyhe;D;Deutschland;31 Ersatzteilhändler Schiffbau;0
12441;OTTO JUNKER GmbH Industrieofenanlagen;junker simmerrath;D;Deutschland;25 Allgemeiner Anlagenbau;0
12442;Bühler GmbH;bühler braunschweig;D;Deutschland;12 Automatisierungstechnik;0
12443;BECK AUTOMATION GmbH;beck würzburg;D;Deutschland;12 Automatisierungstechnik;0
12444;a.i.m. alles in metall GmbH Werkzeugbau Stanz-;a.i.m. langenfeld;D;Deutschland;25 Allgemeiner Anlagenbau;0
12445;OTTO ANNECKE GmbH & Co.KG;annecke mönchengladb.;D;Deutschland;12 Automatisierungstechnik;0
12446;Elektrotechnik Janssen GmbH;janssen nordenham;D;Deutschland;12 Automatisierungstechnik;0
12447;STEAG Power Saar GmbH;steag saarbrücken;D;Deutschland;25 Allgemeiner Anlagenbau;0
12448;Weisskopf engineering UG;weisskopf bermatingen;D;Deutschland;40 Kleinbetriebe;0
12449;ELECTRONICON Kondensatoren GmbH;electronicon gera;D;Deutschland;40 Kleinbetriebe;0
12450;ESTA Trading GmbH;esta köln;D;Deutschland;30 Händler;0
12451;agri.capital Biogas Gnoien GmbH;agri capital münster;D;Deutschland;;0
12452;Elektro Expert Rhein-Main GmbH;elektro pfungstadt;D;Deutschland;23 Brandschutz;0
12453;ITS Industrial Turbine Services GmbH;its essen;D;Deutschland;35 Instandhaltung/Wartung;0
12454;Stadtwerke Kreuztal;stadtwerke kreuztal;D;Deutschland;40 Kleinbetriebe;0
12455;Schwamborn Systeme Klaus Schwamborn;schwamborn lindlar;D;Deutschland;12 Automatisierungstechnik;0
12456;DELTRIC GmbH Großhandel für Elektrotechnische;deltric frankfurt;D;Deutschland;30 Händler;0
12457;Gebäudemanagement Schleswig-Holstein AöR;gmsh kiel;D;Deutschland;35 Instandhaltung/Wartung;0
12458;Hagemeyer Deutschland GmbH & Co. KG;hagemeyer memmingen;D;Deutschland;30 Händler;0
12459;CemTech-Drives & Equipment Inh. Axel Forst e.K.;cem tech laatzen;D;Deutschland;40 Kleinbetriebe;0
12460;Hans und Ottmar Binder GmbH;binder böhmenkirch;D;Deutschland;40 Kleinbetriebe;0
12461;Vogtlandmilch GmbH;vogtlandmilch plauen;D;Deutschland;;0
12462;Minimax Fire Solutions International GmbH;minimax bad oldesloe;D;Deutschland;23 Brandschutz;0
12463;Iludest Destillationsanlagen GmbH;iludest waldbüttelbrunn;D;Deutschland;07 Pumpen;0
12464;Gehrmann GmbH & Co. KG Elektrofachgroßhandel;gehrmann hagen;D;Deutschland;30 Händler;0
12465;Wegner Industrieanlagen Betreuung;wegner dassow;D;Deutschland;;0
12466;Confiseur Läderach Deutschland GmbH & Co. KG;läderach dillienburg;D;Deutschland;;0
12467;Wasser-un Schiffahrtsamt Cuxhaven;wasser cuxhaven;D;Deutschland;34 Reederei;0
12468;Walter Döring Technik GmbH & Co. KG;döring hamburg;D;Deutschland;;0
12469;geisslerSERVICE Siegfried Geißler;geissler aidhausen;D;Deutschland;40 Kleinbetriebe;0
12470;ICS-NH Industrial Consulting & Sales;ics-nh berlin;D;Deutschland;;0
12471;Wasser- und Schifffahrtsamt Stralsund;wasser stralsund;D;Deutschland;;0
12472;ERIKS Transportation GmbH;eriks köln;D;Deutschland;30 Händler;0
12473;GKS-Hydraulik GmbH & Co.KG;gks hydraulik kressbronn;D;Deutschland;10 Hydraulik;0
12474;Marion Klemenz Import - Export GmbH;klemenz hamburg;D;Deutschland;30 Händler;0
12475;ExperBuy Deutschland GmbH;experbuy eschbach;D;Deutschland;40 Kleinbetriebe;0
12476;Daimler Truck AG;daimler wörth;D;Deutschland;05 Prüfstände;0
12477;APL Automobil-Prüftechnik Landau GmbH;apl landau;D;Deutschland;05 Prüfstände;0
12478;WILO SE;wilo dortmund;D;Deutschland;07 Pumpen;0
12479;TECSON-Digital;tecson felde;D;Deutschland;15 EX-Anwendungen;0
12480;ADOLF WITTE Elektro-und Hochfrequenztechnik GmbH;witte gettorf;D;Deutschland;;0
12481;venotec GmbH;venotec rastede;D;Deutschland;30 Händler;0
12482;Horst Goebel ELECTRONIC DISTRIBUTION;goebel ludwigshafen;D;Deutschland;;0
12483;SI- O. Stepanek Industries;sI  herrenberg;D;Deutschland;40 Kleinbetriebe;0
12484;Mineralbrunnen Teinach GmbH;mineralbrunnen bad teichnach;D;Deutschland;;0
12485;STI Grebenhain Display + Verpackung;sti grebenhain;D;Deutschland;40 Kleinbetriebe;0
12486;HAACKE Energie-Effizienz GmbH + Co. KG;haacke celle;D;Deutschland;;0
12487;Haupt Hydraulik & Pneumatik Inh. Thomas Zander e.K.;haupt riesa;D;Deutschland;10 Hydraulik;0
12488;SCHMITT-ENERTEC GmbH;schmitt-enertec mendig;D;Deutschland;01 Motoren;0
12489;Vereinigte Asphalt-Mischwerke GmbH & Co KG;vereinigte asphalt büdelsdorf;D;Deutschland;35 Instandhaltung/Wartung;0
12490;Eisenbahnwerkstatt- Gesellschaft mbH;eisenbahn husum;D;Deutschland;;0
12491;Jabob Zirngibl Haustechnik GmbH Zirngibl GmbH Rohrleitungs- und;zirngibl regensburg;D;Deutschland;12 Automatisierungstechnik;0
12492;Buschjost GmbH;buschjost bad oeynhausen;D;Deutschland;05 Prüfstände;0
12493;BAE Batterien GmbH;bae berlin;D;Deutschland;25 Allgemeiner Anlagenbau;0
12494;Scheba GmbH Steuerungstechnik;scheba schweinfurt;D;Deutschland;12 Automatisierungstechnik;0
12495;Paul Jacobs GmbH;jacobs düsseldorf;D;Deutschland;06 Klimatechnik;0
12496;MAINNO GmbH;mainno ohrdruf;D;Deutschland;16 Wasseranwendungen;0
12497;WURZER heizung - sanitär;wurzer irchenrieth;D;Deutschland;;0
12498;NEPTUN WERFT GmbH & Co. KG;neptun werft rostock;D;Deutschland;02 Schiffbau (Werft);0
12499;HORST THUMS Automatisierungstechnik e.K.;thums nidda;D;Deutschland;12 Automatisierungstechnik;0
12500;ELAG Elektro-Fach-Großhandel;elag  ebersberg;D;Deutschland;;0
12501;ALMO-Erzeugnisse Erwin Busch GmbH;almo bad arolsen;D;Deutschland;19 Medizintechnik;0
12502;HTS Elektroniktechnik GmbH;hts berlin;D;Deutschland;30 Händler;0
12503;GULF MARINE MANAGEMENT Deutschland GmbH & Co. KG;gulf marine hamburg;D;Deutschland;31 Ersatzteilhändler Schiffbau;0
12504;MD Trade Power GmbH & Co. KG;md trade power sülzetal;D;Deutschland;01 Motoren;0
12505;GSN Maschinen-Anlagen Service GmbH;gsn rottenburg;D;Deutschland;33 Ersatzteilhändler S/I;0
12506;Siemens Energy Global GmbH & Co. KG;siemens erlangen;D;Deutschland;04 Gasdichte (SF6);0
12507;Mannsperger Biogas;mannsperger sinsheim;D;Deutschland;40 Kleinbetriebe;0
12508;Dürr Ecoclean GmbH;dürr ecolclean filderstadt;D;Deutschland;07 Pumpen;0
12509;HGO InfraSea Solutions GmbH & Co. KG;hgo bremen;D;Deutschland;;0
12510;Bähr GmbH Bremen;bähr bremen;D;Deutschland;25 Allgemeiner Anlagenbau;0
12511;EluTec Filtrations & Verbindungs- technik;elutec wilhelmshaven;D;Deutschland;33 Ersatzteilhändler S/I;0
12512;Meyer WERFT GmbH & Co. KG;meyer papenburg;D;Deutschland;02 Schiffbau (Werft);0
12513;Cario Dosiertechnologie GmbH;cario waldmössingen;D;Deutschland;07 Pumpen;0
12514;Müller Hydraulik GmbH;müller Hydraulik;D;Deutschland;10 Hydraulik;0
12515;Lotsbetriebsverein e. V. Aussenstelle;lotsbetriebsv bremerhaven;D;Deutschland;31 Ersatzteilhändler Schiffbau;0
12516;GFI Gesellschaft für Installationstechnik mbH;gfi installationst heide;D;Deutschland;;0
12517;Aschemann & Koch Haustechnik;aschemann & koch osnabrück;D;Deutschland;40 Kleinbetriebe;0
12518;MAHLE Industrial Thermal Systems GmbH & Co. KG;mahle industrial reichenbach;D;Deutschland;00 Bahn;1
12519;Carsten Schaldach Elektrotechnik und;schaldach sprockhövel;D;Deutschland;;0
12520;Elektro Schmid GmbH;schmid manching;D;Deutschland;40 Kleinbetriebe;0
12521;EDIS Anlagenbau GmbH;edis faulbach;D;Deutschland;25 Allgemeiner Anlagenbau;0
12522;KONTEC Motorenentwicklungs-;kontec möckmühl;D;Deutschland;05 Prüfstände;0
12523;KÖNIG METALL GMBH & CO. KG;könig metall gaggenau;D;Deutschland;12 Automatisierungstechnik;0
12524;PROTECH GmbH Industriepark Sandwiesen;protech pfullingen;D;Deutschland;40 Kleinbetriebe;0
12525;ATI Handels GmbH Chilehaus A;atihandels hamburg;D;Deutschland;30 Händler;0
12526;Lippold Mecklenburg-Vorpommern GmbH;lippold rostock;D;Deutschland;25 Allgemeiner Anlagenbau;0
12527;MEIKO Maschinenbau GmbH & Co. KG;meiko offenburg;D;Deutschland;12 Automatisierungstechnik;0
12528;Kronoply GmbH;kronoply heiligengrabe;D;Deutschland;;0
12529;OMV Deutschland GmbH;omv  burghausen;D;Deutschland;15 EX-Anwendungen;0
12530;Baukat GmbH & Co. KG Projektentwicklung;baukat gmbh;D;Deutschland;33 Ersatzteilhändler S/I;0
12531;Cummins Deutschland GmbH;cummins groß-gerau;D;Deutschland;01 Motoren;0
12532;Südlohner Automationstechnik GmbH;südlohner südlohn;D;Deutschland;12 Automatisierungstechnik;0
12533;SYSTECH GmbH;systech röttenbach;D;Deutschland;04 Gasdichte (SF6);0
12534;Hager & Meisinger GmbH;hager neuss;D;Deutschland;19 Medizintechnik;0
12535;Jade-Dienst GmbH;jade-dienst wilhelmshaven;D;Deutschland;34 Reederei;0
12536;HAUX-LIFE-SUPPORT GmbH;haux life support karlsbad;D;Deutschland;19 Medizintechnik;0
12537;BAUER MAT Slurry Handling Systems Zweigniederlassung;bauer mat immenstadt;D;Deutschland;07 Pumpen;0
12538;Kohn Industry Products GmbH;kohn norderstedt;D;Deutschland;31 Ersatzteilhändler Schiffbau;0
12539;Daimler AG;daimler sindelfingen;D;Deutschland;05 Prüfstände;0
12540;H. Geiger GmbH Stein- und Schotterwerke;geiger kinding;D;Deutschland;;0
12541;Dienes Packaging GmbH;dienes packaging kaiserslautern;D;Deutschland;;0
12542;steep GmbH Projektabteilung UniBw-;steep hamburg;D;Deutschland;;0
12543;BG electric e.K.;bg elektrik köln;D;Deutschland;30 Händler;0
12544;IGM GmbH Industrieservice;igm neubrandenburg;D;Deutschland;35 Instandhaltung/Wartung;0
12545;KNAUF PFT GmbH & Co. KG;knauf pft iphofen;D;Deutschland;07 Pumpen;0
12546;NORDFOLIEN GmbH;nordfolien steinfeld;D;Deutschland;;0
12547;Bikotronic-Industrie-Elektronik GmbH;bikotronic deidesheim;D;Deutschland;12 Automatisierungstechnik;0
12548;R & W Maschinenbau GmbH;r&w bad münstereifel;D;Deutschland;;0
12549;LIDO Import & Export GmbH;lido hamburg;D;Deutschland;30 Händler;0
12550;EIDE TECH GmbH;eidetech essen;D;Deutschland;31 Ersatzteilhändler Schiffbau;0
12551;Elektro Reinold;reinhold fremdingen;D;Deutschland;32 Ersatzteilhändler Industrie;0
12552;Swegon Germany GmbH;swegon garching;D;Deutschland;06 Klimatechnik;0
12553;Streumaster Maschinenbau GmbH;streumaster egglkofen;D;Deutschland;09 Mobilhydraulik;0
12554;Roediger Vacuum GmbH;roediger vacuum hanau;D;Deutschland;07 Pumpen;0
12555;AUER Hydraulics GmbH;auer solingen;D;Deutschland;10 Hydraulik;0
12556;MAN Truck & Bus Deutschland GmbH;man flensburg;D;Deutschland;01 Motoren;0
12557;MACANA International Trade Ltd.;macana bremen;D;Deutschland;31 Ersatzteilhändler Schiffbau;0
12558;mecoTec GmbH;mecotec bitterfeld-wolfen;D;Deutschland;06 Klimatechnik;0
12559;ARI-Armaturen Albert Richter GmbH & Co. KG;ari schloß holte;D;Deutschland;12 Automatisierungstechnik;0
12560;SCHMID AGRO GMBH & CO. KG;schmid ehingen;D;Deutschland;27 Baumaschinen;0
12561;Herborner Pumpentechnik GmbH & Co. KG;herborner pumpentechnik;D;Deutschland;07 Pumpen;0
12562;BBR GmbH;bbr unterschleißheim;D;Deutschland;;0
12563;Bundesfinanzdirektion Nord Schiffsbetriebstechnik;bundesfinanz hamburg;D;Deutschland;34 Reederei;0
12564;EBRA Elektrogroßhandel  GmbH;ebra kleinheubach;D;Deutschland;;0
12565;GEA Food Solutions Germany GmbH;gea food kempten;D;Deutschland;17 Verpackungsanlagen;0
12566;B. Braun Melsungen AG;braun melsungen;D;Deutschland;19 Medizintechnik;0
12567;Stadtwerke Bad Kissingen GmbH;stadtwerke kissingen;D;Deutschland;40 Kleinbetriebe;0
12568;Wasser- u. Schifffahrtsamt SFT Bauhof Würzburg;wasser- u.schifffahrtsamt würzbur;D;Deutschland;34 Reederei;0
12569;IKA-Werke GmbH & Co. KG;ika staufen;D;Deutschland;12 Automatisierungstechnik;0
12570;Bilfinger Wolfferts Gebäudetechnik GmbH;bilfinger köln;D;Deutschland;25 Allgemeiner Anlagenbau;0
12571;SIS Frederik Bohnhorst;sis achim;D;Deutschland;35 Instandhaltung/Wartung;0
12572;Sonepar Industrie- Elektrohandel GmbH;sonepar essen;D;Deutschland;30 Händler;0
12573;Lincoln GmbH SKF Industrial Market,;lincoln walldorf;D;Deutschland;24 Zentralschmieranlagen;0
12574;HOERBIGER Flow Control GmbH GmbH;hoerbiger altenstadt;D;Deutschland;10 Hydraulik;0
12575;Ammermann Marine Service;ams hamburg;D;Deutschland;31 Ersatzteilhändler Schiffbau;0
12576;MOTEX Teile GmbH;motex winsen;D;Deutschland;;0
12577;Ingeneur-Büro Mechtronics;imt rastede;D;Deutschland;;0
12578;Robert Bosch GmbH;bosch gerlingen;D;Deutschland;25 Allgemeiner Anlagenbau;0
12579;Dr. Baus GmbH Industrietechnik;baus viernheim;D;Deutschland;10 Hydraulik;0
12580;ZITEC Industrietechnik GmbH;zitec plattling;D;Deutschland;30 Händler;0
12581;Robert Bosch GmbH CP/PIR2-SD;bosch magdeburg;D;Deutschland;10 Hydraulik;0
12582;Dieselworx GmbH;dieselworx waldmünchen;D;Deutschland;01 Motoren;0
12583;ThyssenKrupp Marine Systems GmbH;thyssen hamburg;D;Deutschland;02 Schiffbau (Werft);0
12584;Dienststelle Einsatzversorgung Marinestützpunktkommando;einsatzversorgung rostock;D;Deutschland;35 Instandhaltung/Wartung;0
12585;KAMAG Transporttechnik GmbH & Co.KG;kamag ulm;D;Deutschland;09 Mobilhydraulik;0
12586;Miebo Tech Export GmbH;miebo würzburg;D;Deutschland;30 Händler;0
12587;GSS Industrie-Electronic Schulte-Suturm GmbH;gss nordwalde;D;Deutschland;;0
12588;Cosmic GmbH;cosmic bad kreuznach;D;Deutschland;;0
12589;STF - SYSTEM TECHNOLOGIE GmbH FRIEDRICHSHAFEN;stf  friedrichshafen;D;Deutschland;00 Bahn;1
12590;KIT Campus Süd, EBI-VBT;kit karlsruhe;D;Deutschland;;0
12591;EYRIS Trading & Engineering Services GmbH;eyris bonn;D;Deutschland;;0
12592;Heilna Trade GmbH;heilna neu-isenburg;D;Deutschland;30 Händler;0
12593;Promens Packaging GmbH Werk Winsen;promens winsen;D;Deutschland;;0
12594;Moren Henze GmbH;henze hannover;D;Deutschland;;0
12595;KDO Marineservice;kdo  hamburg;D;Deutschland;31 Ersatzteilhändler Schiffbau;0
12596;Huber Automotive AG;huber group;D;Deutschland;05 Prüfstände;0
12597;JOHANNES SCHUBACK & SÖHNE Handelsgesellschaft m.b.H & Co.;schuback  hamburg;D;Deutschland;30 Händler;0
12598;Flaig + Hommel GmbH Verbindungselemente;flaig aldingen;D;Deutschland;25 Allgemeiner Anlagenbau;0
12599;InfraServ Wiesbaden Technik GmbH & Co. KG;infraserv wiesbaden;D;Deutschland;00 Bahn;1
12600;GTS - Engineering GmbH;gts troisdorf;D;Deutschland;30 Händler;0
12601;PETROTECH Diaco GmbH process management;petrotech giessen;D;Deutschland;12 Automatisierungstechnik;0
12602;Norderwerft Repair GmbH;norderwerft hamburg;D;Deutschland;02 Schiffbau (Werft);0
12603;Weimarer Porzellanmanufaktur Betriebs-GmbH;weimarer porzellanma. blankenhain;D;Deutschland;40 Kleinbetriebe;0
12604;RENA GmbH;rena gütenbach;D;Deutschland;12 Automatisierungstechnik;0
12605;Steffen Hartmann Recyclingtechnologien GmbH;hartmann allrode;D;Deutschland;40 Kleinbetriebe;0
12606;Gebäudetechnik A. Weishäupl GmbH & Co.KG;weishäupl deggendorf;D;Deutschland;06 Klimatechnik;0
12608;Frigotechnik Handels-GmbH;frigotechnik kriftel;D;Deutschland;30 Händler;0
12609;Walter Binger Landtechnik;binger zornheim;D;Deutschland;09 Mobilhydraulik;0
12610;Riedl & Tschierschke GmbH;riedl karben;D;Deutschland;;0
12611;Laurent Reifen GmbH;laurent reifen oranienburg;D;Deutschland;;0
12612;Dannheim Wasserbau GmbH & Co. KG;dannheim lehrte;D;Deutschland;16 Wasseranwendungen;0
12613;Kronimus GmbH Produkte + Vertrieb;kronimus sinzheim;D;Deutschland;30 Händler;0
12614;KÖMMERLING CHEMISCHE FABRIK GMBH;kömmerling pirmasens;D;Deutschland;12 Automatisierungstechnik;0
12615;Robert Thomas Metall- und Elektrowerke GmbH & Co. KG;rotho neunkirchen;D;Deutschland;12 Automatisierungstechnik;0
12616;CERATIZIT Besigheim  GMBH;ceratizit besigheim;D;Deutschland;25 Allgemeiner Anlagenbau;0
12617;DBK David + Baader GmbH;dbk rülzheim;D;Deutschland;06 Klimatechnik;0
12618;DETECON GmbH;detecon  bad oldesloe;D;Deutschland;;0
12619;WESO-Aurorahütte GmbH;weso gladenbach;D;Deutschland;25 Allgemeiner Anlagenbau;0
12620;Modine Europe GmbH;modine filderstadt;D;Deutschland;05 Prüfstände;0
12621;GAT - Gesellschaft für Antriebstechnik mbh;gat alsdorf;D;Deutschland;11 Getriebe;0
12622;OUBO Technology GmbH;oubo krefeld;D;Deutschland;30 Händler;0
12623;KME Germany GmbH;kme osnabrück;D;Deutschland;12 Automatisierungstechnik;0
12624;WLE Westfälische Landes-Eisenbahn GmbH;wle lippstadt;D;Deutschland;35 Instandhaltung/Wartung;0
12625;Brand Deutschland GmbH;brand  sülzetal;D;Deutschland;30 Händler;0
12626;DIPL. ING. HELMUT SCHMID IMPORT-EXPORT;schmid münchen;D;Deutschland;;0
12627;Ruck GmbH Texile Dienstleistung;ruck freiburg;D;Deutschland;;0
12628;THN Elektro-Vertrieb GmbH;thn varel;D;Deutschland;;0
12629;TRATON R&D Germany GmbH;traton nürnberg;D;Deutschland;05 Prüfstände;0
12630;IAVF Antriebstechnik AG;iavf antriebstechnik karlsruhe;D;Deutschland;05 Prüfstände;0
12631;ROSIT GmbH;rosit frankfurt;D;Deutschland;30 Händler;0
12632;VAG-Armaturen GmbH;vag armaturen mannheim;D;Deutschland;16 Wasseranwendungen;0
12633;benno Vertriebsgesellschaft für;benno duisburg;D;Deutschland;32 Ersatzteilhändler Industrie;0
12634;kupke+wolf service gmbh;kupke+wolf service;D;Deutschland;31 Ersatzteilhändler Schiffbau;0
12635;J&W Engineering Equipment GmbH;j&w  schwalbach;D;Deutschland;33 Ersatzteilhändler S/I;0
12636;Turmknecht GmbH;turmknecht henstedt-ulzberg;D;Deutschland;30 Händler;0
12637;Johannes Bernklau Zahnarzt;bernklau bayreuth;D;Deutschland;;0
12638;Incoms GmbH;incoms berlin;D;Deutschland;40 Kleinbetriebe;0
12639;Aquametro Marine GmbH;aquametro rostock;D;Deutschland;16 Wasseranwendungen;0
12640;Wittig GmbH;wittig duisburg;D;Deutschland;40 Kleinbetriebe;0
12641;Elektro Jansen Inh. Johannes Jansen;elektro jansen haren;D;Deutschland;31 Ersatzteilhändler Schiffbau;0
12642;Ingenieurbüro Hubert Ott;ott ravensburg;D;Deutschland;40 Kleinbetriebe;0
12643;Bänninger Rohrleitungssysteme GmbH;bänninger staßfurt;D;Deutschland;12 Automatisierungstechnik;0
12644;promatec CNC-Service GmbH & co. KG;promatec gutenstetten;D;Deutschland;35 Instandhaltung/Wartung;0
12645;CBH COMBUTECH (GERMANY)CO. Miesner & Lee;cbh hamburg;D;Deutschland;;0
12646;IDH Anlagenbau und Montage GmbH;idh glauchau;D;Deutschland;25 Allgemeiner Anlagenbau;0
12647;Vulkan & Voss GmbH Ship Supplies GmbH;vulkan bremen;D;Deutschland;01 Motoren;0
12648;IPETRONIK GmbH & Co. KG;ipetronik baden baden;D;Deutschland;05 Prüfstände;0
12649;ZVO Entsorgung GmbH;zvo sierksdorf;D;Deutschland;35 Instandhaltung/Wartung;0
12650;Green Gas Wriezen GmbH & Co. KG;ggw kloster;D;Deutschland;40 Kleinbetriebe;0
12651;Olaf Hansen Elektromaschinenbau GmbH;hansen husum;D;Deutschland;;0
12652;Südpack Verpackungen SE & Co. KG;südpack ochsenhausen;D;Deutschland;17 Verpackungsanlagen;0
12653;Frigotechnik Handels-GmbH Niederlassung Rostock;frigotechnik rostock;D;Deutschland;06 Klimatechnik;0
12654;BARTEC GmbH;bartec bad mergentheim;D;Deutschland;15 EX-Anwendungen;0
12655;LBM Lüftungs- und Brandschutztechnik Möhnsee GmbH;lbm möhnsee;D;Deutschland;23 Brandschutz;0
12656;Schiffswerft M.A.Flint GmbH;schiffswerft flint hh;D;Deutschland;02 Schiffbau (Werft);0
12657;National Marine Suppliers GmbH;national marine bremen;D;Deutschland;31 Ersatzteilhändler Schiffbau;0
12658;Bilfinger Maintenance Nord GmbH;bilfinger leuna;D;Deutschland;;0
12659;MOBA Mobile Automation AG;moba limburg;D;Deutschland;09 Mobilhydraulik;0
12660;ARK Sship-Consulting GmbH;ark hamburg;D;Deutschland;31 Ersatzteilhändler Schiffbau;0
12661;encontec gmbh;encontec schwäbisch gmünd;D;Deutschland;25 Allgemeiner Anlagenbau;0
12662;JW Froehlich Maschinenfabrik GmbH;jwfroehlich leinfelden-echterding;D;Deutschland;05 Prüfstände;0
12663;KaVo Dental GmbH;kavo biberach;D;Deutschland;19 Medizintechnik;0
12664;IsoBouw GmbH;isobouw gmbh;D;Deutschland;25 Allgemeiner Anlagenbau;0
12665;Hermann Otto GmbH Otto Chemie;otto chemie  fridolfing;D;Deutschland;;0
12666;Dabelstein Biogasanlage GmbH & Co. KG;dabelstein bollewick;D;Deutschland;26 Erneuerbare Energien;0
12667;Imtech Deutschland GmbH & Co. KG Region Mitte-West;Imtech Frankfurt;D;Deutschland;;0
12668;FRÜTEC - technical supply GmbH;frütec supply HH;D;Deutschland;31 Ersatzteilhändler Schiffbau;0
12669;ADVANSA GmbH;advansa hamm;D;Deutschland;40 Kleinbetriebe;0
12670;Roth Hydraulics GmbH;roth hydraulics;D;Deutschland;10 Hydraulik;0
12671;Bosch Engineering GmbH CP/PIR-SD Bestellservice;bosch abstatt;D;Deutschland;05 Prüfstände;0
12672;Impexron GmbH Import Export;impexron pfullingen;D;Deutschland;32 Ersatzteilhändler Industrie;0
12673;VOMMAX Varely Harder;vommax;D;Deutschland;;0
12674;H&R Ölwerke Schindler GmbH;h&r  hamburg;D;Deutschland;35 Instandhaltung/Wartung;0
12675;Institut für Kunststoffverarbeit. (IKV) in Industrie u. Handwerk;ikv aachen;D;Deutschland;40 Kleinbetriebe;0
12676;Lungmetall oHG Peter Lung;Lung;D;Deutschland;40 Kleinbetriebe;0
12677;Bosch Rexroth AG CP/PIR14 - SD Service;bosch rexroth magdeburg;D;Deutschland;10 Hydraulik;0
12678;Eckert & Graf GmbH Elektrotechnik;eckert rielasingen;D;Deutschland;40 Kleinbetriebe;0
12679;Karl Dungs GmbH & Co. KG;dungs urbach;D;Deutschland;01 Motoren;0
12680;Getränke Pledl GmbH & Co.KG;pledl treuchtlingen;D;Deutschland;;0
12681;Maritime Electric International UG;maritime grevenbroich;D;Deutschland;03 Schiffbau (Systeme);0
12682;Kloska Technik GmbH;kloska rostock;D;Deutschland;33 Ersatzteilhändler S/I;0
12683;Siemens AG BT DE;siemens rastatt;D;Deutschland;04 Gasdichte (SF6);0
12684;ROBOS Shipmanagement GmbH;robos hamburg;D;Deutschland;31 Ersatzteilhändler Schiffbau;0
12685;Julius Berger International GmbH;berger;D;Deutschland;12 Automatisierungstechnik;0
12686;Harlad Auch design & trade;auch mannheim;D;Deutschland;30 Händler;0
12687;MAX STREICHER GmbH & Co.KG a.A.;streicher deggendorf;D;Deutschland;27 Baumaschinen;0
12688;Lloyd Dynamowerke GmbH;lloyd bremen;D;Deutschland;01 Motoren;0
12689;...;Diverse / interessenten;D;Deutschland;;0
12690;Elektrotechnischer Großhandel Thomé GmbH;thomé bitburg;D;Deutschland;30 Händler;0
12691;Flow Instruments & Engineering GmbH;flow instruments solingen;D;Deutschland;06 Klimatechnik;0
12692;Mattmüller GmbH;mattmueller;D;Deutschland;10 Hydraulik;0
12693;Heribert Sohlmann GmbH;sohlmann emsdetten;D;Deutschland;30 Händler;0
12694;Deutsche Hydrierwerke GmbH Rodleben;dhw;D;Deutschland;12 Automatisierungstechnik;0
12695;Clariant Plastics & Coatings (Deutschland) GmbH;clariant;D;Deutschland;36 Kunststofftechnik;0
12696;Samaco GmbH;samaco altenstadt;D;Deutschland;40 Kleinbetriebe;0
12697;ATMOS AUTOMATIONS GmbH;atmos freystadt;D;Deutschland;12 Automatisierungstechnik;0
12698;VDL Delmas GmbH Wärmetauscher + Kühlanlagen;delmas berlin;D;Deutschland;06 Klimatechnik;0
12700;Emtec GmbH;emtec;D;Deutschland;30 Händler;0
12701;Mannstaedt GmbH;mannstaedt;D;Deutschland;25 Allgemeiner Anlagenbau;0
12702;Eilers Schiffsmaschinen GmbH;eilers düsseldorf;D;Deutschland;31 Ersatzteilhändler Schiffbau;0
12703;HMS Hanseatic Marine Service GmbH & co. KG;hms kiel;D;Deutschland;31 Ersatzteilhändler Schiffbau;0
12704;MWB Power GmbH Blockheizkraftwerke;mwb power;D;Deutschland;26 Erneuerbare Energien;0
12705;Aluminiumwerk Unna AG;aluunna;D;Deutschland;12 Automatisierungstechnik;0
12706;Profmechanica GmbH;profmechanica;D;Deutschland;32 Ersatzteilhändler Industrie;0
12707;HLE Holger Littau Elektrotechnik GmbH;littau kiebitzreihe;D;Deutschland;03 Schiffbau (Systeme);0
12708;Union Technik GmbH & Co. KG;union technik;D;Deutschland;;0
12709;Kehdinger Kran-Service GmbH;kehdinger oederquart;D;Deutschland;33 Ersatzteilhändler S/I;0
12710;General Atomics Europe GmbH;general atomics europe dresden;D;Deutschland;13 Flugzeugbau;0
12711;Malek Medical GmbH;malekmedical weiße krug;D;Deutschland;19 Medizintechnik;0
12712;IDT Biologika GmbH;idt dessau;D;Deutschland;19 Medizintechnik;0
12713;Stadtwerke Augsburg Energie GmbH;swa augsburg;D;Deutschland;40 Kleinbetriebe;0
12714;Tera Energy Inhaber: Ahmend Ali;tera energy;D;Deutschland;;0
12715;SCHIBENSKY Apparatebau GmbH;schibensky stuhr;D;Deutschland;30 Händler;0
12716;PFISTERER Kontaktsysteme GmbH;pfisterer winterbach;D;Deutschland;04 Gasdichte (SF6);0
12717;Sonepar Deutschland Region Nord-Ost GmbH;sonepar hannover;D;Deutschland;30 Händler;0
12718;Elektro Ackermann Hans Ackermann;ackermann rostock;D;Deutschland;40 Kleinbetriebe;0
12719;Plastikpack GmbH Werk Deutschland;plastikpack steinheim;D;Deutschland;17 Verpackungsanlagen;0
12720;HC Kalkproduktionsgesellschaft Idstein mbH;hc kalkproduktion elfringen;D;Deutschland;12 Automatisierungstechnik;0
12721;Kurt Lemmer GmbH;lemmer hamburg;D;Deutschland;40 Kleinbetriebe;0
12722;Regeltechnik Seidl;seidl otterfing;D;Deutschland;12 Automatisierungstechnik;0
12723;SMPV-Marine Service UG NL Rostock;smpv rostock;D;Deutschland;31 Ersatzteilhändler Schiffbau;0
12724;Bundeswehr-Dienstleistungszentrum Wilhelmshaven;bwdlz whv;D;Deutschland;03 Schiffbau (Systeme);0
12725;Rütgers Basic Aromatics GmbH;rütgers castroprauxel;D;Deutschland;21 Lebensmittelindustrie;0
12726;Bohlen & Doyen GmbH;bohlen wiesmoor;D;Deutschland;15 EX-Anwendungen;0
12727;MVO GmbH Metallverarbeitung Ostalb;mvo ostalb;D;Deutschland;10 Hydraulik;0
12728;IAMT Prüfsysteme GmbH;iamt weischlitz;D;Deutschland;05 Prüfstände;0
12729;HD-tech Hochdrucktechnik GmbH & Co.KG;hd-tech wernigerode;D;Deutschland;08 Kompressoren;0
12730;NordWestBahn GmbH;nordwestbahn osnabrück;D;Deutschland;00 Bahn;1
12731;AKO Aggregate-Servicegesellschaft mbH;ako gernsheim;D;Deutschland;01 Motoren;0
12732;TMV Anlagenbau GmbH;tmv dresden;D;Deutschland;12 Automatisierungstechnik;0
12733;Ernst + Co Prüfmaschinen GmbH;ernst neidenstein;D;Deutschland;05 Prüfstände;0
12734;Kasten Industrie Inh. Inna Kasten;kasten leichlingen;D;Deutschland;40 Kleinbetriebe;0
12736;GREENBRIDGE Windtec GmbH;GREENBRIDGE Windtec GmbH;D;Deutschland;26 Erneuerbare Energien;0
12737;Rudi Göbel GmbH & Co. KG;göbel helmsbrecht;D;Deutschland;40 Kleinbetriebe;0
12738;GEA Food Solutions Germany GmbH;gea food wallau;D;Deutschland;17 Verpackungsanlagen;0
12739;LHY Powertrain;lhy aschaffenburg;D;Deutschland;09 Mobilhydraulik;0
12740;ERSEC GmbH;ersec stockach;D;Deutschland;40 Kleinbetriebe;0
12741;Linde Hydraulics GmbH & Co. KG;linde hydraulics;D;Deutschland;09 mh Mobile Hydraulic;0
12742;BESAB GmbH;besab bonn;D;Deutschland;12 Automatisierungstechnik;0
12743;ITE Management Dipl.-Ing. Ingo Janssen;ite management;D;Deutschland;40 Kleinbetriebe;0
12744;ETL Schlegel GmbH Niederlassung Eisenhüttenstadt;etl schlegel;D;Deutschland;30 Händler;0
12745;SCHRÖER-Elektrogrßhandel ZN der J.W.Zander GmbH&Co.KG;schröer wuppertal;D;Deutschland;30 Händler;0
12746;NNS Stoermer Baumaschinen GmbH;nns störmer karlsruhe;D;Deutschland;27 Baumaschinen;0
12747;Pierburg GmbH;pierburg neuss;D;Deutschland;07 Pumpen;0
12748;Hochschule Düsseldorf HSD;fh düsseldorf;D;Deutschland;40 Kleinbetriebe;0
12749;Eckert Haustechnik GmbH;eckert neustadt;D;Deutschland;40 Kleinbetriebe;0
12750;BASF Personal Care and Nutrition GmbH;basf monheim;D;Deutschland;25 Allgemeiner Anlagenbau;0
12751;Südkabel GmbH ECP;südkabel mannheim;D;Deutschland;25 Allgemeiner Anlagenbau;0
12752;R + S solutions Holding AG;r+s stolze lübeck;D;Deutschland;03 Schiffbau (Systeme);0
12753;TGE Marine Gas Engineering GmbH;tge marine engineering bonn;D;Deutschland;30 Händler;0
12754;HOY Import and Export GmbH;hoy hamburg;D;Deutschland;30 Händler;0
12755;ESS Elektronik Service;ess elektronik service;D;Deutschland;32 Ersatzteilhändler Industrie;0
12756;Keller + Böllinger Elektronik GmbH;keller + böllinger schelklingen;D;Deutschland;10 Hydraulik;0
12757;Lippold Mecklenburg-Vorpommern GmbH;lippold schwerin;D;Deutschland;10 Hydraulik;0
12758;GKM Grosskraftwerk Mannheim Aktiengesellschaft;gkm mannheim;D;Deutschland;20 Energietechnik;0
12759;HERMANN JAEGER GmbH;jaeger hamburg;D;Deutschland;33 Ersatzteilhändler S/I;0
12760;SHS Services GmbH;shs services völklingen;D;Deutschland;32 Ersatzteilhändler Industrie;0
12761;ReGas GmbH;regas rehden;D;Deutschland;30 Händler;0
12762;Inautom GmbH;inautom bremen;D;Deutschland;33 Ersatzteilhändler S/I;0
12763;Thomann GmbH;thomann lindau;D;Deutschland;30 Händler;0
12764;Hanse Maritime GmbH;hanse maritime;D;Deutschland;31 Ersatzteilhändler Schiffbau;0
12765;TorgSped GmbH;torgsped berlin;D;Deutschland;;0
12766;Sügravo GmbH & Co. KG;sügravo;D;Deutschland;25 Allgemeiner Anlagenbau;0
12767;SCHNELL Motoren AG;schnell motoren wangen;D;Deutschland;05 Prüfstände;0
12768;Becken Agrar GmbH;becken agrar loxstedt;D;Deutschland;30 Händler;0
12769;MKV GmbH;mkv allersberg;D;Deutschland;25 Allgemeiner Anlagenbau;0
12770;Udo Gromoll e.K.;gromoll bottrop;D;Deutschland;40 Kleinbetriebe;0
12771;Atlas Copco Energas GmbH;atlas copco köln;D;Deutschland;08 Kompressoren;0
12772;AQUAPROJEKT Plauen GmbH;aquaprojekt plauen;D;Deutschland;16 Wasseranwendungen;0
12773;Senect GmbH & Co. KG;senect landau/pfalz;D;Deutschland;07 Pumpen;0
12774;Gastrobedarf Hamperl Inh: Meier Irmgard;hamperl cham;D;Deutschland;40 Kleinbetriebe;0
12775;P.I.A. GmbH & Co. KG GAS & OIL;pia gas & oil alsdorf;D;Deutschland;30 Händler;0
12776;Weber Industrietechnik Berlin GmbH & Co. KG;weber;D;Deutschland;25 Allgemeiner Anlagenbau;0
12777;Jürgen Altenhofen Heizungsbau;altenhofen;D;Deutschland;06 Klimatechnik;0
12778;TII ENERGY GmbH & Co. KG;tii dessau;D;Deutschland;20 Energietechnik;0
12779;Huf - Der Mainzer Fachmarkt für Handwerk und Profis;huf Mainz;D;Deutschland;40 Kleinbetriebe;0
12780;Ship Service Leonhardt;ship service leonhardt scheessel;D;Deutschland;31 Ersatzteilhändler Schiffbau;0
12781;goess-tec gmbh;goesstec haan;D;Deutschland;12 Automatisierungstechnik;0
12782;P-GRAPHIA e.K;pgraphia hamburg;D;Deutschland;32 Ersatzteilhändler Industrie;0
12783;Johannes Voßkuhl Inh. Johannes Voßkuhl;voßkuhl gladbeck;D;Deutschland;40 Kleinbetriebe;0
12784;Unterweser Industries GmbH UWIND;uwind bremerhaven;D;Deutschland;03 Schiffbau (Systeme);0
12785;Lindenberg-Anlagen GmbH;lindenberg overath;D;Deutschland;26 Erneuerbare Energien;0
12786;AM - LATINA GmbH;amlatina bremen;D;Deutschland;30 Händler;0
12787;Emder Werft und Dock GmbH;emderwerft emden;D;Deutschland;02 Schiffbau (Werft);0
12788;YESSS Elektrofachgroßhandlung;yess karlsruhe;D;Deutschland;31 Ersatzteilhändler Schiffbau;0
12789;AKE-Eisenbahntouristik;ake eisenbahntouristik gerolstein;D;Deutschland;00 Bahn;1
12791;Milchwerke Mittelelbe GmbH;milchwerke mittelelbe;D;Deutschland;21 Lebensmittelindustrie;0
12792;VIERTEL MOTOREN GMBH;viertel nürnberg;D;Deutschland;01 Motoren;0
12793;Nicktechnik GmbH;nicktechnik frankfurt;D;Deutschland;40 Kleinbetriebe;0
12794;Kolb Anlagenbau GmbH;kolb anlagenbau kerpen;D;Deutschland;25 Allgemeiner Anlagenbau;0
12795;Schembera GmbH Medizin & Labortechnik;schembera münchen;D;Deutschland;19 Medizintechnik;0
12796;R&R Service Taem GbR;rr service taem;D;Deutschland;40 Kleinbetriebe;0
12797;Compressor Products International GmbH;cpi büttelborn;D;Deutschland;40 Kleinbetriebe;0
12798;RETEC Ing.-Büro für Elektrotechnik GmbH;retec baesweiler;D;Deutschland;30 Händler;0
12799;EDHAM GmbH;edham hamburg;D;Deutschland;31 Ersatzteilhändler Schiffbau;0
12800;Lotsbetriebsverein e.V. Aussenstelle Cuxhaven;lotsbetriebsverein cuxhaven;D;Deutschland;34 Reederei;0
12801;Gebr. Brasseler GmbH & Co. KG;brasseler lemgo;D;Deutschland;40 Kleinbetriebe;0
12802;FAS Feuerungsanlagen Service;fas morgenstern hartmannsdorf;D;Deutschland;32 Ersatzteilhändler Industrie;0
12803;HYDROTECHIK electronics GmbH;hydrotechnik limburg;D;Deutschland;04 Gasdichte (SF6);0
12804;Chemiewerk Bad Köstritz GmbH;chemiewerk bad köstritz;D;Deutschland;40 Kleinbetriebe;0
12805;UNITEK Marine Service Technical Supply-Forwarding;unitek marine hamburg;D;Deutschland;31 Ersatzteilhändler Schiffbau;0
12806;Weisshaar GmbH & Co. KG Kälte- und Klimatechnik;weisshaar bad salzuflen;D;Deutschland;06 Klimatechnik;0
12807;3K Kälte- und Klimatechnik Kruse GmbH;3k kälte und klimatechnik;D;Deutschland;06 Klimatechnik;0
12808;Quinta Raddison Limited Zweigniederlassung;quinta raddison;D;Deutschland;31 Ersatzteilhändler Schiffbau;0
12809;Fischer Abgastechnik GmbH & Co.KG;fischer emsdetten;D;Deutschland;01 Motoren;0
12810;Flughafen Dresden GmbH;flughafen dresden;D;Deutschland;40 Kleinbetriebe;0
12811;Weiss Präzisionstechnik GmbH;weiss;D;Deutschland;17 Verpackungsanlagen;0
12812;KLK GmbH;klk gmbh;D;Deutschland;06 Klimatechnik;0
12813;UniTec Projects & Engineering;Unitec barsinghausen;D;Deutschland;01 Motoren;0
12814;PET-FISCH GmbH;pet fisch bremerhaven;D;Deutschland;21 Lebensmittelindustrie;0
12815;Hans Klein Heizung-Sanitär GmbH;klein schlierbach;D;Deutschland;06 Klimatechnik;0
12816;AREVA GmbH;areva erlangen;D;Deutschland;04 Gasdichte (SF6);0
12817;BAT Bohr- und Anlagentechnik GmbH;bat merkers;D;Deutschland;25 Allgemeiner Anlagenbau;0
12818;HEMA Kabeltechnik GmbH & Co. KG;hema kabeltechnik;D;Deutschland;40 Kleinbetriebe;0
12819;EGU Elektro Großhandels Union Rhein Ruhr GmbH & Co. KG;egu elektro großhandels dortmund;D;Deutschland;32 Ersatzteilhändler Industrie;0
12820;PT Electronics GmbH;pt electronics wendeburg;D;Deutschland;40 Kleinbetriebe;0
12821;ATI-Hansa;ati hansa Lübeck;D;Deutschland;31 Ersatzteilhändler Schiffbau;0
12822;LIPPEVERBAND;lippeverband Essen;D;Deutschland;16 Wasseranwendungen;0
12823;Kieback&Peter GmbH & Co. KG;kiebackpeter;D;Deutschland;06 Klimatechnik;0
12824;KHS GmbH;khs hamburg;D;Deutschland;17 Verpackungsanlagen;0
12825;ORCA Shipping GmbH;orca shipping;D;Deutschland;32 Ersatzteilhändler Industrie;0
12826;Schörghuber Spezialtüren KG;schörghuber;D;Deutschland;23 Brandschutz;0
12827;hofer at GmbH;hofer at Lenting;D;Deutschland;40 Kleinbetriebe;0
12828;"Bundesanstalt für Landwirtschaft und Ernährung; Fischerei";bundesanstalt für landwirtschaft;D;Deutschland;31 Ersatzteilhändler Schiffbau;0
12829;IFTEC GmbH & Co.KG;iftec gmbh;D;Deutschland;00 Bahn;1
12830;KD Elektrotechnik Handwerkmeister;kd elektrotechnik degreif;D;Deutschland;40 Kleinbetriebe;0
12831;Bosch Abstatt Hydraulik Entwicklu;Bosch Abstatt [Hydraulik];D;Deutschland;05 Prüfstände;0
12832;RUMED Rubarth Apparate GmbH;rumed laatzen;D;Deutschland;25 Allgemeiner Anlagenbau;0
12833;INASERV Ltd Deutschland;inaserv ruhstorf;D;Deutschland;32 Ersatzteilhändler Industrie;0
12834;Friedrich-Alexander-Universität Lehrstuhl für ...;uni erlangen;D;Deutschland;12 Automatisierungstechnik;0
12835;DEPPRE GmbH;deppre gmbh;D;Deutschland;33 Ersatzteilhändler S/I;0
12836;Westfälische Hochschule Gelsenkirchen Bocholt Recklinghau;westfälische hochschule;D;Deutschland;25 Allgemeiner Anlagenbau;0
12837;Blumenbecker Technik GmbH;blumenbecker bad lauchstädt;D;Deutschland;32 Ersatzteilhändler Industrie;0
12838;UMS Univers Maschinen Service;ums univers maschinen service;D;Deutschland;32 Ersatzteilhändler Industrie;0
12839;BIA Kunststoff- und Galvanotechnik GmbH & Co. KG;bia kunststoff solingen;D;Deutschland;12 Automatisierungstechnik;0
12840;Friedrich Kretz GmbH & Co. KG;kretz pforzheim;D;Deutschland;25 Allgemeiner Anlagenbau;0
12841;Scherzinger Pumpen GmbH & Co.KG;scherzinger furtwangen;D;Deutschland;07 Pumpen;0
12842;Kinbet Germany GmbH;kinbet germany;D;Deutschland;31 Ersatzteilhändler Schiffbau;0
12843;Vereinigte Wertach-Elektrizitäts- Werke GmbH;vereinigte wertach-elektrizitätw;D;Deutschland;20 Energietechnik;0
12844;Hesch Industrietechnik GmbH;hesch fürth;D;Deutschland;32 Ersatzteilhändler Industrie;0
12845;Ing.-Büro Querin GmbH;ing.büro querin gmbh;D;Deutschland;30 Händler;0
12846;ESCO Antriebstechnik GmbH;esco troisdorf;D;Deutschland;12 Automatisierungstechnik;0
12847;Ford Werke AG;ford köln;D;Deutschland;05 Prüfstände;0
12848;Institut für Polymertechnologien e.V.;ipt wismar;D;Deutschland;05 Prüfstände;0
12849;MiRO Mineraloelraffinerie Oberrhein GmbH & Co. KG;miro mineraloelraffinerie;D;Deutschland;04 Gasdichte (SF6);0
12850;OST - Ocean Supply & Trading GmbH;ost ocean supply;D;Deutschland;31 Ersatzteilhändler Schiffbau;0
12851;Wike GmbH;wike;D;Deutschland;32 Ersatzteilhändler Industrie;0
12852;Enserv Euroquip Energy Industry Equipment;enserv euroquip;D;Deutschland;30 Händler;0
12853;Kupke + Wolf spares Gmbh;kupke wolf spares gmbh;D;Deutschland;31 Ersatzteilhändler Schiffbau;0
12854;Fossi GmbH;fossi frankfurt main;D;Deutschland;32 Ersatzteilhändler Industrie;0
12855;ACE Automatics GmbH;ace automatics;D;Deutschland;30 Händler;0
12856;Dechim GmbH;dechim neuss;D;Deutschland;32 Ersatzteilhändler Industrie;0
12857;ElringKlinger Motortechnik GmbH;elring klinger idstein;D;Deutschland;05 Prüfstände;0
12858;UNIPRO & Consulting GmbH;unipro augsburg;D;Deutschland;32 Ersatzteilhändler Industrie;0
12859;frei;frei;D;Deutschland;;0
12860;FST Industrie GmbH;fst industrie berlin;D;Deutschland;12 Automatisierungstechnik;0
12861;Gesellschaft für Leit- und Regel- technik mbH;glr papendorf;D;Deutschland;12 Automatisierungstechnik;0
12862;Rortek GmbH;rortek berlin;D;Deutschland;25 Allgemeiner Anlagenbau;0
12863;AneCom AeroTest GmbH;anecom;D;Deutschland;05 Prüfstände;0
12864;Rolls-Royce Deutschland Ltd & Co;rolls-royce;D;Deutschland;05 Prüfstände;0
12865;A&S Trading Office e.k.;a&s trading office;D;Deutschland;32 Ersatzteilhändler Industrie;0
12866;Nolde Kältetechnik;nolde kältetechnik;D;Deutschland;06 Klimatechnik;0
12867;Littau GmbH;littau kiebitzreihe;D;Deutschland;03 Schiffbau (Systeme);0
12868;HansBuy Im/Export & Service;hansbuy aachen;D;Deutschland;30 Händler;0
12869;Ship-Tec;ship tec ahrensburg;D;Deutschland;33 Ersatzteilhändler S/I;0
12870;Rehau AG + Co;rehau feuchtwangen;D;Deutschland;32 Ersatzteilhändler Industrie;0
12871;MECALAC Baumaschinen GmbH;mecalac;D;Deutschland;27 Baumaschinen;0
12872;Ingenieurgesellschaft Industrieba IBAU;ibau;D;Deutschland;03 Schiffbau (Systeme);0
12873;STILL GmbH;still;D;Deutschland;09 Mobilhydraulik;0
12874;WALTERWERK KIEL GmbH & Co. KG;walterwerk;D;Deutschland;21 Lebensmittelindustrie;0
12875;Europe Direct GmbH;europe moosinning;D;Deutschland;30 Händler;0
12876;N3 Engine Overhaul Services GmbH & Co.KG;n3eos;D;Deutschland;05 Prüfstände;0
12877;Energie Calw GmbH;energie calw;D;Deutschland;20 Energietechnik;0
12878;CFG GmbH & Co. KG;cfg gera;D;Deutschland;35 Instandhaltung/Wartung;0
12879;Jungheinrich Norderstedt AG & Co. KG;jungheinrich;D;Deutschland;09 Mobilhydraulik;0
12880;UNITECH - Maschinen GmbH;unitech maschinen;D;Deutschland;32 Ersatzteilhändler Industrie;0
12881;Universität Kassel Institut für Mechanik;universität kassel;D;Deutschland;40 Kleinbetriebe;0
12882;Iveco Magirus Brandschutztechnik GmbH;iveco magirus ulm;D;Deutschland;23 Brandschutz;0
12883;KLINGENBERG Bereederungs- und Befrachtungs GmbH & Co. KG;klingenberg ellerbek;D;Deutschland;02 Schiffbau (Werft);0
12884;JTILS Industrieanlagen GmbH;jtils alfter;D;Deutschland;32 Ersatzteilhändler Industrie;0
12885;Audi AG;audi ingolstadt;D;Deutschland;05 Prüfstände;0
12886;TecTra Tecnical Trading GmbH;tectra hamburg;D;Deutschland;32 Ersatzteilhändler Industrie;0
12887;Völkl Motorentechnik GmbH;völkl tirschenreuth;D;Deutschland;05 Prüfstände;0
12888;Emil Löffelhardt GmbH & Co. KG;löffelhardt;D;Deutschland;32 Ersatzteilhändler Industrie;0
12889;Bromberger Packungen GmbH;bromberger donaueschingen;D;Deutschland;17 Verpackungsanlagen;0
12890;RWTH Aachen University Institut für Hochspannungstechnik;RWTH Aachen;D;Deutschland;04 Gasdichte (SF6);0
12891;Thielen-Hydraulik GmbH;thielen hydraulik;D;Deutschland;32 Ersatzteilhändler Industrie;0
12892;Bock 1 GmbH & Co. KG;bock 1 postbauer heng;D;Deutschland;25 Allgemeiner Anlagenbau;0
12893;RessCom;resscom jahnsdorf;D;Deutschland;32 Ersatzteilhändler Industrie;0
12894;Fresenius Kabi Deutschland GmbH Produktionsbereich Enterale;fresenius kabi bad homburg;D;Deutschland;19 Medizintechnik;0
12895;Lübeck Yacht;lübeck yacht;D;Deutschland;02 Schiffbau (Werft);0
12896;Albert Handtmann Metallgrusswerk GmbH & Co. KG;handtmann biberach;D;Deutschland;25 Allgemeiner Anlagenbau;0
12897;Stein KG Industriebedarf;stein friedrichshafen;D;Deutschland;25 Allgemeiner Anlagenbau;0
12898;Jaster Hydraulik + Maschinenbau GmbH;jaster-hydraulik;D;Deutschland;09 Mobilhydraulik;0
12899;Walter Müller Tankanlagen (GmbH & Co. KG);walter müller;D;Deutschland;15 EX-Anwendungen;0
12900;KSK Elektro Handelsgesellschaft mbh & Co. KG;ksk elektro;D;Deutschland;32 Ersatzteilhändler Industrie;0
12901;ELFAC - Filiale der Emil Löffelhardt GmbH & Co. KG;elfac loeffelhardt bayreuth;D;Deutschland;32 Ersatzteilhändler Industrie;0
12902;RM Technology and Engineering GmbH;rm technology münchen;D;Deutschland;32 Ersatzteilhändler Industrie;0
12903;J. Schmalz GmbH;Schmalz;D;Deutschland;07 Pumpen;0
12904;RUAG Defence Deutschland GmbH Geschäftsb. Glückauf Logistik;ruag kassel;D;Deutschland;17 Verpackungsanlagen;0
12905;AM Industrievertrieb GmbH Haus 506 ETEC;am industrievertrieb essen;D;Deutschland;32 Ersatzteilhändler Industrie;0
12906;Bolz Hydraulik GmbH;bolz rellingen;D;Deutschland;10 Hydraulik;0
12907;Multimac Product Services;Multimac;D;Deutschland;09 Mobilhydraulik;0
12908;Automation Mess- und Digitaltechnik GmbH;automation gronau;D;Deutschland;32 Ersatzteilhändler Industrie;0
12909;ECS Textile Engineering & Pattern Design;ecs textile nordhorn;D;Deutschland;40 Kleinbetriebe;0
12910;Baumüller Nürnberg GmbH;baumüller nürnberg;D;Deutschland;05 Prüfstände;0
12911;Symal Marketing;symal marketing hamburg;D;Deutschland;33 Ersatzteilhändler S/I;0
12912;Vogel moulds and machines AG Betriebstätte Ehringshausen;vogel ehringshausen;D;Deutschland;25 Allgemeiner Anlagenbau;0
12913;Liebherr MCCtec Rostock GmbH;liebherr;D;Deutschland;10 Hydraulik;0
12914;Liebherr-MCCtec Rostock GmbH;liebherr;D;Deutschland;10 Hydraulik;0
12915;Stefan Hardt (Formel Student);hardt mühlheim;D;Deutschland;40 Kleinbetriebe;0
12916;Universitätsklinikum Halle(Saale) Ärztliche Direktion;universitätsklinikum halle;D;Deutschland;19 Medizintechnik;0
12917;Evac Germany GmbH;evac rellingen;D;Deutschland;16 Wasseranwendungen;0
12918;Vjacheslav Khavkin;khavkin wiesbaden;D;Deutschland;40 Kleinbetriebe;0
12919;Nowe GmbH;nowe;D;Deutschland;00 Bahn;1
12920;AMAZONEN-Werke H. Dreyer GmbH & Co. KG;amazonen;D;Deutschland;09 Mobilhydraulik;0
12921;Stadtverwaltung Erfurt Entwässerungsbetrieb;stadtverwaltung erfurt;D;Deutschland;40 Kleinbetriebe;0
12922;Hartung & Casper Elektrotechnik GmbH;Hartung & Casper;D;Deutschland;25 Allgemeiner Anlagenbau;0
12923;Bilfinger EMS GmbH;Bilfinger;D;Deutschland;25 Allgemeiner Anlagenbau;0
12924;ppm Sensortechnik GmbH;ppm sensortechnik neuss;D;Deutschland;32 Ersatzteilhändler Industrie;0
12925;Intechnics GmbH;intechnics;D;Deutschland;30 Händler;0
12926;Ziener, Mühlberger & Co;Ziener, Mühlberger & Co;D;Deutschland;30 Händler;0
12927;Hilwee OHG;hilwee windeck;D;Deutschland;32 Ersatzteilhändler Industrie;0
12928;Meierhofer GmbH Elektromotoerenwickelei;meierhofer passau;D;Deutschland;32 Ersatzteilhändler Industrie;0
12929;Bertrandt Technologie GmbH;bertrandt mönsheim;D;Deutschland;05 Prüfstände;0
12930;CHAMPLUS / H. Schoonaert;champlus frankfurt;D;Deutschland;32 Ersatzteilhändler Industrie;0
12931;VIEGC UG (haftungsbeschränkt);viegc schwarzenberg;D;Deutschland;32 Ersatzteilhändler Industrie;0
12932;Oceano Supply & Trading e. K. P.I.C.: Carla Sanchez;oceano supply trading hamburg;D;Deutschland;31 Ersatzteilhändler Schiffbau;0
12933;Sonic GmnH Traders & Exporters;sonic bruchsal;D;Deutschland;32 Ersatzteilhändler Industrie;0
12934;Amprion GmbH;amprion ludwigsburg;D;Deutschland;04 Gasdichte (SF6);0
12935;Hirschmann Automation and Control;Hirschmann Ettlingen;D;Deutschland;29 Drehmomentanwendungen;0
12936;ABEKING & RASMUSSEN Schiffs- und Yachtwerft SE;abeking;D;Deutschland;02 Schiffbau (Werft);0
12937;KIND & CO., Edelstahlwerk GmbH & Co. KG;kind & co wiehl;D;Deutschland;40 Kleinbetriebe;0
12938;Liman Marine Services GbR;liman marine services hamburg;D;Deutschland;31 Ersatzteilhändler Schiffbau;0
12939;HMB Hydraulik und Maschinenbau GmbH;hmb buxtehude;D;Deutschland;10 Hydraulik;0
12940;Regger & Fils GmbH;regger fils halle;D;Deutschland;32 Ersatzteilhändler Industrie;0
12941;Kündig Nahrungsmittel GmbH & Co. KG – Deutschland;kündig nahrungsmittel;D;Deutschland;21 Lebensmittelindustrie;0
12942;Industrielle KühlSysteme GmbH Betriebsstätte;iks neuhaus-schierschnitz;D;Deutschland;06 Klimatechnik;0
12943;Opel Automobile GmbH;opel rüsselsheim;D;Deutschland;05 Prüfstände;0
12944;innomatec GmbH Test und Sonderanlagen;innomatec idstein;D;Deutschland;05 Prüfstände;0
12945;Hahn Automobile GmbH + Co. KG;Hahn Automobile;D;Deutschland;40 Kleinbetriebe;0
12946;Boie GmbH Fachgroßhandel;boie heilbronn;D;Deutschland;30 Händler;0
12947;PWF2 ArcelorMittal Bremen;pwf2;D;Deutschland;23 Brandschutz;0
12948;SMS group GmbH;sms dahlbruch;D;Deutschland;25 Allgemeiner Anlagenbau;0
12949;Bernhard Birkle Sanitär-Elektro-;birkle harthausen;D;Deutschland;40 Kleinbetriebe;0
12950;J.W. Zander GmbH & Co. KG Essen;zander bocholt;D;Deutschland;32 Ersatzteilhändler Industrie;0
12951;RailAdventure GmbH;rail adventure münchen;D;Deutschland;00 Bahn;1
12952;hubergroup Deutschland GmbH Werk Celle;hubergroup celle;D;Deutschland;25 Allgemeiner Anlagenbau;0
12953;Daniel Schanz;Schanz;D;Deutschland;40 Kleinbetriebe;0
12954;DICOH GmbH;hefko gmbh;D;Deutschland;30 Händler;0
12955;Hoenle AG;hoenle gilching;D;Deutschland;25 Allgemeiner Anlagenbau;0
12956;Harms GmbH;harms möckmühl;D;Deutschland;10 Hydraulik;0
12957;Albert Rechtenbacher GmbH;rechtenbacher;D;Deutschland;32 Ersatzteilhändler Industrie;0
12958;Kolben-Seeger GmbH & Co. KG;kolben seeger steinbach;D;Deutschland;32 Ersatzteilhändler Industrie;0
12959;BMW M GmbH;bmwmmünchen;D;Deutschland;01 Motoren;0
12960;Hochschule Hannover Fakultät II;hochschule hannover;D;Deutschland;05 Prüfstände;0
12962;BorgWarner Turbo Systems Engineering GmbH;borgwarner kirchheimbolanden;D;Deutschland;01 Motoren;0
12963;Bitzer Külmaschinenbau GmbH;Bitzer Rottenburg;D;Deutschland;06 Klimatechnik;0
12964;e4e engineers for engineers GmbH;e4e frankfurt;D;Deutschland;30 Händler;0
12965;H.D. Ploog GmbH siehe KD-Nr.: 13391;ploog gmbh rendsburg;D;Deutschland;33 Ersatzteilhändler S/I;0
12967;Biogas Selig GmbH & Co. KG;biogas selig mark landin;D;Deutschland;40 Kleinbetriebe;0
12968;Desitin Arzneimittel GmbH;desitin arzneimittel hamburg;D;Deutschland;19 Medizintechnik;0
12969;SGV Schaltgeräte-Anlagen Vertrieb GmbH;sgv wunstorf;D;Deutschland;30 Händler;0
12970;SeaTerra GmbH Geophisik und Kampfmittel;seaterra wandlitz;D;Deutschland;34 Reederei;0
12971;Polymer technik & Service GmbH;polyblend bad sobernheim;D;Deutschland;36 Kunststofftechnik;0
12973;NIMAK GmbH Standort Werk Frankenthal;nimak wissen;D;Deutschland;12 Automatisierungstechnik;0
12974;Elektro Hermjohannknecht;hermjohannknecht gütersloh;D;Deutschland;40 Kleinbetriebe;0
12975;KTI-Plersch Kältetechnik GmbH;kti balzheim;D;Deutschland;06 Klimatechnik;0
12976;Maschinenfabrik Wagner GmbH & Co.KG;wagner plarad much;D;Deutschland;10 Hydraulik;0
12977;Hofer AG;hofer stuttgart;D;Deutschland;11 Getriebe;0
12978;Veolia Umweltservice Nord GmbH;veolia umweltservice hamburg;D;Deutschland;25 Allgemeiner Anlagenbau;0
12979;IMES GmbH;IMES;D;Deutschland;01 Motoren;0
12980;Ortlinghaus-Werke GmbH;ortlingshaus wermelskirchen;D;Deutschland;03 Schiffbau (Systeme);0
12981;ESG Elektronik Service Gorges;esg rhauderfehn;D;Deutschland;32 Ersatzteilhändler Industrie;0
12982;KNOLL + LANGOHR Maschienbau;knoll langohr dittenheim;D;Deutschland;25 Allgemeiner Anlagenbau;0
12983;Spare Parts Supply International UG;spare parts supply henstedt;D;Deutschland;32 Ersatzteilhändler Industrie;0
12984;MegaSensor GmbH;mega sensor köln;D;Deutschland;30 Händler;0
12985;WISTER Industrieanlagen Handelsgesellschaft mbH;wister bremen;D;Deutschland;33 Ersatzteilhändler S/I;0
12987;Cegelec Contracting GmbH Niederlassung Böhlen;cegelec böhlen;D;Deutschland;36 Kunststofftechnik;0
12988;Carl Mettler GmbH ElektroGrosshandel;mettler trierweiler;D;Deutschland;30 Händler;0
12989;O.P.S. Technik- und Werfthandel GmbH;ops technik und werfthandel;D;Deutschland;31 Ersatzteilhändler Schiffbau;0
12990;Deutsche Vacuumapparate Holland-Merten GmbH;dva südharz;D;Deutschland;12 Automatisierungstechnik;0
12991;FEGA & Schmitt Elektrogroßhandel GmbH;fega und schmitt elektro dresden;D;Deutschland;32 Ersatzteilhändler Industrie;0
12992;Bundespolizeiinspektion See Warnemünde;bundespolizei warenmünde;D;Deutschland;35 Instandhaltung/Wartung;0
12993;Technische Universität Braunschweig;institut braunschweig;D;Deutschland;05 Prüfstände;0
12994;GA-tec Gebäude- und Anlagen- technik GmbH;ga-tec ludwigshafen;D;Deutschland;06 Klimatechnik;0
12995;Marioff GmbH UTC Climate, Controls & Securtiy;marioff raunheim;D;Deutschland;06 Klimatechnik;0
12996;Loick Bioenergie GmbH;loick dorsten/lembeck;D;Deutschland;26 Erneuerbare Energien;0
12997;Honeywell Environmental & Energy Solutions EMEA;honeywell schönaich;D;Deutschland;12 Automatisierungstechnik;0
12998;HygroMatik GmbH;hygromatik henstedt-ulzberg;D;Deutschland;06 Klimatechnik;0
12999;Kälte- und Klimatechnik Rhein-Berg GmbH & Co. KG;kälte klimatech nümbrecht;D;Deutschland;35 Instandhaltung/Wartung;0
13000;AKV Industrie Automatik OHG;akv industrie automatik duesseldo;D;Deutschland;32 Ersatzteilhändler Industrie;0
13001;Matthias Thierse Sanitär / Heizung / Klempnerei;thierse;D;Deutschland;35 Instandhaltung/Wartung;0
13002;Rosenberger Hochfrequenztechnik GmbH & Co. KG;rosenberger fridolfing;D;Deutschland;25 Allgemeiner Anlagenbau;0
13003;Alfa Laval Mid Europa GmbH;alfa laval glinde;D;Deutschland;31 Ersatzteilhändler Schiffbau;0
13004;DanTysk Offhore Wind GmbH & Co.KG;dantysk offshore hamburg;D;Deutschland;26 Erneuerbare Energien;0
13005;MICON Downhole-Tools GmbH;micon nienhagen;D;Deutschland;09 Mobilhydraulik;0
13006;Jet Systems GmbH;jet sytems köln;D;Deutschland;32 Ersatzteilhändler Industrie;0
13007;ASAP Engineering GmbH Kassel;asap kassel;D;Deutschland;05 Prüfstände;0
13008;OXEA GmbH;oxea oberhausen;D;Deutschland;35 Instandhaltung/Wartung;0
13009;Wolfgang Anderer Einkaufsdienstleistungen;anderer bad herrenalb;D;Deutschland;40 Kleinbetriebe;0
13010;UPM - Plattling Papier GmbH;upm plattling papier;D;Deutschland;25 Allgemeiner Anlagenbau;0
13011;Sunrise Automation & Sensorik GmbH;sunrise automation erlangen;D;Deutschland;32 Ersatzteilhändler Industrie;0
13012;KraussMaffei Technologies GmbH;kraussmaffei münchen;D;Deutschland;12 Automatisierungstechnik;0
13013;Universität Bremen Dezernat 4 - Energiezentrale;uni bremen;D;Deutschland;40 Kleinbetriebe;0
13014;"BRÜGGEN Fahrzeugwerk & Service GmbH; Werk Lübtheen";brueggen lübtheen;D;Deutschland;40 Kleinbetriebe;0
13015;KLH Marine GmbH HVAC Division of R&M Group;klh marine rostock;D;Deutschland;33 Ersatzteilhändler S/I;0
13016;Bolz Block GmbH & Co. KG;bolz block uetersen;D;Deutschland;40 Kleinbetriebe;0
13017;Munters GmbH;munters hamburg;D;Deutschland;21 Lebensmittelindustrie;0
13018;Mahle Powertrain GmbH;Mahle Powertrain;D;Deutschland;29 Drehmomentanwendungen;0
13019;Wärtsilä JOVYATLAS EUROATLAS GmbH;wärtislä jemgum;D;Deutschland;25 Allgemeiner Anlagenbau;0
13020;GERONNE GmbH Holzbearbeitungsmaschinen;geronne gescher;D;Deutschland;35 Instandhaltung/Wartung;0
13021;Virtus GmbH;virtus osten;D;Deutschland;33 Ersatzteilhändler S/I;0
13022;Caverion GmbH Niederlassung Deggendorf;caverion deggendorf;D;Deutschland;19 Medizintechnik;0
13023;Briese Schiffahrts GmbH & Co. KG Research;briese forschungsschiffahrt;D;Deutschland;31 Ersatzteilhändler Schiffbau;0
13024;Vulkan & Voss GmbH Engineering & Sales-Office;vulkan + voss bremen;D;Deutschland;01 Motoren;0
13025;BMW Group;bmw landshut;D;Deutschland;01 Motoren;0
13026;CSM GmbH Computer-Systems-Messtechnik;csm filderstadt;D;Deutschland;05 Prüfstände;0
13027;Knaack & Jahn Schiffbau GmbH;knaack&jahn Hamburg;D;Deutschland;03 Schiffbau (Systeme);0
13028;EMG Automation GmbH;emg automation wenden;D;Deutschland;32 Ersatzteilhändler Industrie;0
13029;ONI-Wärmetrafo GmbH;oni-wärmetrafo lindlar;D;Deutschland;06 Klimatechnik;0
13030;EEE Anlagenbau GmbH;eee fürstenwalde;D;Deutschland;25 Allgemeiner Anlagenbau;0
13031;SWA Computer Systeme GmbH Software-Wartung-Anlagen;swa kleinsendelbach;D;Deutschland;25 Allgemeiner Anlagenbau;0
13032;Westfälische Lokomotiv-Fabrik Reuschling GmbH & Co. KG;westfälische Lokomotiv-Fabrik;D;Deutschland;00 Bahn;1
13033;Butenschön Electric GmbH;butenschön electric;D;Deutschland;40 Kleinbetriebe;0
13034;GDP German Diesel Parts GmbH;gdp rheinberg;D;Deutschland;31 Ersatzteilhändler Schiffbau;0
13035;Wulf Johannsen KG GmbH & Co.;wulf johannsen kiel;D;Deutschland;33 Ersatzteilhändler S/I;0
13036;SEW Technologe GmbH;sew technologe düsseldorf;D;Deutschland;30 Händler;0
13037;Omnimare GmbH;omnimare bremen;D;Deutschland;31 Ersatzteilhändler Schiffbau;0
13038;JOHANNES SCHUBACK & SOEHNE Handelsgesellschaft m.b.H & Co.;johannes schuback & soehne;D;Deutschland;31 Ersatzteilhändler Schiffbau;0
13039;DeuChi Im-/Export & Service;deuchi hamburg;D;Deutschland;33 Ersatzteilhändler S/I;0
13040;hillmann + ploog Elektro-Fachgrosshandler;hillmann flensburg;D;Deutschland;30 Händler;0
13041;Rohstoffhandel Bernhard Westarp;rohstoffhandel aschaffenburg;D;Deutschland;33 Ersatzteilhändler S/I;0
13042;Siemens Mobility GmbH;siemens münchen;D;Deutschland;00 Bahn, 13 Flugzeugbau;1
13043;ARGES GmbH Werk 4;arges wackersdorf;D;Deutschland;39 Lasertechnik;0
13044;Atlas Copco Kompressoren und Drucklufttechnik GmbH;atlas copco weil am rhein;D;Deutschland;52 Wasserstoffanwendungen;0
13045;Wirtgen GmbH;wirtgen windhagen;D;Deutschland;09 Mobilhydraulik;0
13046;Sauer & Sohn KG Motorentechnik;sauer & sohn dieburg;D;Deutschland;01 Motoren;0
13047;Soluparts GmbH B. Business Center Köln;soluparts köln;D;Deutschland;30 Händler;0
13048;Inon Dare Automobile Lenksysteme;inon dare leipzig;D;Deutschland;12 Automatisierungstechnik;0
13049;VBR Globalhandel GmbH;vbr leipzig;D;Deutschland;32 Ersatzteilhändler Industrie;0
13050;Patt Elektrotechnik GmbH;patt elektro kirchhundem;D;Deutschland;32 Ersatzteilhändler Industrie;0
13051;IMI Z&J Germany Z&J Technologies GmbH;imi z&j düren;D;Deutschland;32 Ersatzteilhändler Industrie;0
13052;Sonepar Deutschland Region Nord-Ost GmbH;sonepar berlin;D;Deutschland;30 Händler;0
13053;ZF Friedrichshafen AG;ZF Stemwede;D;Deutschland;29 Drehmomentanwendungen;0
13054;Barl Maschinenbau GmbH;barl maschinenbau;D;Deutschland;40 Kleinbetriebe;0
13055;Pharbil Pharma GmbH;pharma bielefeld;D;Deutschland;19 Medizintechnik;0
13056;Mack Metall GmbH;mack metall;D;Deutschland;25 Allgemeiner Anlagenbau;0
13057;Ahmed Ali Sachverständiger für Schäden an Gebäuden und;ahmed ali;D;Deutschland;33 Ersatzteilhändler S/I;0
13058;SALMATEC GmbH Salzhausener Maschinenbautechnik;salmatec salzhausen;D;Deutschland;15 EX-Anwendungen;0
13059;Vattenfall Heizkraftwerk Moorburg GmbH;vattenfall heizkraftwerk moorburg;D;Deutschland;20 Energietechnik;0
13060;Wittenstein cyber motor GmbH;Wittenstein;D;Deutschland;29 Drehmomentanwendungen;0
13061;Sklarz Abwasser - und Umwelttechnik GmbH;sklarz abwasser;D;Deutschland;16 Wasseranwendungen;0
13062;AVL qpunkt GmbH;qpunkt ingolstadt;D;Deutschland;05 Prüfstände;0
13063;CHEFS CULINAR Nord GmbH & Co. KG;chefs culinar;D;Deutschland;30 Händler;0
13064;Sonepar Deutschland / Region Süd GmbH;sonepar langweid;D;Deutschland;30 Händler;0
13065;NABITEX Technology & Solutions e.K.;nabitex hamburg;D;Deutschland;09 Mobilhydraulik;0
13066;Vulkan-Eifel-Bahn Betriebsgesellschaft mbh;vulkan-eifel gerolstein;D;Deutschland;00 Bahn;1
13067;DALTON trading GmbH Warenhandelsgesellschaft;dalton;D;Deutschland;30 Händler;0
13068;HAGEMEYER Deutschland GmbH & Co.KG;hagemeyer neu ulm;D;Deutschland;30 Händler;0
13069;Kraftindustrie GmbH;kraftindustrie allersberg;D;Deutschland;30 Händler;0
13070;Firian Industrieanlagen GmbH;firian kirchheim b. münchen;D;Deutschland;23 Brandschutz;0
13071;LY International Trading GmbH;ly international duesseldorf;D;Deutschland;32 Ersatzteilhändler Industrie;0
13072;MAXIMATOR GmbH;maximator nordhausen;D;Deutschland;07 Pumpen;0
13073;SYSCOM Electronic GmbH;syscom kirchheim/teck;D;Deutschland;30 Händler;0
13074;FISDCOM GmbH;fisdcom bad homburg;D;Deutschland;30 Händler;0
13075;A&M Handel UG (haftungsbeschränkt;a&m handel wuppertal;D;Deutschland;30 Händler;0
13076;Dugas GmbH Industral Equipment;dugas köln;D;Deutschland;30 Händler;0
13077;KOBOLD Messring GmbH;kobold hofheim;D;Deutschland;30 Händler;0
13078;Kupek GmbH;Kupek GmbH;D;Deutschland;04 Gasdichte (SF6);0
13079;Siemens AG Process Industries and Drives Purchasing Motors and;siemens ruhstorf;D;Deutschland;09 Mobilhydraulik;0
13080;Maximator Gas Solutions GmbH;maximator gassolutions  flacht;D;Deutschland;08 Kompressoren;0
13081;Elektrodienst Wilhelmsburg GmbH;elektrod. wilhelmsburg;D;Deutschland;32 Ersatzteilhändler Industrie;0
13082;Helmut Rossmanith GmbH;rossmanith uhingen;D;Deutschland;25 Allgemeiner Anlagenbau;0
13083;FEGA & Schmittt Elektrogroßhandel GmbH;fega & schmitt nürnberg;D;Deutschland;30 Händler;0
13084;KAPP NILES GmbH & Co. KG;kapp niles coburg;D;Deutschland;25 Allgemeiner Anlagenbau;0
13085;ATI Handels GmbH;ati nürnberg;D;Deutschland;30 Händler;0
13086;INFARM Indoor Urban Farming GmbH;infarm;D;Deutschland;22 Filtertechnik;0
13087;KUMASTER Import and Export GmbH;kumaster offenbach;D;Deutschland;30 Händler;0
13088;OptoTech Optikmaschinen GmbH;opto tech wettenberg;D;Deutschland;12 Automatisierungstechnik;0
13089;SF Sanitär Service;sf sanitär münchen;D;Deutschland;35 Instandhaltung/Wartung;0
13090;Wandfluh GmbH;wandfluh emmingen;D;Deutschland;10 Hydraulik;0
13091;CLAAS Selbstfahrende Erntemaschinen GmbH;Claas;D;Deutschland;29 Drehmomentanwendungen;0
13092;Alexander Bürkle GmbH & Co. KG;bürkle saarbrücken;D;Deutschland;32 Ersatzteilhändler Industrie;0
13093;SME GmbH;sme heikendorf;D;Deutschland;30 Händler;0
13094;A.M.T. Auto-Motor-Technik Handelsgesellschaft mbH;amt hamburg;D;Deutschland;33 Ersatzteilhändler S/I;0
13095;Elektro Seiwert GmbH Industrieverkauf;elektro seiwert;D;Deutschland;33 Ersatzteilhändler S/I;0
13096;W.Köpp GmbH & Co. KG;köpp aachen;D;Deutschland;25 Allgemeiner Anlagenbau;0
13097;sl-systems GmbH & Co. KG;sl-systems löhne;D;Deutschland;25 Allgemeiner Anlagenbau;0
13098;ZPMC Germany GmbH;zpmc hamburg;D;Deutschland;33 Ersatzteilhändler S/I;0
13099;Perlon-Monofil GmbH Chempark DormagenGeb.: F18;perlon dormagen;D;Deutschland;12 Automatisierungstechnik;0
13100;Sipos Aktorik GmbH;Sipos;D;Deutschland;29 Drehmomentanwendungen;0
13101;Elektro Manfred Hurzlmeier;hurzelmeier regenburg;D;Deutschland;16 Wasseranwendungen;0
13102;GlobalPak GmbH;globalpak bad homburg;D;Deutschland;30 Händler;0
13103;Becker & Grieshaber GmbH;becker grieshaber ludwigshafen;D;Deutschland;31 Ersatzteilhändler Schiffbau;0
13104;Prime Trading and Industrial Services GmbH;prime trading hamburg;D;Deutschland;30 Händler;0
13105;Die Ostholsteiner gGmbH;die ostholsteiner eutin;D;Deutschland;33 Ersatzteilhändler S/I;0
13106;Sivi GmbH;sivi automation eschborn;D;Deutschland;32 Ersatzteilhändler Industrie;0
13107;TC-Hydraulik GmbH;tc-hydraulik heide;D;Deutschland;10 Hydraulik;0
13108;Institut für schnelle mechatronis Hochschule Heilbronn;Hochschule Künzelsau;D;Deutschland;44 Embedded Magnetics;0
13109;ADAC Hessen-Thüringen e.V. Fahrsicherheitszentrum Rhein-Main;adac hessen thüringen gründau;D;Deutschland;40 Kleinbetriebe;0
13110;I-T_Company GmbH;i-t starnberg;D;Deutschland;30 Händler;0
13111;Haupt GmbH Kälte-Klima-Technik;haupt worms;D;Deutschland;30 Händler;0
13112;WTA Vogtland GmbH;wta plauen;D;Deutschland;16 Wasseranwendungen;0
13113;Terex MHPS GmbH;Terex;D;Deutschland;09 Mobilhydraulik;0
13114;Virides Solutions GmbH;virides hamburg;D;Deutschland;25 Allgemeiner Anlagenbau;0
13115;Rüdiger Wöhrl GmbH;Wöhrl;D;Deutschland;28 Wiegesysteme;0
13116;Naturenergie Isny GmbH;naturenergie insy;D;Deutschland;20 Energietechnik;0
13117;GEM Gesellschaft für Einkauf und Materialwirtschaft mbH;gem karlsruhe;D;Deutschland;33 Ersatzteilhändler S/I;0
13118;Philips GmbH Innovations Services Aachen;philips aachen;D;Deutschland;05 Prüfstände;0
13119;Wehrtechnische Dienststelle für Schiffe und Marinewaffen;WTD 71;D;Deutschland;40 Kleinbetriebe;0
13120;Dr. Hahn GmbH & Co. KG;dr. hahn erkelenz;D;Deutschland;25 Allgemeiner Anlagenbau;0
13121;Inst. f. Technische Chemie und Makromolekulare Chemie der RWT-;inst.f. aachen;D;Deutschland;40 Kleinbetriebe;0
13122;maurer electronic gmbh;maurer;D;Deutschland;30 Händler;0
13123;Fritz Weg GmbH & Co.KG;fritz weg;D;Deutschland;32 Ersatzteilhändler Industrie;0
13124;PED GmbH;ped dargum;D;Deutschland;20 Energietechnik;0
13125;Kobold Messring GmbH Werk 2;kobold sindelfingen;D;Deutschland;30 Händler;0
13126;Oerlikon Balzers Coating Germany GmbH;oerlikon bergisch gladbach;D;Deutschland;35 Instandhaltung/Wartung;0
13127;ThinkfoN Techn GmbH c/o Rechtsanwaltkanzlei;thinkfon düsseldorf;D;Deutschland;30 Händler;0
13128;CAETEC GmbH;caetec olching;D;Deutschland;05 Prüfstände;0
13129;Karl Knauer KG;knauer biberach;D;Deutschland;40 Kleinbetriebe;0
13130;Eurotec Elektrotechnik GmbH&Co.KG;eurotec velbert;D;Deutschland;30 Händler;0
13131;Berg Armaturen Steuerungen GmbH;berg armaturen stuhr;D;Deutschland;25 Allgemeiner Anlagenbau;0
13132;Siemens AG Digital Factory Division;siemens erlangen;D;Deutschland;35 Instandhaltung/Wartung;0
13133;Hans Rinck GmbH & Co. KG;rinck nottensdorf;D;Deutschland;31 Ersatzteilhändler Schiffbau;0
13134;Aquaflex GmbH;aquaflex stuttgart;D;Deutschland;16 Wasseranwendungen;0
13135;AOI Solutions GmbH;aoi solutions hamburg;D;Deutschland;30 Händler;0
13136;MTU Friedrichshafen GmbH;mtu duisburg;D;Deutschland;01 Motoren;0
13137;Prinzig Maschinenbau Zerspanungstechnik;prinzig lonsee;D;Deutschland;25 Allgemeiner Anlagenbau;0
13138;Kemgreen GmbH;kemgreen berlin;D;Deutschland;30 Händler;0
13139;Minimax GmbH & Co. KG;minimax krakow;D;Deutschland;23 Brandschutz;0
13140;Helmut Hein GmbH Maschienen-Mietservice;hein frankfurt am main;D;Deutschland;32 Ersatzteilhändler Industrie;0
13141;Elektro Tienken Gerrit Tienken Gerrit Tienken;elektro tienken;D;Deutschland;32 Ersatzteilhändler Industrie;0
13142;Walter Dreizler GmbH Wärmetechnik;dreizler;D;Deutschland;35 Instandhaltung/Wartung;0
13143;OKB Sondermaschinenbau GmbH;okb schönebeck;D;Deutschland;25 Allgemeiner Anlagenbau;0
13144;G.R. I. Industrieelektronik;g.r industrieelektronik ludwigsbu;D;Deutschland;12 Automatisierungstechnik;0
13145;SICATRON GmbH & Co. KG;sicatron;D;Deutschland;12 Automatisierungstechnik;0
13146;PB-Composites GmbH;pb composites wipperfürth;D;Deutschland;25 Allgemeiner Anlagenbau;0
13147;Deutsche van Rietschoten & Houwens GmbH;rietschoten hannover;D;Deutschland;10 Hydraulik;0
13148;Codex Engineering GmbH;Codex;D;Deutschland;52 Wasserstoffanwendungen;0
13149;HYDROSAAR GmbH;hydrosaar sulzbach/saar;D;Deutschland;10 Hydraulik;0
13150;Groz-Beckert KG;groz beckert albstadt;D;Deutschland;40 Kleinbetriebe;0
13151;Bachmann Monitoring GmbH;Bachmann;D;Deutschland;29 Drehmomentanwendungen;0
13152;VENTAPP GmbH;ventapp kempen;D;Deutschland;40 Kleinbetriebe;0
13153;MSR Technologies GmbH;msr laupheim;D;Deutschland;40 Kleinbetriebe;0
13154;MH-PARTS GmbH & Co. KG;mh-parts;D;Deutschland;33 Ersatzteilhändler S/I;0
13155;Autovision GmbH ZFM - Zentrum für Motorentechnik;AutoVision;D;Deutschland;01 Motoren;0
13156;FST GmbH;FST GmbH;D;Deutschland;08 Kompressoren;0
13157;Zwick Armaturen GmbH;zwick armaturen;D;Deutschland;25 Allgemeiner Anlagenbau;0
13158;Hydraulik-Liftsysteme Walter Mayer GmbH;walter mayer;D;Deutschland;10 Hydraulik;0
13159;Haas Recycling-Systems;haas;D;Deutschland;25 Allgemeiner Anlagenbau;0
13160;PFEIFER Holding GmbH & Co. KG;pfeifer;D;Deutschland;10 Hydraulik;0
13161;Max-Planck-Institut für Plasma- physik (IPP), Technische Dienste;max planck greifswald;D;Deutschland;32 Ersatzteilhändler Industrie;0
13162;Neander Shark GmbH;neander shark kiel;D;Deutschland;01 Motoren;0
13163;Crane Service North GmbH & Co. KG;csn kastorf;D;Deutschland;32 Ersatzteilhändler Industrie;0
13164;Gil Handels GmbH;gil frankfurt;D;Deutschland;33 Ersatzteilhändler S/I;0
13167;Präzisionstechnik Hilter Gmbh;Präzisionstechnik Hilter Gmbh;D;Deutschland;25 Allgemeiner Anlagenbau;0
13168;ELIOG Industrieofenbau GmbH;ELIOG Industrieofenbau GmbH;D;Deutschland;06 Klimatechnik;0
13169;grün-pumpen gmbh;grün-pumpen gmbh;D;Deutschland;07 Pumpen;0
13170;GAWATEC GmbH;GAWATEC GmbH;D;Deutschland;16 Wasseranwendungen;0
13171;Continental;Continental;D;Deutschland;05 Prüfstände;0
13172;AuenBurg GmbH;auenburg;D;Deutschland;30 Händler;0
13173;Ruhrpumen GmbH;ruhrpumpen;D;Deutschland;07 Pumpen;0
13174;Anlagenbau Neundörfer GmbH;neundörfer forchheim;D;Deutschland;25 Allgemeiner Anlagenbau;0
13175;Karl-H. Mühlhäuser GmbH & Co. KG;mühlhäuser;D;Deutschland;27 Baumaschinen;0
13176;MOBA Hauptniederlasung;moba;D;Deutschland;27 Baumaschinen;0
13177;GILDEMEISTER Drehmaschinen GmbH;gildemeister bielefeld;D;Deutschland;25 Allgemeiner Anlagenbau;0
13178;Agritec GmbH;agritec;D;Deutschland;09 Mobilhydraulik;0
13179;Progress Group GmbH;progress;D;Deutschland;27 Baumaschinen;0
13180;Xylem Water Solutions Deutschland;xylem water;D;Deutschland;07 Pumpen;0
13181;Rohr Bagger GmbH;rohrbagger;D;Deutschland;27 Baumaschinen;0
13182;Otto Hydraulics GmbH;otto hydraulics;D;Deutschland;10 Hydraulik;0
13183;m-tec mathis technik GmbH;m-tec;D;Deutschland;25 Allgemeiner Anlagenbau;0
13184;HYDRAULIK-TECHNIK Kh. Hauck GmbH;hauck;D;Deutschland;10 Hydraulik;0
13185;MTS Mobile Tiefbau Saugsysteme GmbH;mts;D;Deutschland;10 Hydraulik;0
13186;HEMSCHEIDT Engineering GmbH & Co.;hemscheidt;D;Deutschland;09 Mobilhydraulik;0
13187;Dipl.-Ing. Lutz Kurth Bohr- und Brunnenausrüstungen;kurth bohrtechnik;D;Deutschland;27 Baumaschinen;0
13188;Hunger Maschinen GmbH;hunger;D;Deutschland;10 Hydraulik;0
13189;NISBAU GmbH;nisbau;D;Deutschland;25 Allgemeiner Anlagenbau;0
13190;Lotz Hydraulik + Pneumatik GmbH;lotz;D;Deutschland;10 Hydraulik;0
13191;JOSEPH VÖGELE AG;vögele;D;Deutschland;27 Baumaschinen;0
13192;Lift Service Bochum GmbH;lsb;D;Deutschland;10 Hydraulik;0
13193;Sunfire SE;sunfire se;D;Deutschland;52 Wasserstoffanwendungen;0
13194;AREVA H2Gen GmbH;AREVA H2Gen GmbH;D;Deutschland;52 Wasserstoffanwendungen;0
13195;Deutsche Accumotive GmbH & Co. KG;Accumotive;D;Deutschland;52 Wasserstoffanwendungen;0
13196;Hydrogenious Technologies GmbH;Hydrogenious;D;Deutschland;52 Wasserstoffanwendungen;0
13197;JA-Gastechnology GmbH;JA-Gastechnology GmbH;D;Deutschland;52 Wasserstoffanwendungen;0
13198;EVA Fahrzeugtechnik GmbH;EVA;D;Deutschland;52 Wasserstoffanwendungen;0
13199;Wystrach GmbH;Wystrach GmbH;D;Deutschland;52 Wasserstoffanwendungen;0
13200;Opel Automobile GmbH;Opel Automobile GmbH;D;Deutschland;52 Wasserstoffanwendungen;0
13201;BMW Group AG;BMW Group AG;D;Deutschland;52 Wasserstoffanwendungen;0
13202;Hexagon xperion GmbH;Hexagon xperion GmbH;D;Deutschland;52 Wasserstoffanwendungen;0
13203;SL-Tech2 GmbH;SL-Tech2 GmbH;D;Deutschland;52 Wasserstoffanwendungen;0
13204;Leadec FM BV & Co. KG Instandhaltung;leadec kölleda;D;Deutschland;33 Ersatzteilhändler S/I;0
13205;MTM Power Messtechnik Mellenbach GmbH;mtm power mellenbach/thür.;D;Deutschland;12 Automatisierungstechnik;0
13206;MCT MultiChannelTrade GmbH;mct multichanneltrade nördlingen;D;Deutschland;33 Ersatzteilhändler S/I;0
13207;AD Agro Systems GmbH & Co.KG;AD Agro;D;Deutschland;26 Erneuerbare Energien;0
13208;PRIME DRILLING GmbH;prime drilling;D;Deutschland;27 Baumaschinen;0
13209;Philipp GmbH;philipp;D;Deutschland;10 Hydraulik;0
13210;KISA GmbH;kisa;D;Deutschland;27 Baumaschinen;0
13211;KLEIN GmbH;klein;D;Deutschland;07 Pumpen;0
13212;HIDRALMAC Europe GmbH;hidralmac;D;Deutschland;10 Hydraulik;0
13213;Maschinenfabrik Glückauf GmbH & C;glückauf;D;Deutschland;10 Hydraulik;0
13214;Schauenburg Maschinen- und Anlagenbau GmbH;schauenburg;D;Deutschland;25 Allgemeiner Anlagenbau;0
13215;Siebtechnik GmbH;siebtechnik;D;Deutschland;25 Allgemeiner Anlagenbau;0
13216;HIAT GmbH;HIAT GmbH;D;Deutschland;52 Wasserstoffanwendungen;0
13217;cmc Instruments GmbH;cmc Instruments GmbH;D;Deutschland;52 Wasserstoffanwendungen;0
13218;Mahler AGS GmbH;Mahler AGS GmbH;D;Deutschland;52 Wasserstoffanwendungen;0
13219;BeBa Energie GmbH & Co. KG;BeBa Energie;D;Deutschland;52 Wasserstoffanwendungen;0
13220;HYCON GmbH;HYCON GmbH;D;Deutschland;52 Wasserstoffanwendungen;0
13221;MicrobEnergy GmbH;MicrobEnergy GmbH;D;Deutschland;52 Wasserstoffanwendungen;0
13222;WEH GmbH Gas Technology;WEH GmbH Gas Technology;D;Deutschland;52 Wasserstoffanwendungen;0
13223;Obor GmbH;obor gmbh;D;Deutschland;30 Händler;0
13224;Elektro Zimmermann GmbH;elektro zimmermann;D;Deutschland;32 Ersatzteilhändler Industrie;0
13225;fpe Hydraulik GmbH;fpe;D;Deutschland;10 Hydraulik;0
13226;Electro-Mation GmbH;electro-mation hamburg;D;Deutschland;30 Händler;0
13227;Maschinenbau Kolk GmbH;kolk;D;Deutschland;25 Allgemeiner Anlagenbau;0
13228;ZENITH Maschinenfabrik GmbH;zenith;D;Deutschland;25 Allgemeiner Anlagenbau;0
13229;MBE COAL & MINERALS TECHNOLOGY GM;mbe;D;Deutschland;10 Hydraulik;0
13231;Torque and More GmbH;TAM;D;Deutschland;44 Embedded Magnetics;0
13232;A. Gebert Maschinenservice GmbH;gebert maschinenservice;D;Deutschland;35 Instandhaltung/Wartung;0
13233;sera GmbH;sera web immenhausen;D;Deutschland;52 Wasserstoffanwendungen;0
13234;Niles Werkzeugmaschinen GmbH;kapp niles berlin;D;Deutschland;25 Allgemeiner Anlagenbau;0
13235;Ferring GmbH;ferring kiel;D;Deutschland;19 Medizintechnik;0
13236;ASK Kloska GmbH;aks kloska leer;D;Deutschland;33 Ersatzteilhändler S/I;0
13237;Renner GmbH Kompressoren;Renner Güglingen;D;Deutschland;08 Kompressoren;0
13238;Woll Maschinenbau GmbH;woll saarbrücken;D;Deutschland;25 Allgemeiner Anlagenbau;0
13239;safetec Brandes und Niehoff GmbH;safetec lüneburg;D;Deutschland;23 Brandschutz;0
13240;DUNGS Combustion Solutions GmbH;dungs albershausen;D;Deutschland;06 Klimatechnik;0
13241;Conti Temic microelectronic GmbH Division Powertrain;Continental Nürnberg;D;Deutschland;29 Drehmomentanwendungen;0
13242;Stadt Kitzingen Klärwerk;klärwerk kitzingen;D;Deutschland;35 Instandhaltung/Wartung;0
13243;P.C.S. Pollution Control Service GmbH;pcs hamburg;D;Deutschland;33 Ersatzteilhändler S/I;0
13244;Küsters Textile GmbH Member of the Benninger Group;küsters textile gmbh;D;Deutschland;16 Wasseranwendungen;0
13245;IZOBLOK GmbH;izoblok;D;Deutschland;35 Instandhaltung/Wartung;0
13246;FK Fürther Kartonagen GmbH & Co. KG;fk fürther kartonagen mayen;D;Deutschland;25 Allgemeiner Anlagenbau;0
13247;Uponor GmbH;uponor zella;D;Deutschland;20 Energietechnik;0
13248;Hoppe Marine GmbH;hoppe marine;D;Deutschland;03 Schiffbau (Systeme);0
13249;ATK und MOTI GmbH;atk und moti GmbH;D;Deutschland;06 Klimatechnik;0
13250;Albert Sunkimat GmbH & Co. KG;sunkimat bremerhaven;D;Deutschland;31 Ersatzteilhändler Schiffbau;0
13251;FLENDER GmbH;flender bocholt;D;Deutschland;11 Getriebe;0
13252;HERMESS Group GmbH Hermess Hausveraltung Düsseldorf;hermess group;D;Deutschland;40 Kleinbetriebe;0
13253;Biolac-MTS GmbH;biolac gmbh;D;Deutschland;21 Lebensmittelindustrie;0
13254;IMH - Indutec Metall GmbH;imh hamburg;D;Deutschland;33 Ersatzteilhändler S/I;0
13255;MRC Tech GmbH;mrc tech köln;D;Deutschland;30 Händler;0
13256;adelco advanced electrical controls;adelco;D;Deutschland;33 Ersatzteilhändler S/I;0
13257;J.M. Voith SE & Co. KG | VTA;voith kiel;D;Deutschland;00 Bahn;1
13258;Weihe GmbH;weihe gmbh altenholz;D;Deutschland;32 Ersatzteilhändler Industrie;0
13259;Hörbiger Service GmbH;hoerbiger maxdorf;D;Deutschland;33 Ersatzteilhändler S/I;0
13260;TRSystems GmbH;TRSystems;D;Deutschland;51 Kraftsensoren;0
13261;Adams Germany GmbH;adams germany friedrichshafen;D;Deutschland;30 Händler;0
13262;RTG-Regelungstechnik GmbH;rtg regelungstechnik gmbh;D;Deutschland;33 Ersatzteilhändler S/I;0
13263;Kloska Technical Marine Sales GmbH;kloska bremerhaven;D;Deutschland;10 Hydraulik;0
13264;VACUCAST Feinguss GmbH & Co. Metall KG;vacucast berlin;D;Deutschland;05 Prüfstände;0
13265;Gridinspect GmbH;Gripinspect GmbH;D;Deutschland;04 Gasdichte (SF6);0
13266;Hellmut Springer GmbH & Co.KG;springer stuhr;D;Deutschland;32 Ersatzteilhändler Industrie;0
13267;Stühff GmbH;stühff geesthacht;D;Deutschland;25 Allgemeiner Anlagenbau;0
13268;Thyrolf & Uhle Stahl- und Komponentenbau GmbH;Thyrolf;D;Deutschland;22 Filtertechnik;0
13269;Schwing Hydraulik Elektronik GmbH;schwing herne;D;Deutschland;09 Mobilhydraulik;0
13270;Lahntechnik GmbH;lahntechnik nassau;D;Deutschland;06 Klimatechnik;0
13271;Sanitär Schrod GmbH;schrod rödermark;D;Deutschland;40 Kleinbetriebe;0
13272;URALAN GmbH & Co. Kunststoffverarbeitung KG;uralan münsingen;D;Deutschland;12 Automatisierungstechnik;0
13273;H. & M. Badawi Engineering Office GmbH;h & M  Karlsruhe;D;Deutschland;30 Händler;0
13274;Minette Textilreinigung GmbH;minette visselhövede;D;Deutschland;35 Instandhaltung/Wartung;0
13275;HONSEL Distribution GmbH & Co.;honsel Distribution neumüns;D;Deutschland;10 Hydraulik;0
13276;Bruhn Spedition GmbH;bruhn spedition;D;Deutschland;35 Instandhaltung/Wartung;0
13277;B+S Engineering GmbH;b+s engineering;D;Deutschland;25 Allgemeiner Anlagenbau;0
13278;Amprio GmbH;Amprio;D;Deutschland;29 Drehmomentanwendungen;0
13279;Zdoniak Elektrotechnik;zdoniak elektrotechnik;D;Deutschland;30 Händler;0
13280;S.Wollner Heizungs- und Sanitärse;wollner;D;Deutschland;32 Ersatzteilhändler Industrie;0
13281;Atlas Search Group (ASG);atlas search group frankfurt;D;Deutschland;30 Händler;0
13282;altek GmbH;altek rottenburg;D;Deutschland;10 Hydraulik;0
13283;Howden Turbo GmbH HTO DE AM OPS;howden frankenthal;D;Deutschland;11 Getriebe;0
13284;SAAR - Group Taranto&Steinborn GbR;saar freising;D;Deutschland;30 Händler;0
13285;Muschert + Gierse Galvanik GmbH;muschert + gierse;D;Deutschland;32 Ersatzteilhändler Industrie;0
13286;Blumenbecker Automatisierungstechnik GmbH;blumenbecker beckum;D;Deutschland;32 Ersatzteilhändler Industrie;0
13287;Colak GmbH;colak gmbh;D;Deutschland;32 Ersatzteilhändler Industrie;0
13288;ZAFA Wärmetechnische Apparatebau GmbH;zafa au am rhein;D;Deutschland;25 Allgemeiner Anlagenbau;0
13289;ATESTEO GmbH;atesteo alsdorf;D;Deutschland;05 Prüfstände;0
13290;HORIBA Europe GmbH - NL Darmstadt -;horiba darmstadt;D;Deutschland;05 Prüfstände;0
13291;Claas Saulgau GmbH;Claas Saulgau;D;Deutschland;29 Drehmomentanwendungen;0
13292;BROSA AG;BROSA AG;D;Deutschland;28 Wiegesysteme;0
13293;F. L. Juchem & Söhne GmbH & Co. KG;f. l. juchem;D;Deutschland;32 Ersatzteilhändler Industrie;0
13294;TAM-Tools GmbH;tam würselen;D;Deutschland;30 Händler;0
13295;KST Kraftwerks- und Spezialteile GmbH;kst berlin;D;Deutschland;30 Händler;0
13296;atg Luther & Maelzer GmbH;ATG Wertheim;D;Deutschland;44 Embedded Magnetics;0
13297;Horst Bartelt Kühlanlagen GmbH;bartelt wandlitz;D;Deutschland;06 Klimatechnik;0
13298;Hydro Funk GmbH;hydro funk schwalbach;D;Deutschland;30 Händler;0
13299;eg-consult;eg-consult schlesen;D;Deutschland;33 Ersatzteilhändler S/I;0
13300;EIK Automation Services GmbH;eik weil;D;Deutschland;12 Automatisierungstechnik;0
13301;Montanhydraulik GmbH;montanhydraulik holzwickede;D;Deutschland;09 Mobilhydraulik;0
13302;KM Handelsgesellschaft mbH;km handelsgesellschaft;D;Deutschland;33 Ersatzteilhändler S/I;0
13303;Sonepar Deutschland Region West GmbH;sonepar holzwickede;;;30 Händler;0
13304;G. Elsinghorst Stahl und Technik GmbH;elsinghorst bocholt;D;Deutschland;30 Händler;0
13305;Stürzel GmbH;stürzel kempten;D;Deutschland;10 Hydraulik;0
13306;Teno GmbH;teno gmbh;D;Deutschland;32 Ersatzteilhändler Industrie;0
13307;DLEF Deutschland GmbH;dlef hamburg;D;Deutschland;33 Ersatzteilhändler S/I;0
13308;GALAXY Marine Service Center GmbH;galaxy hamburg;D;Deutschland;31 Ersatzteilhändler Schiffbau;0
13309;Elektrotechnik Jantzen GmbH;jantzen bremerhaven;D;Deutschland;33 Ersatzteilhändler S/I;0
13310;PTS Prüftechnik GmbH;pts waldstetten;D;Deutschland;05 Prüfstände;0
13311;WEGC International Trade GmbH;wegc international trade;D;Deutschland;30 Händler;0
13312;ENTRAK GmbH;entrak gmbh;D;Deutschland;33 Ersatzteilhändler S/I;0
13313;Beck Messtechnik;beck flein;D;Deutschland;05 Prüfstände;0
13314;Linhorn Industrietechnik GmbH;linhorn industrietechnik;D;Deutschland;32 Ersatzteilhändler Industrie;0
13315;Dropsa Schmiertechnik GmbH;dropsa düsseldorf;D;Deutschland;24 Zentralschmieranlagen;0
13316;GSR German Ship Repair GmbH;gsr german ship repair gmbh;D;Deutschland;31 Ersatzteilhändler Schiffbau;0
13317;Pro Therm Gesellschaft für Begleitheizungen, Steuerungsbau,;pro therm waltrop;D;Deutschland;06 Klimatechnik;0
13318;Friedrich Streb Franz Bruder GmbH;streb offenburg;D;Deutschland;30 Händler;0
13319;Biogas Münsterdorf;biogas münsterdorf;D;Deutschland;20 Energietechnik;0
13320;FEV GmbH;fev alsdorf;D;Deutschland;05 Prüfstände;0
13321;ABB Automation GmbH Unternehmensbereich Robotics;abb friedberg;D;Deutschland;12 Automatisierungstechnik;0
13322;Technische Universität München Lehrstühl u. Prüfamt für;technische uni münchen;D;Deutschland;35 Instandhaltung/Wartung;0
13323;Andreas Hofer Hochdrucktechnik GmbH;hofer hochdrucktechnik mühlheim;D;Deutschland;08 Kompressoren;0
13324;SCHWING GmbH;schwing gmbh herne;D;Deutschland;10 Hydraulik;0
13325;KISELGOF PARTS;kiselgof parts;D;Deutschland;33 Ersatzteilhändler S/I;0
13326;EP Ehrler Prüftechnik Engineering GmbH;ep ehrler prüftechnik;D;Deutschland;05 Prüfstände;0
13327;EP Ehrler Prüftechnik Engineering GmbH;ep ehrler niederstetten;D;Deutschland;05 Prüfstände;0
13328;VERBUND Innkraftwerke GmbH;verbund innkraftwerke neuötting;D;Deutschland;07 Pumpen;0
13329;Hafner Lüftungs- und Klimatechnik GmbH;hafner apfeltrach;D;Deutschland;06 Klimatechnik;0
13330;Nold Hydraulik + Pneumatik GmbH;nold hydraulik bad waldsee;D;Deutschland;10 Hydraulik;0
13331;Johannes Schäfer GmbH;schäfer haiger;D;Deutschland;05 Prüfstände;0
13332;Kotte Landtechnik GmbH & Co. KG;kotte landtechnik;D;Deutschland;09 Mobilhydraulik;0
13333;Transorga GmbH;transorga düsseldorf;D;Deutschland;33 Ersatzteilhändler S/I;0
13334;aquaRömer GmbH & Co. KG;aqua römer mainhardt;D;Deutschland;35 Instandhaltung/Wartung;0
13335;North Frisian Offshore GmbH;north frisian husum;D;Deutschland;26 Erneuerbare Energien;0
13336;Verbandsgemeinde Schweich Abteilung Erlebnisbad Schweich;verbundgemeinde schweich;D;Deutschland;35 Instandhaltung/Wartung;0
13338;Frauenhofer Institut;frauenhofer dresden;D;Deutschland;05 Prüfstände;0
13339;STW Engineering GmbH;stw schenefeld;D;Deutschland;33 Ersatzteilhändler S/I;0
13340;Ritter Maschinen GmbH;ritter maschinen;D;Deutschland;09 Mobilhydraulik;0
13341;DESIOS GmbH;desios hamburg;D;Deutschland;10 Hydraulik;0
13342;SMS mevac düsseldorf SMS Mevac GmbH;sms essen;D;Deutschland;30 Händler;0
13343;Hofmann TeSys Prüftechnik;hofmann elze;D;Deutschland;05 Prüfstände;0
13344;FAZUA GmbH;FAZUA;D;Deutschland;29 Drehmomentanwendungen;0
13345;Bosch Rexroth AG;bosch rexroth Chemnitz;D;Deutschland;10 Hydraulik;0
13346;strescon GmbH;strescon esslingen;D;Deutschland;04 Gasdichte (SF6);0
13347;KSA Kubben + Steinemer GmbH & Co. KG;ksa aachen;D;Deutschland;33 Ersatzteilhändler S/I;0
13348;Alcomtex Technology & Innovation e.K.;alcomtex hamburg;D;Deutschland;30 Händler;0
13349;Monette Kabel- und Elektrowerk GmbH;monette marburg;D;Deutschland;32 Ersatzteilhändler Industrie;0
13350;BüMi Präzisionszerspanung GmbH & Co. KG;bümi gevelsberg;D;Deutschland;35 Instandhaltung/Wartung;0
13351;Willibald GmbH;willibald;D;Deutschland;09 Mobilhydraulik;0
13352;Bonner Eisenwaren Großhandel Wilhelm Nonnen GmbH & Co. KG;bonner  bonn;D;Deutschland;30 Händler;0
13353;CP Kelco Germany GmbH;cp kelco;D;Deutschland;21 Lebensmittelindustrie;0
13354;ASK Hydraulik GmbH;ask hydraulik;D;Deutschland;10 Hydraulik;0
13355;Hilden HKW GmbH;hilden hkw;D;Deutschland;20 Energietechnik;0
13356;TÜV NORD EnSys GmbH & Co. KG Dr. Martin Garbrecht;tüv nord;D;Deutschland;35 Instandhaltung/Wartung;0
13357;CARGO GREEN GmbH;cargo green;D;Deutschland;33 Ersatzteilhändler S/I;0
13358;GÜNTER TILL GMBH & CO. KG Präzisionsmechanik;till hydraulik helmstedt;D;Deutschland;09 Mobilhydraulik;0
13359;PI miCos GmbH;pi micos eschbach;D;Deutschland;10 Hydraulik;0
13360;Fa. Alexander Bechtold;bechtold halberstadt;D;Deutschland;32 Ersatzteilhändler Industrie;0
13361;Bondian GmbH;bondian kleve;D;Deutschland;33 Ersatzteilhändler S/I;0
13362;K. Ochs GmbH;ochs wabern;D;Deutschland;32 Ersatzteilhändler Industrie;0
13363;HS Umformtechnik GmbH;hs grünsfeld-paimar;D;Deutschland;25 Allgemeiner Anlagenbau;0
13364;KLEO Automation GmbH;kleo automation gmbh;D;Deutschland;33 Ersatzteilhändler S/I;0
13365;Carl Zeiss Microscopy GmbH ZEISS GROUP;Carl Oberkochen;D;Deutschland;44 Embedded Magnetics;0
13366;ADAPT Elektronik GmbH;ADAPT Großheubach;D;Deutschland;44 Embedded Magnetics;0
13367;DB Regio AG;db frankfurt;D;Deutschland;00 Bahn;1
13369;Ludwig Bergmann GmbH Maschienfabrik;bergmann goldenstedt;D;Deutschland;10 Hydraulik;0
13370;RSP GmbH & Co. KG;rsp;D;Deutschland;09 Mobilhydraulik;0
13371;Schiffahrt der Inselgemeinde Langeoog;schiffahrt langeoog;D;Deutschland;35 Instandhaltung/Wartung;0
13372;Deutsches Zentrum für Luft- und Raumfahrt e.V;dlr bremen;D;Deutschland;40 Kleinbetriebe;0
13373;IfG Ingenieurbüro für Glastechnik GmbH;ifg waiblingen;D;Deutschland;30 Händler;0
13374;Schleifstein Maschientechnik GmbH;smt siegen;D;Deutschland;25 Allgemeiner Anlagenbau;0
13375;BUCK-Chemie GmbH;buck herrenberg;D;Deutschland;25 Allgemeiner Anlagenbau;0
13376;Stabilus GmbH;stabilus koblenz;D;Deutschland;30 Händler;0
13377;Bundesamt für Seeschifffahrt und Hydrographie (BSH) Technik und;bundesamt für seeschifffahrt hh;D;Deutschland;34 Reederei;0
13378;HEMATEC Arbeitsbühnen GmbH;hematec dresden;D;Deutschland;10 Hydraulik;0
13379;BUCHNER Zentralschmiertechnik;buchner freising;D;Deutschland;30 Händler;0
13380;Witt Elektronik GmbH;witt hamburg;D;Deutschland;30 Händler;0
13381;Conrad Electronic SE;conrad wernberg-köblitz;D;Deutschland;30 Händler;0
13382;MAGNA;magna untergruppenbach;D;Deutschland;05 Prüfstände;0
13383;Lauer Industrieservice GmbH Regelungstechnik;lauer frankfurt am main;D;Deutschland;30 Händler;0
13384;apromace data systems GmbH;apromace freiberg;D;Deutschland;30 Händler;0
13385;STS Scheltzke GmbH & Co. KG Spezialtiefbau Maschinen;scheltzke;D;Deutschland;07 Pumpen;0
13386;beckers bester GmbH;beckers bester nörten-hardenberg;D;Deutschland;35 Instandhaltung/Wartung;0
13387;ACPS Automotive GmbH;ACPS;D;Deutschland;29 Drehmomentanwendungen;0
13388;JEBSEN Shipping P. Management GmbH & Co.;jebsen jork;D;Deutschland;33 Ersatzteilhändler S/I;0
13389;Werner Bayer GmbH;bayer esslingen;D;Deutschland;25 Allgemeiner Anlagenbau;0
13390;Sicon GmbH & Co. KG;sicon kerpen;D;Deutschland;25 Allgemeiner Anlagenbau;0
13391;Hans-Dieter Ploog GmbH;ploog Rendsburg;D;Deutschland;31 Ersatzteilhändler Schiffbau;0
13392;NextPharma Logictics GmbH;nextpharma bielefeld;D;Deutschland;19 Medizintechnik;0
13393;SL TecH2 GmbH;SLTech2;D;Deutschland;05 Prüfstände;0
13394;P.R. Parts And Components GmbH;pr parts borken;D;Deutschland;33 Ersatzteilhändler S/I;0
13395;INBUREX Consulting Gesellschaft für Explosionsschutz;inburex hamm;D;Deutschland;25 Allgemeiner Anlagenbau;0
13396;Siemens AG A&D LD RW4;siemens;D;Deutschland;11 Getriebe;0
13397;Vattenfall Europe Windkraft GmbH;vattenfall hamburg;D;Deutschland;35 Instandhaltung/Wartung;0
13398;Weber Hydraulik GmbH;Weber Hydraulik;D;Deutschland;10 Hydraulik;0
13399;Wittenstein SE;Wittenstein SE;D;Deutschland;29 Drehmomentanwendungen;0
13400;ACPS Automotive GmbH;ACPS Automotive;D;Deutschland;51 Kraftsensoren;0
13401;DECI GmbH & Co. KG;deci quickborn;D;Deutschland;33 Ersatzteilhändler S/I;0
13402;Ryno Industrial & Marine GmbH;ryno mannheim;D;Deutschland;33 Ersatzteilhändler S/I;0
13403;VBN Vertrieb GmbH;vbn offenburg;D;Deutschland;30 Händler;0
13404;IHI Charging Systems International;ihi ichtershausen;D;Deutschland;30 Händler;0
13405;Monolith Fleisch- und Teigwarenfabrik GmbH;monilith fleisch und teigwarenfab;D;Deutschland;21 Lebensmittelindustrie;0
13406;OertliInduflame GmbH;oertli sachsenheim;D;Deutschland;30 Händler;0
13407;DIS-Dynamic Industrial Solutions GmbH;dis darmstadt;D;Deutschland;16 Wasseranwendungen;0
13408;M+F Technologies GmbH;m+f technologies hamburg;D;Deutschland;15 EX-Anwendungen;0
13409;HERGENHAN GmbH Technical Trading;hergenhan markt schwaben;D;Deutschland;32 Ersatzteilhändler Industrie;0
13410;Döhler Eisleben GmbH;döhler eisleben;D;Deutschland;21 Lebensmittelindustrie;0
13411;Helmholtz-Zentrum Dresden- Rossendorf e. V.;hzdr dresden;D;Deutschland;06 Klimatechnik;0
13412;Medason GmbH;medason gmbh;D;Deutschland;30 Händler;0
13413;Heck Kältetechnik GmbH;heck steinhagen;D;Deutschland;06 Klimatechnik;0
13414;Rud. Otto Meyer Technik Ltd.Co.KG;meyer technik ettlingen;D;Deutschland;32 Ersatzteilhändler Industrie;0
13415;S.K. Marine Supplies GmbH;s.k marine hamburg;D;Deutschland;31 Ersatzteilhändler Schiffbau;0
13416;Frauenhofer-Institut für Keramische Technologien und;fraunhofer dresden;D;Deutschland;15 EX-Anwendungen;0
13417;Energienetze Mittelrhein GmbH & Co. KG;energienetze koblenz;D;Deutschland;26 Erneuerbare Energien;0
13418;AKW A+V Protec Rail GmbH;akw hirschau;D;Deutschland;00 Bahn;1
13419;Windtek GmbH;windtek blomberg;D;Deutschland;26 Erneuerbare Energien;0
13420;Turner ECS GmbH;turner langen;D;Deutschland;25 Allgemeiner Anlagenbau;0
13421;Konditoreierzeugnisse Franz Frohn;konditoreierzeugnisse frohn niede;D;Deutschland;35 Instandhaltung/Wartung;0
13422;KaSe GmbH;kase frankfurt;D;Deutschland;33 Ersatzteilhändler S/I;0
13423;HELBING Installateur & Heizungsbaumeister;helbing passau;D;Deutschland;30 Händler;0
13424;Wallburg Kältetechnik;wallburg pforzheim;D;Deutschland;06 Klimatechnik;0
13425;MS2 Engineering und Anlagenbau GmbH;ms2 kirchheim;D;Deutschland;05 Prüfstände;0
13426;R-Tec GmbH;r-tec gmbh remscheid;D;Deutschland;30 Händler;0
13427;GEIGER Auotomative GmbH;geiger tambach-dietharz;D;Deutschland;35 Instandhaltung/Wartung;0
13428;ZNS GmbH;zns frankfurt;D;Deutschland;30 Händler;0
13429;MAIN Parts UG;main parts ug;D;Deutschland;33 Ersatzteilhändler S/I;0
13430;Bornemann und Peters GmbH;bornemann und peters hamburg;D;Deutschland;32 Ersatzteilhändler Industrie;0
13431;Weiss Umwelttechnik GmbH;weiss hamburg;D;Deutschland;05 Prüfstände;0
13433;Hodeko Im-Export Handels GmbH;hodeko kelsterbach;D;Deutschland;30 Händler;0
13434;Robert Bosch Manufacturing Solutions GmbH;bosch manufacturing stuttgart;D;Deutschland;10 Hydraulik;0
13435;Fraunhofer-Institut f. Keramische Technologien und Systeme IKTS;fraunhofer institut hermsdorf;D;Deutschland;52 Wasserstoffanwendungen;0
13436;HAGEDORN Products & Systems GmbH;hagedorn drochtersen;D;Deutschland;33 Ersatzteilhändler S/I;0
13437;HMB LINTEC marine GmbH;hmb lintec marine;D;Deutschland;31 Ersatzteilhändler Schiffbau;0
13438;ZF Getriebe Brandenburg GmbH;zf brandenburg;D;Deutschland;05 Prüfstände;0
13439;Enapter;enapter berlin;D;Deutschland;52 Wasserstoffanwendungen;0
13440;D-Sensors GmbH;d-sensors stahnsdorf;D;Deutschland;30 Händler;0
13441;SHIPPARTS Agency Germany Technical Division;shipparts kirchseeon;D;Deutschland;31 Ersatzteilhändler Schiffbau;0
13442;Alfing GmbH Planung Installationen;alfing ibbenbüren;D;Deutschland;35 Instandhaltung/Wartung;0
13443;LACON Electronik GmbH;lacon karlsfeld;D;Deutschland;00 Bahn;1
13444;Laguna Freizeitanlagen- und Stadthallenbetriebsgesellschaft;laguna freizeitanlage- lörrach;D;Deutschland;35 Instandhaltung/Wartung;0
13445;FEV Europe GmbH;fev aachen;D;Deutschland;05 Prüfstände;0
13446;MÜTRON Müller GmbH & Co.KG;mütron achim;D;Deutschland;00 Bahn;1
13447;THORWESTEN VENT GmbH;thorwesten beckum;D;Deutschland;25 Allgemeiner Anlagenbau;0
13448;H. Heinz Meßwiderstände GmbH;heinz;D;Deutschland;01 Motoren;0
13449;Ballhorn Industrietechnik;ballhorn münchen;D;Deutschland;25 Allgemeiner Anlagenbau;0
13450;Kottmann GmbH;kottmann salzkotten;D;Deutschland;10 Hydraulik;0
13451;Herco Wassertechnik GmbH;herco wassertechnik;D;Deutschland;19 Medizintechnik;0
13452;ETS Elektro-Technik-Service und Maschinen Industrie GmbH&Co.KG.;ets elektro technik aue;D;Deutschland;32 Ersatzteilhändler Industrie;0
13453;WALDRICH COBURG GmbH;waldrich coburg;D;Deutschland;25 Allgemeiner Anlagenbau;0
13454;MSM GmbH;msm kenzingen;D;Deutschland;25 Allgemeiner Anlagenbau;0
13455;con4 test solutions GmbH & Co. KG;con4test Braak;D;Deutschland;05 Prüfstände;0
13456;ETB Electronic Team Beratungs- und Vertriebs GmbH;etb am mellensee;D;Deutschland;00 Bahn;1
13457;Reinz-Dichtungs-GmbH;dana power neu ulm;D;Deutschland;32 Ersatzteilhändler Industrie;0
13458;IPB Consulting GmbH;ipb regenstauf;D;Deutschland;32 Ersatzteilhändler Industrie;0
13459;SAPRA Consulting & Trading GmbH;sapra münster;D;Deutschland;30 Händler;0
13460;Alplicht GmbH;alplicht hannover;D;Deutschland;30 Händler;0
13461;BIN Boysen Innovationszentrum Nagold GmbH & Co. KG;bin boysen nagold;D;Deutschland;52 Allgemeiner Anlagenbau;0
13462;ZWOD Vertriebs und Logistik GmbH;zwod berlin;D;Deutschland;30 Händler;0
13463;Elektro Kaiser GmbH;kaiser töging;D;Deutschland;32 Ersatzteilhändler Industrie;0
13464;ERDMANN CNC-Technik;erdmann weingarten;D;Deutschland;35 Instandhaltung/Wartung;0
13465;LT Ultra-Precision Technology GmbH;lt ultra herdwangen-schönach;D;Deutschland;25 Allgemeiner Anlagenbau;0
13466;CPK Automotive GmbH & Co. KG;cpk autotmotive münster;D;Deutschland;09 Mobilhydraulik;0
13467;Klinikum Südbayern AG Klinikum Traunstein;klinikum traunstein;D;Deutschland;35 Instandhaltung/Wartung;0
13468;Siehe KD. Nr.: 40136 (GmbH & Co.);rump hh;D;Deutschland;31 Ersatzteilhändler Schiffbau;0
13469;KA-RaceIng e.V. Karlsruhe Institute of Technology;ka-raceing karlsruhe;D;Deutschland;01 Motoren;0
13470;Traydon GmbH;traydon;D;Deutschland;27 Baumaschinen;0
13471;Kadach & Rick GmbH;kadach & rick sankt augistin;D;Deutschland;30 Händler;0
13472;UZS Dekanter Service GmbH;uzs oelde;D;Deutschland;33 Ersatzteilhändler S/I;0
13473;Porsch Wasser- und Umwelttechnik GmbH;Porsch Uelzen;D;Deutschland;16 Wasseranwendungen;0
13474;bwe Energiesysteme GmbH & Co. KG;bwe Friesoythe;D;Deutschland;20 Energietechnik;0
13475;KTC Systemtechnik GmbH;ktc Hamburg;D;Deutschland;12 Automatisierungstechnik;0
13476;ViscoTec Pumpen + Dosiertechnik G;viscotec;D;Deutschland;07 Pumpen;0
13477;P2 Kältetechnik GmbH;P2 goslar;D;Deutschland;06 Klimatechnik;0
13478;Vega Grieshaber KG;vega;D;Deutschland;30 Händler;0
13479;Steenbrgen Recycling GmbH;steenbergen recycling hünxe;D;Deutschland;25 Allgemeiner Anlagenbau;0
13480;Technische Universität Kaiserslautern;uni kaiserslautern;D;Deutschland;25 Allgemeiner Anlagenbau;0
13481;ZF Friedrichshafen AG;ZF Lemförde;D;Deutschland;29 Drehmomentanwendungen;0
13482;Dürr Somac GmbH;dürr stollberg;D;Deutschland;25 Allgemeiner Anlagenbau;0
13483;FM CNC-Technik;fm cnc-technik otterbach;D;Deutschland;32 Ersatzteilhändler Industrie;0
13484;EFP Export Industrie Service GmbH;efp hamburg;D;Deutschland;33 Ersatzteilhändler S/I;0
13485;MONTAPlast GmbH;montaplast morsbach;D;Deutschland;35 Instandhaltung/Wartung;0
13486;Maschinenfabrik Meyer-Lohne GmbH;meyer lohne;D;Deutschland;09 Mobilhydraulik;0
13487;Imbiss mit Biss;imbiss mit biss lürschau;D;Deutschland;40 Kleinbetriebe;0
13488;Mäder HLS-Technik GmbH;mäder bad Salzungen;D;Deutschland;32 Ersatzteilhändler Industrie;0
13489;Windeln Drucklufttechnik Ralph Keller GmbH;keller mönchengladbach;D;Deutschland;25 Allgemeiner Anlagenbau;0
13490;GÄFGEN Elektrogroßhandel GmbH;gaefgen unnau;D;Deutschland;32 Ersatzteilhändler Industrie;0
13491;Andreas Lupold Hydrotechnik GmbH;lupold vöhringen;D;Deutschland;09 Mobilhydraulik;0
13492;SCHWÄMMLE GmbH & Co. KG;schwämmle;D;Deutschland;25 Allgemeiner Anlagenbau;0
13493;KES Keschwari Electronic Systems GmbH;kes barsinghausen;D;Deutschland;00 Bahn;1
13494;POG Präzisionsoptik Gera GmbH;pog löbichau;D;Deutschland;35 Instandhaltung/Wartung;0
13495;ARLANXEO Deutschland GmbH TSR-GMFG-M-E;arlanxeao dormagen;D;Deutschland;25 Allgemeiner Anlagenbau;0
13496;Stockmeier Elektrotechnik;stockmeier höslwang;D;Deutschland;30 Händler;0
13497;Max Planck Institute for Chmical Energy / Molecular Catalysis;max planck mühlheim an der ruhr;D;Deutschland;52 Wasserstoffanwendungen;0
13498;C&S GmbH;C&S GmbH;D;Deutschland;29 Drehmomentanwendungen;0
13499;Vectociel GmbH;vectociel gmbh;D;Deutschland;05 Prüfstände;0
13500;Porcelaingres GmbH;porcelaingres vetschau;D;Deutschland;33 Ersatzteilhändler S/I;0
13501;OLM-MSR Dienstleitungs GmbH;olm-msr berlin;D;Deutschland;30 Händler;0
13502;Günter Steffan Werkzeug- und Industrievertretung;steffan harsewinkel;D;Deutschland;32 Ersatzteilhändler Industrie;0
13503;Kraeft GmbH Systemtechnik;kraeft bremerhaven;D;Deutschland;03 Schiffbau (Systeme);0
13504;Geomaris;geomaris gerolzhofen;D;Deutschland;32 Ersatzteilhändler Industrie;0
13505;GOLDBECK Bauelemente Treuen GmbH Betriebselektronik;goldbeck treuen;D;Deutschland;32 Ersatzteilhändler Industrie;0
13506;Herding GmbH;herding;D;Deutschland;07 Pumpen;0
13507;MHI Naturstein GmbH Bereichsleitung Elektronik Ost;mhi hanau;D;Deutschland;40 Kleinbetriebe;0
13508;Delta Elektromarkt Deutsche Niederlassung;delta elektromarkt;D;Deutschland;30 Händler;0
13509;Jaeger Engineering GmbH;jaeger engieneering wuppertal;D;Deutschland;30 Händler;0
13510;H.N. SERVICE;hn service grünheide;D;Deutschland;33 Ersatzteilhändler S/I;0
13511;Linde Gas Produktionsgesellschaft & Co. KG;linde gas leuna;D;Deutschland;15 EX-Anwendungen;0
13512;LAWECO Maschinen- und Apperatebau GmbH;laweco espelkamp;D;Deutschland;10 Hydraulik;0
13513;H A R T M A N N   Arbeitsschutz Schweiß- & Umwelttechnik GmbH;hartmann berlin;D;Deutschland;25 Allgemeiner Anlagenbau;0
13514;Klaus Börder e.K.;börder nürnberg;D;Deutschland;20 Energietechnik;0
13515;Daimler AG;mercedes böblingen;D;Deutschland;30 Händler;0
13516;REBS Zentralschmiertechnik GmbH;rebs;D;Deutschland;00 Bahn;1
13517;Fraunhofer-Institut für Betriebsfestigkeit und Systemzuve;fraunhofer darmstadt;D;Deutschland;25 Allgemeiner Anlagenbau;0
13518;Flender GmbH;flender voerde;D;Deutschland;11 Getriebe;0
13519;KKN Kälte-Klima-Netzwerk GmbH;kkn feldengel;D;Deutschland;06 Klimatechnik;0
13520;AVL Zöllner GmbH;avl zöllner bensheim;D;Deutschland;05 Prüfstände;0
13521;Vitesco Technologies GmbH;cpt group gmbh;D;Deutschland;35 Instandhaltung/Wartung;0
13522;Dietsche Heizungsbau GmbH Heinzung-Bad-Solar;dietsche zell i. W.;D;Deutschland;35 Instandhaltung/Wartung;0
13523;GET Anlagentechnik;get anlagentechnik haan;D;Deutschland;25 Allgemeiner Anlagenbau;0
13524;Rexxon GmbH;rexxon flensburg;D;Deutschland;00 Bahn;1
13525;Meri environmental Solutions GmbH;meri;D;Deutschland;Füllstand;0
13526;GST GmbH;sweeptec;D;Deutschland;09 Mobilhydraulik;0
13527;INEOS Olefines und Polymers Europe;ineos köln;D;Deutschland;15 EX-Anwendungen;0
13528;J.A. Becker & Söhne GmbH & Co. KG;becker&söhne erlenbach;D;Deutschland;08 Kompressoren;0
13529;Paul Rüster & Co. GmbH;rüster berlin;D;Deutschland;30 Händler;0
13530;AHS Wildau GmbH;AHS Wildau;D;Deutschland;05 Prüfstände;0
13531;Interbridge Marine SWSR Marine Service GmbH;interbridge marine hamburg;D;Deutschland;31 Ersatzteilhändler Schiffbau;0
13532;Thinkfon Tech GmbH;thinkfon tech gmbh;D;Deutschland;30 Händler;0
13533;Bröhl Offshore- und Marinetechnik GmbH;bröhl;D;Deutschland;03 Schiffbau (Systeme);0
13534;AVL Deutschland GmbH;avl deutschland;D;Deutschland;05 Prüfstände;0
13535;SINGLE Temperiertechnik GmbH;single temperiertechnik;D;Deutschland;06 Klimatechnik;0
13536;Tomorrow´s Motion GmbH;tomorrw´s starnberg;D;Deutschland;29 Drehmomentanwendungen;0
13537;OMD Martens MD (Sales-Agency);omd garching;D;Deutschland;30 Händler;0
13538;Prema-Service GmbH;prema-service bad homburg;D;Deutschland;30 Händler;0
13539;Schenkoo GmbH;schenkoo hammersbach;D;Deutschland;30 Händler;0
13540;Würth Elektrogroßhandel GmbH & Co.KG;würthansbach;D;Deutschland;30 Händler;0
13541;JUMO GmbH & Co. KG;jumo fulda;D;Deutschland;;0
13542;Siemens AG Corporate Technology CT Projects;siemens taufkirchen;D;Deutschland;11 Getriebe;0
13543;Jungheinrich AG Advanced Technologies TD-AT1;jungheinrich;D;Deutschland;44 Embedded Magnetics;0
13544;LPW Reinigungssysteme GmbH;LPW;D;Deutschland;25 Allgemeiner Anlagenbau;0
13545;Ruppel Hydraulics GmbH;ruppel bad münder;D;Deutschland;10 Hydraulik;0
13546;Airbus DS GmbH;airbus immenstaad;D;Deutschland;05 Prüfstände;0
13547;rse-technik;rse-technik lindau;;;30 Händler;0
13548;Valeo Siemens eAutomotive Germany GmbH;valeo bad neustadt;D;Deutschland;05 Prüfstände;0
13549;Bühler Alzenau GmbH;bühler alzenau;D;Deutschland;12 Automatisierungstechnik;0
13550;Vageler & Christiansen GmbH;vachri;D;Deutschland;30 Händler;0
13551;Siebers Sanitär- und Heizungs- technik;siebers leverkusen;D;Deutschland;32 Ersatzteilhändler Industrie;0
13552;IS-Elektronik Vertriebs GmbH;is elektronik königsdorf;D;Deutschland;40 Kleinbetriebe;0
13553;Nipppn Gases Deitschland GmbH;nippon gases hürth;D;Deutschland;25 Allgemeiner Anlagenbau;0
13554;ifm diagnostic gmbh;ifm rosenheim;D;Deutschland;29 Drehmomentanwendungen;0
13555;Shzex Industrie GmbH;shzex magdeburg;D;Deutschland;32 Ersatzteilhändler Industrie;0
13556;straschu Elektro-Verbtriebs-GmbH;straschu hamburg;D;Deutschland;30 Händler;0
13557;EDAG Engineering GmbH;Edag Wolfsburg;D;Deutschland;05 Prüfstände;0
13558;InLine Hydraulik GmbH;inline hydraulik berlin;D;Deutschland;30 Händler;0
13559;ematec AG;ematec memmingerberg;D;Deutschland;10 Hydraulik;0
13560;Max Holder GmbH;holder reutlingen;D;Deutschland;35 Instandhaltung/Wartung;0
13561;Magnetic Sense GmbH;magnetic sense unterensingen;D;Deutschland;29 Drehmomentanwendungen;0
13562;Garantec GmbH;garantec hamm;D;Deutschland;32 Ersatzteilhändler Industrie;0
13563;Stritzel Dampftechnische Geräte GmbH;stritzel mülheim;D;Deutschland;25 Allgemeiner Anlagenbau;0
13564;Sachsenland  Transport & Logistik GmbH Dresden;sachsenland Dresden;D;Deutschland;30 Händler;0
13565;Sperr & Lechner GmbH;Sperr & Lechner;D;Deutschland;27 Baumaschinen;0
13566;Sinmo GmbH;sinmo gmbh;D;Deutschland;30 Händler;0
13567;HWFB Systemtechnik GmbH;hwfb oststeinbek;D;Deutschland;12 Automatisierungstechnik;0
13568;BELIEN GmbH;belien bremen;D;Deutschland;30 Händler;0
13569;Zingtech GmbH;zingtech bremen;D;Deutschland;12 Automatisierungstechnik;0
13570;Heix GmbH & Co. KG Wesel;heix wesel;D;Deutschland;40 Kleinbetriebe;0
13571;Brandenburger Urstromquelle GmbH;brandenburger baruth;D;Deutschland;21 Lebensmittelindustrie;0
13572;Thales Deutschland GmbH;thales ditzingen;D;Deutschland;00 Bahn;1
13573;Technische Universität München Ingenieurfkultät Bau Geo Umwelt;tech münchen;D;Deutschland;40 Kleinbetriebe;0
13574;Wolf GmbH;wolf mainburg;D;Deutschland;06 Klimatechnik;0
13575;Siemens AG;siemens ag nürnberg;D;Deutschland;00 Bahn;1
13576;SLS Control GmbH;sls ottobrunn;D;Deutschland;32 Ersatzteilhändler Industrie;0
13577;J & J Electric Spareparts GbR;j&j hagen;D;Deutschland;32 Ersatzteilhändler Industrie;0
13578;Manometer Factory Services GmbH;manometer factory wolfsburg;D;Deutschland;30 Händler;0
13579;Eurus Gesellschaft für Inustriebeteiligung, Entwicklung;eurus gmbh;D;Deutschland;30 Händler;0
13580;Bauer Kompressoren GmbH;bauer münchen;D;Deutschland;08 Kompressoren;0
13581;Process Automation Solutions GmbH;process automation;D;Deutschland;12 Automatisierungstechnik;0
13582;Richter Steuerungstechnik GmbH;richter kasendorf;D;Deutschland;12 Automatisierungstechnik;0
13583;Siemens Energy Global GmbH & Co. KG;siemens Mühlheim ruhr;D;Deutschland;20 Energietechnik;0
13584;SCHLUMBOHM Medizin-Labor-Technologie-;schlumbohm hamburg;D;Deutschland;19 Medizintechnik;0
13585;Anton W. C. Denker GmbH ppa Daniel Dreves;denker hamburg;D;Deutschland;30 Händler;0
13586;Siempekamp Logistics & Service GmbH;siempelkamg logistics & service b;D;Deutschland;30 Händler;0
13587;EW Elektrikbaustein GmbH;ew elekrikbaustein giebelstadt;D;Deutschland;30 Händler;0
13588;Marcus Iglhaut;iglhaut zachenberg;D;Deutschland;40 Kleinbetriebe;0
13589;HUBTEX Maschinenbau GmbH & Co. KG;hubtex;D;Deutschland;10 Hydraulik;0
13590;Messen – Steuern – Regeln MSR Service GmbH;msr mansfeld;D;Deutschland;33 Ersatzteilhändler S/I;0
13591;Emerell GmbH;emerell buxtehude;D;Deutschland;30 Händler;0
13592;Siemens AG Corporate Technology;siemens erlangen;D;Deutschland;13 Flugzeugbau;0
13593;ExpertMar (Germany) GmbH Sumatrakontor;expertmar hamburg;D;Deutschland;31 Ersatzteilhändler Schiffbau;0
13594;High Speed Turbomaschinen GmbH;high speed braunschweig;D;Deutschland;05 Prüfstände;0
13595;ELWA Pumpentechnik GmbH;elwa meppen;D;Deutschland;07 Pumpen;0
13596;MVF GmbH;mvf gmbh;D;Deutschland;30 Händler;0
13597;Getriebebau Nord GmbH & Co. KG;getriebebau nord Bargteheide;D;Deutschland;11 Getriebe;0
13598;Projekt Service Peters GmbH & Co. KG;projekt service peters;D;Deutschland;33 Ersatzteilhändler S/I;0
13599;Arthis GmbH;arthis gmbh;D;Deutschland;30 Händler;0
13600;BS Technik GmbH;bs technick gmbh;D;Deutschland;30 Händler;0
13601;Technische Universität Claustahl;tu claustahl;D;Deutschland;52 Wasserstoffanwendungen;0
13602;DEHOUST GmbH;dehoust;D;Deutschland;16 Wasseranwendungen;0
13603;ENERCON GmbH;enercon aurich;D;Deutschland;20 Energietechnik;0
13604;PSP GmbH & Co. KG;psp waldbröl;D;Deutschland;30 Händler;0
13605;Eagleland Industrie GmbH -MRO Service Provider;eagleland augsburg;D;Deutschland;30 Händler;0
13606;Schütze Technik für Schiff und Industrie;schütze technik;D;Deutschland;33 Ersatzteilhändler S/I;0
13607;Elektrogroßhandel Barsch & Böhm GmbH;barsch;D;Deutschland;32 Ersatzteilhändler Industrie;0
13608;Arctos Industriekälte AG;arctos braak;D;Deutschland;32 Ersatzteilhändler Industrie;0
13609;Elko Vertriebs GmbH;elko bochum;D;Deutschland;32 Ersatzteilhändler Industrie;0
13610;HSP Hochspannungsgeräte GmbH;hsp troisdorf;D;Deutschland;04 Gasdichte (SF6);0
13611;Manfred Schröder Schiffsmakler GmbH & Co. KG;schröder lübeck;D;Deutschland;31 Ersatzteilhändler Schiffbau;0
13612;Barksdale GmbH;barksdale reichelsheim;D;Deutschland;30 Händler;0
13613;Börger GmbH;börger borken-weseke;D;Deutschland;07 Pumpen;0
13614;H.M. Heizkörper GmbH & Co. KG;h.m heizkörper dingelstädt;D;Deutschland;30 Händler;0
13615;MEDITE GmbH;medite burgdorf;D;Deutschland;19 Medizintechnik;0
13616;Leiblein GmbH;leiblein;D;Deutschland;16 Wasseranwendungen;0
13617;INP Deutschland GmbH;inp römerberg;D;Deutschland;30 Händler;0
13618;Blohm+Voss B.V. & Co. KG;blohm hamburg;D;Deutschland;31 Ersatzteilhändler Schiffbau;0
13619;Sonplas GmbH;sonplas straubing;D;Deutschland;25 Allgemeiner Anlagenbau;0
13620;HPS Home Power Solutions GmbH;hps berlin;D;Deutschland;52 Wasserstoffanwendungen;0
13621;Trubatec GmbH;trubatec ahlen;D;Deutschland;30 Händler;0
13622;Lindlmaier Motorentechnik;lindlmaier motorentechnik helden;D;Deutschland;05 Prüfstände;0
13623;ALGI ALFRED GIEHL GmbH & Co. KG;algi;D;Deutschland;10 Hydraulik;0
13624;Peter Lachner;lachner;D;Deutschland;40 Kleinbetriebe;0
13625;GÄFGEN Elektrogroßhandel GmbH Niederlassung;gaefgen marienberg;D;Deutschland;32 Ersatzteilhändler Industrie;0
13626;Ruthmann Holdings GmbH;ruthmann gescher;D;Deutschland;09 Mobilhydraulik;0
13627;Refteck Solutions Europe GmbH;refteck düsseldorf;D;Deutschland;33 Ersatzteilhändler S/I;0
13628;RTS electronic GmbH;rts electronic waltrop;D;Deutschland;30 Händler;0
13629;OCTOPUS Industrial Supply GmbH;octopus bremen;D;Deutschland;12 Automatisierungstechnik;0
13630;Ingenieurbüro Lawrenow OHG;Ingenieurbüro lawrenow neutraubin;D;Deutschland;30 Händler;0
13631;DT-Bereederungs GmbH & Co. KG;dt bereederungs burg;D;Deutschland;31 Ersatzteilhändler Schiffbau;0
13632;Universal Industrial Technics Dr. Gratch e.K.;universal düsseldorf;D;Deutschland;32 Ersatzteilhändler Industrie;0
13633;Graforce GmbH Zentrum für Photovoltaik und;graforce berlin;D;Deutschland;52 Wasserstoffanwendungen;0
13634;Stäubli Tec-Systems GmbH Connectors;stäubli bayreuth;D;Deutschland;12 Automatisierungstechnik;0
13635;Meisterbetrieb Johann Lehmkuhl;lehmkuhl voerde;D;Deutschland;40 Kleinbetriebe;0
13636;Kleemann GmbH;kleemann gmbh;D;Deutschland;09 Mobilhydraulik;0
13637;Viessmann Kraft-Wärme-Kopplung GmbH;viessmann;D;Deutschland;20 Energietechnik;0
13638;Johnsen Controls Building Efficiency;johnsen controls köln;D;Deutschland;06 Klimatechnik;0
13639;Dipl Ing. Arnold Sklovski Baumaschinenhandel e.K.;arnold sklovski baumaschinenhande;D;Deutschland;32 Ersatzteilhändler Industrie;0
13640;Institut für Energie- und Umwelt- technik e.V.;institut duisburg;D;Deutschland;15 EX-Anwendungen;0
13641;Jobasin Germany;jobasin norderstedt;D;Deutschland;30 Händler;0
13642;BB Garant GmbH;bb garant GmbH;D;Deutschland;30 Händler;0
13643;Webasto Thermo & Comfort SE Werk Brandenburg;webasto neubrandenburg;D;Deutschland;05 Prüfstände;0
13644;SPIE Versorgungstechnik GmbH;spie müllrose;D;Deutschland;25 Allgemeiner Anlagenbau;0
13645;Reichenspurner Recycling GmbH;reichenspurner petershausen;D;Deutschland;40 Kleinbetriebe;0
13646;Europarts Hamburg;europarts hamburg;D;Deutschland;33 Ersatzteilhändler S/I;0
13647;Carl Wilh. Meyer GmbH & Co. KG;carl meyer;D;Deutschland;30 Händler;0
13648;Rail Component System GmbH;rail com göppingen;D;Deutschland;00 Bahn;1
13649;WILHELM KELLER GmbH & Co. KG;wilhelm keller;D;Deutschland;07 Pumpen;0
13650;Zimex GmbH;zimex böblingen;D;Deutschland;32 Ersatzteilhändler Industrie;0
13651;CR-Service GmbH;cr service rostock;D;Deutschland;33 Ersatzteilhändler S/I;0
13652;Industrie-Automation Vertriebs GmbH;iav;D;Deutschland;07 Pumpen;0
13653;ALPHAFLUID Hydrauliksysteme Mülle;alphafuid;D;Deutschland;07 Pumpen;0
13654;Mainova AG MHKW - Frankfurt;mainova frankfurt;D;Deutschland;25 Allgemeiner Anlagenbau;0
13655;LOCTEQ Logistics Consulting & Technical;locteq wesseling;D;Deutschland;33 Ersatzteilhändler S/I;0
13656;Kälte Apel;kaelte apel calbe;D;Deutschland;06 Klimatechnik;0
13657;grow platform GmbH;grow;D;Deutschland;20 Energietechnik;0
13658;Schäftlmaier Elektro-Anlagen GmbH;semr;D;Deutschland;15 EX-Anwendungen;0
13659;Weisig Maschinenbau GmbH;weisig;D;Deutschland;25 Allgemeiner Anlagenbau;0
13660;Horsch Maschinen GmbH;horsch schwandorf;D;Deutschland;09 Mobilhydraulik;0
13661;Euro Technics Inter GmbH;euro technics inter GmbH;D;Deutschland;33 Ersatzteilhändler S/I;0
13662;ISP Salzbergen GmbH & Co. KG;isp salzbergen;D;Deutschland;05 Prüfstände;0
13663;Audi AG N/EW-42;audi neckarsulm;D;Deutschland;05 Prüfstände;0
13664;CURE Mannheim e. V.;Cure Mannheim;D;Deutschland;01 Motoren;0
13665;Fischer Connectors GmbH;fischer zorneding;D;Deutschland;09 Mobilhydraulik;0
13666;WFT Pharmatec GmbH;wft pharmatec;D;Deutschland;25 Allgemeiner Anlagenbau;0
13667;Gelis Global e.K.;gelis global;D;Deutschland;30 Händler;0
13668;Hellmann Worldwide Logistics SE & Co. KG;hellmann osnabrück;D;Deutschland;30 Händler;0
13669;Water & Wastewater Technic WWT GmbH;wwt;D;Deutschland;16 Wasseranwendungen;0
13670;precis MAS GmbH Niederlassung Brandenburg;precis MAS gmbH;D;Deutschland;35 Instandhaltung/Wartung;0
13671;Elektromotoren und Gerätebau Barleben GmbH;emb barleben;D;Deutschland;25 Allgemeiner Anlagenbau;0
13672;Hydraulik Bauteile GmbH;hydraulik bauteile;D;Deutschland;10 Hydraulik;0
13673;Siemens AG Siemens Deutschland, Smart Infras;siemens bayreuth;D;Deutschland;25 Allgemeiner Anlagenbau;0
13674;Pallenberg GmbH Elektrogroßhandlung;pallenberg beckum;D;Deutschland;30 Händler;0
13675;Ludmilla Schönhof Univolts Nord;univolts oranienburg;D;Deutschland;33 Ersatzteilhändler S/I;0
13676;ONI Temperiertechnik Rhytemper GmbH;oni großröhrsdorf;D;Deutschland;25 Allgemeiner Anlagenbau;0
13677;Union Technik GmbH & Co. KG;union technik Duisburg;D;Deutschland;05 Prüfstände;0
13678;Handelsagentur Cremer GmbH;handelsagentur cremer rösrath;D;Deutschland;30 Händler;0
13679;MB Spritzgusstechnik;mb spritzguss marktoberdorf;D;Deutschland;40 Kleinbetriebe;0
13680;MSF GmbH;msf ammersbek;D;Deutschland;33 Ersatzteilhändler S/I;0
13681;Bengsch Motoren;bengsch motoren riede;D;Deutschland;31 Ersatzteilhändler Schiffbau;0
13682;European Marine Spares (EMS) Germany GmbH;ems hamburg;D;Deutschland;31 Ersatzteilhändler Schiffbau;0
13683;Ralph Messring GmbH;ralph wiesbaden;D;Deutschland;32 Ersatzteilhändler Industrie;0
13684;Elbe-Kälte Ralf Kronfeld;elbe-kälte büchen;D;Deutschland;06 Klimatechnik;0
13685;LEWA GmbH;lewa leonberg;D;Deutschland;07 Pumpen;0
13686;Paul Reuter GmbH & Co. KG Innovative Kunststoffprofile;reuter detmold;D;Deutschland;40 Kleinbetriebe;0
13687;Artur Daudrich Handel & Engineering;artur daudrich;D;Deutschland;33 Ersatzteilhändler S/I;0
13688;Emil Holzmann GmbH;emil holzmann gmbh;D;Deutschland;32 Ersatzteilhändler Industrie;0
13689;E. W. Neu GmbH;neu speyer;D;Deutschland;25 Allgemeiner Anlagenbau;0
13690;Rudolf TFE GmbH;rudolf tfe berlin;D;Deutschland;30 Händler;0
13691;MELBRIDGE GmbH;melbridge doerverden;D;Deutschland;31 Ersatzteilhändler Schiffbau;0
13692;Evac GmbH;evac wedel;D;Deutschland;00 Bahn;1
13693;Ostbayrische technische Hoch- schule;oth regensburg;D;Deutschland;40 Kleinbetriebe;0
13694;BELFOR DeHaDe GmbH Abteilung Elektrotechnik &;belfor dehade gmbh;D;Deutschland;27 Baumaschinen;0
13695;BAUCH Engineering GmbH & Co. KG;bauch gaimersheim;D;Deutschland;30 Händler;0
13696;Siegert Thinfilm Technology GmbH;siegert hermsdorf;D;Deutschland;;0
13697;RÖHM GmbH;roehm;D;Deutschland;10 Hydraulik;0
13698;Kälte-  und Klimatechnik Sven Hartung;hartung dresden;D;Deutschland;32 Ersatzteilhändler Industrie;0
13699;ACOTEQ GmbH;acoteq gmbh;D;Deutschland;33 Ersatzteilhändler S/I;0
13700;YACO-tec GmbH Solutions for maintenance;yaco-tec villingen-schwenningen;D;Deutschland;25 Allgemeiner Anlagenbau;0
13701;AERIUS Marine GmbH;Aerius Marine;D;Deutschland;03 Schiffbau (Systeme);0
13702;NORDIC WATER GMBH;nordic water neuss;D;Deutschland;16 Wasseranwendungen;0
13703;Reiga Consult GbR;reiga reichstädt;D;Deutschland;30 Händler;0
13704;Gebrüder Schwarz GmbH;gebrüder schwarz singen;D;Deutschland;40 Kleinbetriebe;0
13705;Fischer-J.W. Zander GmbH & Co. KG Fachgroßhandel Elektrotechnik;fischer-j. w. zander erlenbach;D;Deutschland;30 Händler;0
13706;Suedlohner Automationstechnik GmbH;suedlohner;D;Deutschland;Kompressor;0
13707;Global Trade GmbH;global trade  gmbh;D;Deutschland;33 Ersatzteilhändler S/I;0
13708;Varta AG;varta;D;Deutschland;20 Energietechnik;0
13709;F.B. Egner;egner tuttlingen;D;Deutschland;40 Kleinbetriebe;0
13710;Apparate- und Anlagenbau Heinbokel & Müller GbR;heinbokel & müller berlin;D;Deutschland;25 Allgemeiner Anlagenbau;0
13711;AICHELIN Service GmbH;aichelin ludwigsburg;D;Deutschland;32 Ersatzteilhändler Industrie;0
13712;STIEBEL ELTRON GMBH & CO. KG;stiebel eltron;D;Deutschland;30 Händler;0
13713;GINO AG Elektronische Fabrik;gino bonn;D;Deutschland;25 Allgemeiner Anlagenbau;0
13714;Güntner GmbH & Co. KG;güntner fürstenfeldbruck;D;Deutschland;06 Klimatechnik;0
13715;Mercedes-AMG GmbH;amg affalterbach;D;Deutschland;05 Prüfstände;0
13716;Hengst SE & Co. KG;hengst nordwalde;D;Deutschland;30 Händler;0
13717;trans-Mar-supply GmbH & Co. KG;transmar bremen;D;Deutschland;31 Ersatzteilhändler Schiffbau;0
13718;ATL Anlagentechnik Luhden GmbH;atl luhden;D;Deutschland;25 Allgemeiner Anlagenbau;0
13719;MSTVision GmbH;mstvision mainz;D;Deutschland;12 Automatisierungstechnik;0
13720;m.e.c. middle east consulting & trading;middle east hamburg;D;Deutschland;32 Ersatzteilhändler Industrie;0
13721;Gebr. Heller Maschinenfabrik GmbH;heller nürtingen;D;Deutschland;25 Allgemeiner Anlagenbau;0
13722;Remy & Geiser GmbH;remy schleusingen;D;Deutschland;19 Medizintechnik;0
13723;inotech Meter Calibration Systems;inotech bietigheim;D;Deutschland;15 EX-Anwendungen;0
13724;Citeco Germany e.K;citeco berlin;D;Deutschland;33 Ersatzteilhändler S/I;0
13725;Rexel Germany GmbH & Co. KG;rexel hanau;D;Deutschland;30 Händler;0
13726;Kautex Maschinenbau System GmbH;kautex bonn;D;Deutschland;12 Automatisierungstechnik;0
13727;Grieger GmbH;grieger hemmingen;D;Deutschland;10 Hydraulik;0
13728;epg Syst-Ing GmbH;epg syst-ing  marburg;D;Deutschland;30 Händler;0
13729;Hermann Waldner GmbH & Co.KG;waldner wangen;D;Deutschland;16 Wasseranwendungen;0
13730;Hochschule Darmstadt;hochschule darmstadt;D;Deutschland;15 EX-Anwendungen;0
13731;Erbslöh Aluminium GmbH;erblsöh velbert;D;Deutschland;35 Instandhaltung/Wartung;0
13732;Nuosun GmbH;nuosun gmbh;D;Deutschland;40 Kleinbetriebe;0
13733;DMS Digitale Mess- u Steuersysteme AG;dms ettlingen;D;Deutschland;52 Wasserstoffanwendungen;0
13734;Benarrow GmbH;benarrow gmbh;D;Deutschland;35 Instandhaltung/Wartung;0
13735;ECO Erneurbare Energien GmbH;eco rotenburg;D;Deutschland;26 Erneuerbare Energien;0
13736;Havazy Spares (Europe) GmbH;havazy hamburg;D;Deutschland;31 Ersatzteilhändler Schiffbau;0
13737;M&B GmbH Präzisionsmechanik;m&b seevetal;D;Deutschland;25 Allgemeiner Anlagenbau;0
13738;MRR Handel + Vertrieb eK;mrr hamburg;D;Deutschland;31 Ersatzteilhändler Schiffbau;0
13739;ANTIPTOOLS;antiptools berlin;D;Deutschland;30 Händler;0
13740;S&S Electronic GmbH;s&s klingenthal;D;Deutschland;40 Kleinbetriebe;0
13741;Ray Egelhof  GmbH;ray fellbach;D;Deutschland;03 Schiffbau (Systeme);0
13742;Cem-Tuning;cem-tuning brandenburg;D;Deutschland;40 Kleinbetriebe;0
13743;ETL SARX GmbH Elektrofachgroßhandel;etl sarx gmbh siegen;D;Deutschland;30 Händler;0
13744;ISW Gasanalytik & Elektrotechnik;isw wiehl;D;Deutschland;15 EX-Anwendungen;0
13745;Senior Flexonics GmbH;flexonics gmbh;D;Deutschland;32 Ersatzteilhändler Industrie;0
13746;Untec- Silo und Schüttgut- engineering GmbH;umtec halle;D;Deutschland;20 Energietechnik;0
13747;Stadtbad Okeraue;stadtbad wolfenbüttel;D;Deutschland;40 Kleinbetriebe;0
13748;Albia Marine GmbH;albia marine gmbh;D;Deutschland;31 Ersatzteilhändler Schiffbau;0
13749;Gertner Service GmbH GERTNERGROUP;gertner hürth;D;Deutschland;30 Händler;0
13750;Wasserstraßen- u. Schifffahrtsamt Weser-Jade-Nordsee;wasser und schifffahrtsamt wilhel;D;Deutschland;34 Reederei;0
13751;Vesta Handel GmbH;vesta berlin;D;Deutschland;30 Händler;0
13752;Stahlberg GmbH Sonderschrauben und Drehteile;stahlberg langenfeld;D;Deutschland;40 Kleinbetriebe;0
13753;MARITIUS Wordwide Yacht Management;maritimus fuhlendorf;D;Deutschland;31 Ersatzteilhändler Schiffbau;0
13754;KKT Innovations GmbH & Co, KG;kkt cadolburg;D;Deutschland;06 Klimatechnik;0
13755;AM Industrievertrieb GmbH;am industrievertrieb GmbH;D;Deutschland;30 Händler;0
13756;Utsch GmbH;utsch gmbh;D;Deutschland;30 Händler;0
13757;ODE GmbH;ode gmbh;D;Deutschland;30 Händler;0
13758;rotring-hische GmbH;rotring-hische gmbh;D;Deutschland;30 Händler;0
13759;CHERIER GmbH;cherier leipzig;D;Deutschland;06 Klimatechnik;0
13760;Mercedes-Benz AG;mercedes-benz stuttgart;D;Deutschland;29 Drehmomentanwendungen;0
13761;Gebr. Dürrbeck Kunststoffe GmbH;dürrbeck kunststoffe gmbh;D;Deutschland;35 Instandhaltung/Wartung;0
13762;Saltigo GmbH;saltigo GmbH;D;Deutschland;35 Instandhaltung/Wartung;0
13763;IPS GmbH Berlin Industrial Projects and Sales;ips gmbh berlin;D;Deutschland;30 Händler;0
13764;Veritas AG;veritas;D;Deutschland;52 Wasserstoffanwendungen;0
13765;Bestflow GmbH;bestflow gmbh;D;Deutschland;30 Händler;0
13766;Feidim Analyse und Technik GmbH;feidim analyse freiburg;D;Deutschland;05 Prüfstände;0
13767;Frank Seidler Werkzeughandel;seidler werkzeughandel;D;Deutschland;25 Allgemeiner Anlagenbau;0
13768;FutureE GmbH;future nürtigen;D;Deutschland;52 Wasserstoffanwendungen;0
13769;FEBO Maschinenmontagen und Anlagenbau GmbH;febo maschienenbau Brandis;D;Deutschland;30 Händler;0
13770;Teramess GmbH;teramess münchen;D;Deutschland;52 Wasserstoffanwendungen;0
13771;MSW Moselstahlwerk GmbH;msw moselstahlwerke gmbh;D;Deutschland;40 Kleinbetriebe;0
13772;mgw Service GmbH & Co. KG;mgw kassel;D;Deutschland;40 Kleinbetriebe;0
13773;PARKER HANNIFIN MANUFACTURING GERMANY GMBH&CO.KG;parker filderstadt;D;Deutschland;12 Automatisierungstechnik;0
13774;KUMERA Getriebe GmbH (ehemalige C.u.W. Keller);kumera troisdorf;D;Deutschland;11 Getriebe;0
13775;ACKERMANN Anwendungstechnik & Vorrichtungsbau GmbH;ackermann fellbach;D;Deutschland;05 Prüfstände;0
13776;Elektro Großhandel Nordfriesland Frank Stöhrmann e.K.;elektro egnf husum;D;Deutschland;31 Ersatzteilhändler Schiffbau;0
13777;Alexander Bürkle GmbH & Co. KG;bürkle mannheim;D;Deutschland;30 Händler;0
13778;JORDAN Prozesstechnik GmbH;jordan köln;D;Deutschland;12 Automatisierungstechnik;0
13779;Hochschule für Technik und Wirtschaft des Saalandes;hochschüle saarbrücken;D;Deutschland;52 Wasserstoffanwendungen;0
13780;Günther Friedrich;friedrich rimbach;D;Deutschland;40 Kleinbetriebe;0
13781;Traydon GmbH;traydon kerpen;D;Deutschland;30 Händler;0
13782;KPZ GMBH;kpz gettorf;D;Deutschland;33 Ersatzteilhändler S/I;0
13783;FKS Maschinenbau GmbH;fks berlin;D;Deutschland;25 Allgemeiner Anlagenbau;0
13784;Global Tech / Offshore Wind GmbH;global tech hamburg;D;Deutschland;20 Energietechnik;0
13785;Gerhard Warning GmbH;warning gmbh;D;Deutschland;33 Ersatzteilhändler S/I;0
13786;STB-Service Technik Beratung GmbH;stb gmbh;D;Deutschland;25 Allgemeiner Anlagenbau;0
13787;United Shipping Agency Vogemann GmbH;unitedshipping hamburg;D;Deutschland;31 Ersatzteilhändler Schiffbau;0
13788;Dafoe Global Trade GmbH;dafoe global trade gmbh;D;Deutschland;33 Ersatzteilhändler S/I;0
13789;Sächsische Staatsbäder GmbH;sächsische staatsbäder;D;Deutschland;16 Wasseranwendungen;0
13790;Radam Haustechnik GmbH;radam offenbach;D;Deutschland;40 Kleinbetriebe;0
13791;Drölle GmbH Stanz- und Umformtechnik;drölle gmbh;D;Deutschland;25 Allgemeiner Anlagenbau;0
13792;JK DEFENCE & SECURITY PRODUCTS GmbH;jk kempen;D;Deutschland;30 Händler;0
13793;FIB Foert Industriebedarf;fib foert plettenberg;D;Deutschland;30 Händler;0
13794;WHW Walter Hillebrand GmbH &Co.KG;whw  wickede;D;Deutschland;25 Allgemeiner Anlagenbau;0
13795;Gas solution GmbH Anlagen für Gase und Sondermedien;gas solution möglingen;D;Deutschland;15 EX-Anwendungen;0
13796;Sonepar Deutschland Region Nord-Ost GmbH;sonepar schwerin;D;Deutschland;30 Händler;0
13797;Aqseptence Group GmbH Vacuum Technology Systems;aqseptence hanau;D;Deutschland;25 Allgemeiner Anlagenbau;0
13798;Petrus Maschinen und Technologie GmbH;petrus zossen;D;Deutschland;25 Allgemeiner Anlagenbau;0
13799;enmatek EndresMaschinen Technik GmbH;enmatek butzbach;D;Deutschland;30 Händler;0
13801;EUR L.O. TRADING GMBH Industrial Purchases;lo trading dietzenbach;D;Deutschland;32 Ersatzteilhändler Industrie;0
13802;J.M. Voith SE & Co. KG / VTA;Voith Garching;D;Deutschland;05 Prüfstände;0
13803;Wiegel Gebäudetechnik GmbH Abteilung: Planung und Entwicklun;wiegel Kulmbach;D;Deutschland;30 Händler;0
13804;GreenFancy GmbH;greenfancy gmbh;D;Deutschland;30 Händler;0
13805;Segula Technologies GmbH;segula rüsselheim am main;D;Deutschland;52 Wasserstoffanwendungen;0
13806;Mouldtec Kunststoff GmbH;mouldtec kunststoff gmbh;D;Deutschland;25 Allgemeiner Anlagenbau;0
13807;Schaumaplast Nossen GmbH;schaumaplast Nossen GmbH;D;Deutschland;35 Instandhaltung/Wartung;0
13808;Ernst & Engbring GmbH;ernst & engbring oer-erkenschwick;D;Deutschland;30 Händler;0
13809;Bosch Rexroth AG;rexroth;D;Deutschland;30 Händler;0
13811;Kommunale Immobilien Dresden GmbH & Co.KG;kid dresden;D;Deutschland;30 Händler;0
13812;Eulink Technik GmbH;eulink technik;D;Deutschland;30 Händler;0
13813;Veintech Handels GmbH;veintech reutlingen;D;Deutschland;30 Händler;0
13814;E T P  UGEngine Technik Peter;E T P UG oberstenfeld;D;Deutschland;30 Händler;0
13815;EC Automatic Group-Germany GmbH;ec automatic group germany gmbh;D;Deutschland;33 Ersatzteilhändler S/I;0
13816;Total Raffinierie Mitteldeutschland GmbH;total leuna;D;Deutschland;15 EX-Anwendungen;0
13817;Hendrik Kuhnert;kuhnert;D;Deutschland;;0
13818;BEIJER REF Deutschland;beijer ostfildern;D;Deutschland;06 Klimatechnik;0
13819;Hamburg Port Authority AöR;Hamburg port hamburg;D;Deutschland;33 Ersatzteilhändler S/I;0
13820;ETL Paul Schlegel GmbH;etl seevetal;D;Deutschland;31 Ersatzteilhändler Schiffbau;0
13821;Elektro Schäfer OHG;schäfer rottenburg-wendelsheim;D;Deutschland;40 Kleinbetriebe;0
13822;Motoren AG Feuer;motoren overath;D;Deutschland;01 Motoren;0
13823;Hochschule Bremerhaven;hochschule bremerhaven;D;Deutschland;52 Wasserstoffanwendungen;0
13824;ITK Intertrage GmbH;itk intertrade ingelfingen;D;Deutschland;30 Händler;0
13825;Stadler Pankow GmbH;stadler pankow berlin;D;Deutschland;00 Bahn;1
13826;KSO Werkzeugmaschinen GmbH;kso erkelenz;D;Deutschland;30 Händler;0
13827;Endress+Hauser (Deutschland) GmbH+Co.KG;endress+hausser weil am rhein;D;Deutschland;03 Schiffbau (Systeme);0
13828;Timmer GmbH;timmer neuenkirchen;D;Deutschland;08 Kompressoren;0
13829;Linde GmbH Linde Engineering;linde dresden;D;Deutschland;06 Klimatechnik,;0
13830;von Twistern Motoren- und Fahrzeugtechnik GmbH;von twistern bremerhaven;D;Deutschland;01 Motoren;0
13831;WEBER-HYDRAULIK Valve Tech GmbH;weber-hydraulik konstanz;D;Deutschland;10 Hydraulik;0
13832;Oerlikon Balzers Coating AG c/o Oerlikon Metco Europe GmbH;oerlikon balzers;D;Deutschland;;0
13833;IB Schmidt Ingenieurbüro für Aufmaßtechnik;ib schmidt dachau;D;Deutschland;;0
13834;HANSA-FLEX AG Niederlassung Oyten;hansa flex oyten;D;Deutschland;10 Hydraulik;0
13835;HP Consulting;hp grenzach;D;Deutschland;32 Ersatzteilhändler Industrie;0
13836;Zeck GmbH;zeck scheßlitz;D;Deutschland;25 Allgemeiner Anlagenbau;0
13837;Hanse Maritime GmbH;hanse maritime hamburg;D;Deutschland;31 Ersatzteilhändler Schiffbau;0
13838;Siemens Mobilty GmbH;siemens mobility erlangen;D;Deutschland;00 Bahn;1
13839;middle east consulting & trading GmbH;m.e.c. hamburg;D;Deutschland;30 Händler;0
13840;FASEK Engineering and Production GmbH;fasek rotenburg/wuemme;D;Deutschland;15 EX-Anwendungen;0
13841;Schmierer GmbH;schmierer gross-gerau;D;Deutschland;30 Händler;0
13842;ROKU-MECHANIK GmbH;roku mechanik gmbh;D;Deutschland;35 Instandhaltung/Wartung;0
13843;Bockermann Anlagen und Gerätebau GmbH;bockermann enger;D;Deutschland;25 Allgemeiner Anlagenbau;0
13844;FEGA & Schmitt Elektrogroßhandel GmbH;fega & schmitt regensburg;D;Deutschland;30 Händler;0
13845;Hochschule Karlsruhe - Technik und Wirtschaft;hochschule karlsruhe;D;Deutschland;40 Kleinbetriebe;0
13846;Waltrans GmbH;waltrans berlin;D;Deutschland;30 Händler;0
13847;Osmo Holz und Color GmbH & Co. KG;osmo warendorf;D;Deutschland;35 Instandhaltung/Wartung;0
13848;RaWa-Hydraulik oHG;rawa-hydraulik badersleben;D;Deutschland;10 Hydraulik;0
13849;WVB Wärmeversorgung Betreuungs- und Servicegesellsch.;wvb wärmeversorgung berlin;D;Deutschland;26 Erneuerbare Energien;0
13850;MANN+HUMMEL International GmbH & Co. KG;mann+hummel marklkofen;D;Deutschland;35 Instandhaltung/Wartung;0
13851;Motoren Steffens GmbH;motoren steffens gmbh;D;Deutschland;01 Motoren;0
13852;WEH GmbH Verbindungstechnik;weh illertissen;D;Deutschland;52 Wasserstoffanwendungen;0
13853;SCHAEFFLER Engineering GmbH;schaeffler engineering;D;Deutschland;05 Prüfstände;0
13854;Café Rotter;rotter café;D;Deutschland;40 Kleinbetriebe;0
13855;Bayern-Fass Rekonditionierungs GmbH;bayern fass aichach;D;Deutschland;35 Instandhaltung/Wartung;0
13856;YARS-EUROPE GmbH;yars europe gmbh;D;Deutschland;33 Ersatzteilhändler S/I;0
13857;Reederei Cassen Eils GmbH;reederei cassen cuxhaven;D;Deutschland;02 Schiffbau (Werft);0
13858;EUROPRESS Umwelttechnik GmbH;europress;D;Deutschland;30 Händler;0
13859;Magnetic Sense Automotive GmbH;msa unterensingen;D;Deutschland;29 Drehmomentanwendungen;0
13860;Elektro Walsdorf;elektro walsdorf hünestetten;D;Deutschland;30 Händler;0
13861;Universität Duisburg-Essen Institut f. Schifftechnik,Meeres-;universität duisburg;D;Deutschland;03 Schiffbau (Systeme);0
13862;TSP Systems International GmbH;tps systems magstadt;D;Deutschland;30 Händler;0
13863;Veolia Water Technologies Deutschland GmbH;veolia water Celle;D;Deutschland;16 Wasseranwendungen;0
13864;Gläßer - Elektro;gläßer - elektro schloßvippach;D;Deutschland;40 Kleinbetriebe;0
13865;INEQ-global Instrument & Equipment;ineq global;D;Deutschland;32 Ersatzteilhändler Industrie;0
13866;Linde GmbH Linde Engineering Division;linde gmbh pullach;D;Deutschland;32 Ersatzteilhändler Industrie;0
13867;Rotasystem Service GmbH;rotasystem service hohenbrunn;D;Deutschland;06 Klimatechnik;0
13868;Eurocent Int.Log GmbH;eurocent dresden;D;Deutschland;30 Händler;0
13869;Waibel KG;waibel gernsheim;D;Deutschland;35 Instandhaltung/Wartung;0
13870;Alfred Schmidbauer;schmidbauer aßling;D;Deutschland;40 Kleinbetriebe;0
13871;Die Länderbahn GmbH DLB;länderbahn schwandorf;D;Deutschland;00 Bahn;1
13872;Knaus Tabbert AG;knaus tabbert ag;D;Deutschland;33 Ersatzteilhändler S/I;0
13873;IBS Technik GmbH;ibs neubrandenburg;D;Deutschland;;0
13874;YNCORIS GmbH & Co. KG;yncoris hürth;D;Deutschland;15 EX-Anwendungen;0
13875;Auto Tissue Berlin GmbH;auto tissue berlin;D;Deutschland;05 Prüfstände;0
13876;Ecoclean GmbH;ecoclean monschau;D;Deutschland;25 Allgemeiner Anlagenbau;0
13877;Westnetz GmbH;westnetz wesel;D;Deutschland;04 Gasdichte (SF6);0
13878;Büter Hebetechnik GmbH;büter meppen;D;Deutschland;10 Hydraulik;0
13879;iprotech GmbH;iprotech iserlohn;D;Deutschland;25 Allgemeiner Anlagenbau;0
13880;ART Bertuleit Kälte-Klima GmbH;art bertuleit kälte-klima bielefe;D;Deutschland;06 Klimatechnik;0
13881;WSV Bund;wsv bund;D;Deutschland;32 Ersatzteilhändler Industrie;0
13882;Forschungszentrum f. Verbrennungs motoren und Thermodynamik;fvtr rostock;D;Deutschland;05 Prüfstände;0
13883;MacGregor Sweden AB Global Lifedycle Support;macgregor sweden;S;Schweden;30 Händler;0
13884;KHW;khw filderstadt;D;Deutschland;30 Händler;0
13885;Uniper Kraftwerke GmbH Kraftwerk Regensburg;uniper regensburg;D;Deutschland;;0
13886;Waldner GmbH;waldner hamburg;D;Deutschland;30 Händler;0
13887;Hochschule Aalen;hochschule aalen;D;Deutschland;40 Kleinbetriebe;0
13888;Fleischhacker GmbH & Co. KG;fleischhacker schwerte;D;Deutschland;;0
13889;Uwe Kloska GmbH Ship Logistic Centre;kloska bremen;D;Deutschland;31 Ersatzteilhändler Schiffbau;0
13890;Ziel-Tech GmbH;ziel-tech leipheim;D;Deutschland;30 Händler;0
13891;BSF Automation Binali Ikisivri;bsf gengenbach;D;Deutschland;30 Händler;0
13892;ENDESIS Elektro Technik GmbH;endesis rüsselheim;D;Deutschland;30 Händler;0
13893;Cramer & Mundt GmbH;cramer & mundt ellerau;D;Deutschland;30 Händler;0
13894;SachsenNetze HS.HD GmbH;sachsennetze hs.hd kesselsdorf;D;Deutschland;04 Gasdichte (SF6);0
13895;Kadent Johnson Deutschland GmbH;kadant langenfeld;D;Deutschland;12 Automatisierungstechnik;0
13896;GOS Maschinen- u. Anlagen Service GmbH;gos möhrendorf;D;Deutschland;30 Händler;0
13897;ILS Defence GmbH;ils defence stuttgart;D;Deutschland;30 Händler;0
13898;VORWERK Pipeline- und Anlagenservice GmbH;vorwerk tostedt;D;Deutschland;15 EX-Anwendungen;0
13899;Lotsbetriebsverein e. V. Aussenstelle Emden;lotsbetriebsv  emden;D;Deutschland;31 Ersatzteilhändler Schiffbau;0
13900;Framatome GmbH;framatome erlangen;D;Deutschland;20 Energietechnik;0
13901;ISIMARE Germany GmbH;isimare oldenburg;D;Deutschland;33 Ersatzteilhändler S/I;0
13902;Dimel GmbH;dimel sohren;D;Deutschland;30 Händler;0
13903;WHICO TECH GmbH;whicotech weil am rhein;D;Deutschland;30 Händler;0
13904;Power Diagnostiix System GmbH;power diagnostix aachen;D;Deutschland;04 Gasdichte (SF6);0
13905;Pressluft Stölzel GmbH & Co. KG;stölzel nürnberg;D;Deutschland;;0
13906;Schiesser Automobile;schiesser nürnberg;D;Deutschland;30 Händler;0
13907;Ludwig Meister GmbH & Co. KG;ludwig meister;D;Deutschland;33 Ersatzteilhändler S/I;0
13908;Plarad Maschienenfabrik Wagner GmbH & Co;plarad much;D;Deutschland;52 Wasserstoffanwendungen;0
13909;Fairhof GmbH;fairhof neuss;D;Deutschland;32 Ersatzteilhändler Industrie;0
13910;SHR Kältetechnik Dresden GmbH;shr dresden;D;Deutschland;06 Klimatechnik;0
13911;DEETERNO Solution GmbH;deeterno solution gmbh;D;Deutschland;30 Händler;0
13912;Fa. Wolfgang Fischer mech. Werkstatt;fischer;D;Deutschland;40 Kleinbetriebe;0
13913;Nimann GmbH;nimann limeshain;D;Deutschland;30 Händler;0
13914;Liebherr-Werk Biberach GmbH;Liebherr-Werk Biberach GmbH;D;Deutschland;05 Prüfstände;0
13915;JANINHOFF GmbH & Co.KG;janinhoff münster;D;Deutschland;;0
13916;FYSAM Auto Decorative GmbH;fysam steinheim;D;Deutschland;;0
13917;Michelin Reifenwerke AG & Co. KGa;michelin karsruhe;D;Deutschland;40 Kleinbetriebe;0
13918;INTERPRINT GmbH;interprint gmbh;D;Deutschland;40 Kleinbetriebe;0
13919;MECOTEC Mess-und Regeltechnik GmbH;mecotec hattingen;D;Deutschland;05 Prüfstände;0
13920;CREG TBM Germany GmbH;creg düsseldorf;D;Deutschland;30 Händler;0
13921;Massageprxis Paul-E. Kümmel Physiotherapie- Massage- med. Fuß;kümmel metzingen;D;Deutschland;40 Kleinbetriebe;0
13922;Janoschka AG;janoschka cag;D;Deutschland;30 Händler;0
13923;CREG TBM Germany GmbH;creb tbm germany gmbh;D;Deutschland;30 Händler;0
13924;Elektro-Service Bäuerlen MSR-Gebäude Haustechnik;elektro service bauerlen;D;Deutschland;30 Händler;0
13925;MM Packing Caesar GmbH;mm packing traben;D;Deutschland;17 Verpackungsanlagen;0
13926;EQYO Saint-Gobain Performance Plastics;eqyo;D;Deutschland;05 Prüfstände;0
13927;PAHCO GmbH & Co. KG;pahco bremen;D;Deutschland;30 Händler;0
13928;Korthaus Maschinen GmbH;korthaus dresden;D;Deutschland;07 Pumpen;0
13929;CONDOK GmbH;condok kiel;D;Deutschland;31 Ersatzteilhändler Schiffbau;0
13930;Compraga GmbH;compraga frankfurt;D;Deutschland;;0
13931;Kuraray Europe GmbH;kuraray gmbh hattersheim;D;Deutschland;35 Instandhaltung/Wartung;0
13932;Siemens Energy Global GmbH & Co. KG;siemens nürnberg;D;Deutschland;04 Gasdichte (SF6);0
13933;Wichelhaus GmbH & Co. KG Maschinenfabrik;wichelhaus solingen;D;Deutschland;30 Händler;0
13934;TYROLLER HYDRAULIK GmbH;tyroller hydraulik gmbh;D;Deutschland;10 Hydraulik;0
13935;Wassenberg GmbH;wassenberg gmbh;D;Deutschland;30 Händler;0
13936;SEEPEX GmbH;seepex bottrop;D;Deutschland;07 Pumpen;0
13937;Prozess- und Anlagenoptimierung Quittenbaum GmbH;quittenbaum schönau am königssee;D;Deutschland;25 Allgemeiner Anlagenbau;0
13938;Werner Worzfeld Technical Ship Service;worzfeld güstrow;D;Deutschland;31 Ersatzteilhändler Schiffbau;0
13939;Mercurius Industrial GmbH;mercurius industrial nürnberg;D;Deutschland;30 Händler;0
13940;LUNG Lufttechnische Anlagen GmbH;lung wallersdorf;D;Deutschland;06 Klimatechnik;0
13941;Imex Trade;imex trade;D;Deutschland;30 Händler;0
13942;Dr. E. Horn GmbH & Co. KG;horn gaertingen;D;Deutschland;;0
13943;Bühler Technologies GmbH;buehler;D;Deutschland;25 Allgemeiner Anlagenbau;0
13944;GAMPT mbH;gampt;D;Deutschland;05 Prüfstände;0
13945;Caretechion GmbH;caretechion düsseldorf;D;Deutschland;;0
13946;München Klinik gGmbh;münchen klinik gmbh;D;Deutschland;;0
13947;KEGLER Kälte-Klimatechnik & Service;kegler;D;Deutschland;06 Klimatechnik;0
13948;Otto Zimmermann GmbH;zimmermann saarbrücken;D;Deutschland;32 Ersatzteilhändler Industrie;0
13949;HIT Service und Metallbau GmbH & Co.KG;hit service u metallbau;D;Deutschland;30 Händler;0
13950;Bax Engineering GmbH;bax;D;Deutschland;;0
13951;SODECIA Automotive Saarlouis GmbH;sodecia saarlouis;D;Deutschland;33 Ersatzteilhändler S/I;0
13952;H. KLEINKNECHT & CO. GMBH;kleinknecht siegen;D;Deutschland;12 Automatisierungstechnik;0
13953;Tobias Waigand;waigand;D;Deutschland;;0
13954;SHBD Handel GmbH;shbd berlin;D;Deutschland;30 Händler;0
13955;Landeswasserschutzpolizei M-V;landeswasser waldeck;D;Deutschland;31 Ersatzteilhändler Schiffbau;0
13956;UNI-Geräte E. Mangelmann Elektrotechnische Fabrik GmbH;uni-geräte weeze;D;Deutschland;25 Allgemeiner Anlagenbau;0
13957;LHY Powertrain;lhy ballenstedt;D;Deutschland;10 Hydraulik;0
13958;Gardner Denver Deutschland GmbH;gardner simmern;D;Deutschland;08 Kompressoren;0
13959;Rubix GmbH;rubix wuppertal;D;Deutschland;30 Händler;0
13960;Remtec Prozeßsysteme GmbH;remtec riedlhütte;D;Deutschland;12 Automatisierungstechnik;0
13961;Elbe-Hydraulik Stade GmbH;elbe-hydraulik stade;D;Deutschland;10 Hydraulik;0
13962;Frei Universität Berlin;uni berlin;D;Deutschland;40 Kleinbetriebe;0
13963;SPIE SAG GmbH Geschäftsbereich High Voltage;spie sag gmbh ergolding;D;Deutschland;04 Gasdichte (SF6);0
13964;mgw Service GmbH & Co. KG;akiem technik kassel;D;Deutschland;00 Bahn;1
13965;UNIWETEC GmbH;uniwetec umkirch;D;Deutschland;30 Händler;0
13966;Toshiba Railway Europe GmbH;toshiba kiel;D;Deutschland;00 Bahn;1
13967;Scheuerle Fahrzeugfabrik GmbH;scheuerle pfedelbach;D;Deutschland;09 Mobilhydraulik;0
13968;Alstom Transport Deutschland GmbH;alstom salzgitter;D;Deutschland;04 Gasdichte (SF6);0
13969;Einsatzversorgung MStpKdo Wilhelmshaven;einsatzversorgung wilhelmshaven;D;Deutschland;35 Instandhaltung/Wartung;0
13970;Rexel Germany GmbH & Co. KG;rexel Berlin-Adlershof;D;Deutschland;30 Händler;0
13971;RUBER Industries GmbH;ruber weyhe;D;Deutschland;33 Ersatzteilhändler S/I;0
13972;Basalt-Actien-Gesellschaft;basalt linz am rhein;D;Deutschland;33 Ersatzteilhändler S/I;0
13973;RWW Rheinisch-Westfälische Wasserge-;rww mühlheim an der ruhr;D;Deutschland;15 EX-Anwendungen;0
13974;Firma W. Hofmann Hanse Supply;hofmann hetlingen;D;Deutschland;;0
13975;Wiemann GmbH Elektro- und Solargroßhandel;wiemann gmbh bünde;D;Deutschland;30 Händler;0
13976;D. Haupt GmbH;haupt gmbh nützen;D;Deutschland;33 Ersatzteilhändler S/I;0
13977;conxess GmbH;conxess saarbrücken;D;Deutschland;33 Ersatzteilhändler S/I;0
13978;Blue Marine Trading & Engineering co. Ltd;blue marine hamburg;D;Deutschland;31 Ersatzteilhändler Schiffbau;0
13979;Jürgen Tewes Werksvertetungen e. K.;tewes hamburg;D;Deutschland;30 Händler;0
13980;Bühler Technologies GmbH;bühler techno ratingen;D;Deutschland;10 Hydraulik;0
13981;Rhein Engineering Metall GmbH;remco düsseldorf;D;Deutschland;30 Händler;0
13982;thenex GmbH;thenex bocholt;D;Deutschland;35 Instandhaltung/Wartung;0
13983;Morgen Advanced Materials Haldenwamger GmbH;haldenwanger waldkraiburg;D;Deutschland;12 Automatisierungstechnik;0
13984;Schroeder Trading;schroeder gütersloh;D;Deutschland;30 Händler;0
13985;DB Fahrzeuginstandhaltung GmbH;db dessau;D;Deutschland;00 Bahn;1
13986;Louis Opländer Heizungs- und Klimatechnik GmbH;louis opländer;D;Deutschland;06 Klimatechnik;0
13987;Innovation UltraTech GmbH;innovation ultratech;D;Deutschland;30 Händler;0
13988;Hylik GmbH;hylik gmbh;D;Deutschland;33 Ersatzteilhändler S/I;0
13989;Knorr-Bremse Zweigniederlassung der;knorr bremse berlin;D;Deutschland;00 Bahn;1
13990;K & K Haustechnik GmbH Groß- und Fachhandel Sanitär, Hei;k&khaustechnik leinefelde;D;Deutschland;40 Kleinbetriebe;0
13991;Alatas Germany GmbH;alatas;D;Deutschland;30 Händler;0
13992;NAT Neuberger Anlagen-Technik AG;NAT;D;Deutschland;Maschienenbau;0
13993;Oktech GmbH;oktech;D;Deutschland;Prüfstandbau;0
13994;MacGregor Pte. Ltd. Global Lifecycle Support;macgregor singapore;SGP;Singapur;31 Ersatzteilhändler Schiffbau;0
13995;Elektro Seiwert GmbH;elektro seiwert illingen;D;Deutschland;30 Händler;0
13996;Nova Technik GmbH;nova technik hh;D;Deutschland;31 Ersatzteilhändler Schiffbau;0
13997;AeroDesignWorks GmbH;aerodesignworks köln;D;Deutschland;05 Prüfstände;0
13998;Netzsch Pumpen & Systeme GmbH;netzsch waldkraiburg;D;Deutschland;07 Pumpen;0
13999;WELTEC BIOPOWER GmbH;weltec biopower gmbh;D;Deutschland;33 Ersatzteilhändler S/I;0
14000;HIW GmbH;hiw hamburg;D;Deutschland;30 Händler;0
14001;Cargo Management Projekts GmbH;cargo management hh;D;Deutschland;30 Händler;0
14002;CS CLEAN SOLUTIONS AG;cs clean;D;Deutschland;19 Medizintechnik;0
14003;Zweckverband Wasserversorgung Mittlere Vils;zwr;D;Deutschland;;0
14004;MAXIM Industrietechnik GmbH;maxim volxheim;D;Deutschland;30 Händler;0
14005;Gläser GmbH;gläser horb am neckar;D;Deutschland;12 Automatisierungstechnik;0
14006;Dockweiler AG;dockweiler ag;D;Deutschland;30 Händler;0
14007;BOMAG GmbH;bomag boppard;D;Deutschland;09 Mobilhydraulik;0
14008;Dinghan SMART Railway Technology GmbH;dinghan kassel;D;Deutschland;00 Bahn;1
14009;Konecranes Noell GmbH;konecranes würzburg;D;Deutschland;09 Mobilhydraulik;0
14010;Wasserstraßen- u. Schifffahrtsamt Nord-Ostsee-Kanal;wasserstraßen brünsbüttel;D;Deutschland;31 Ersatzteilhändler Schiffbau;0
14011;SWM Infrastruktur GmbH & Co. KG;swm münchen;D;Deutschland;;0
14012;Hochschule Zittau/Görlitz Institut für Prozeßtechnik,;hochschule zittau/görlitz;D;Deutschland;05 Prüfstände;0
14013;Löka GmbH;löka gmbh;D;Deutschland;40 Kleinbetriebe;0
14014;tt-transit-trading ImpEx GmbH;tt transit trading;D;Deutschland;33 Ersatzteilhändler S/I;0
14015;Martin Systems GmbH;martin systems sonneberg;D;Deutschland;;0
14016;Günter Apelt GmbH;apelt rosenfeld;D;Deutschland;;0
14017;Dürr Technik GmbH & Co. KG;dürrtechnik bietigheim-bissingen;D;Deutschland;08 Kompressoren;0
14018;TransnetBW GmbH;transnetBW GmbH stuttgart;D;Deutschland;04 Gasdichte (SF6);0
14019;Peter Linnek GmbH;linnek velbert;D;Deutschland;32 Ersatzteilhändler Industrie;0
14020;Ferdinand Stükerjürgen GmbH & Co.;stükerjürgen rietberg;D;Deutschland;25 Allgemeiner Anlagenbau;0
14021;Koller Formenbau GmbH Ein Unternehmen der Koller-Gruppe;koller dietfurt;D;Deutschland;35 Instandhaltung/Wartung;0
14022;Elektro-Center Martin Wagner;elektro-center fambach;D;Deutschland;30 Händler;0
14023;J.H.K. Anlagenbau und Industrieservice GmbH & Co. KG;jhk anlagenbau bremerhaven;D;Deutschland;25 Allgemeiner Anlagenbau;0
14024;Michael Peters I.S.C. Industrial Services & Consulting;michael peters isc;D;Deutschland;30 Händler;0
14025;miprotek GmbH Gesellschaft für Automatisierungs;miprotek buxtehude;D;Deutschland;32 Ersatzteilhändler Industrie;0
14026;MHS Nord Mobiler Hydraulik Service;mhs nord winsen;D;Deutschland;30 Händler;0
14027;VTS Verkehrstechnik Süd GmbH;vts pfarrkirchen;D;Deutschland;00 Bahn;1
14028;Lürssen Yacht Refit & Services GmbH & Co.KG;lürssen yacht refit bremen;D;Deutschland;30 Händler;0
14029;A . B . Technischer Handel Anastasia Bershadsky;a.b. technischer handel;D;Deutschland;30 Händler;0
14030;AVL Deutschland GmbH;avl deutschalnd münchen;D;Deutschland;05 Prüfstände;0
14031;CTS GmbH;cts hechingen;D;Deutschland;05 Prüfstände;0
14032;SBS Schnellfähre Brake - Sandsted GmbH & Co. KG;sbs brake;D;Deutschland;31 Ersatzteilhändler Schiffbau;0
14033;SprudelBlitz GmbH;sprudelblitz gmbh lehmkuchen;D;Deutschland;30 Händler;0
14034;Mulag Fahrzeugwerk Heinz Wössner;mulag oppenau;D;Deutschland;09 Mobilhydraulik;0
14035;Hochschule RheinMain Georg Derscheid;Hochschule RheinMain;D;Deutschland;;0
14036;AVL Deutschland GmbH;avl bietigheim;D;Deutschland;05 Prüfstände;0
14037;BAVTECH GmbH;bavtech gmbh;D;Deutschland;30 Händler;0
14038;Kälte- und Klimatechnik Uwe Lübben GmbH & Co. KG;lübben klimatechnick zetel;D;Deutschland;06 Klimatechnik;0
14039;J. RICHTER Engineering GmbH & Co.;richter ratingen;D;Deutschland;32 Ersatzteilhändler Industrie;0
14040;Rollsberg GmbH;rollsberg hamburg;D;Deutschland;30 Händler;0
14041;Technische Universität Chemnitz;tech. uni chemnitz;D;Deutschland;05 Prüfstände;0
14042;TenneT TSO GmbH;tennet lehrte;D;Deutschland;04 Gasdichte (SF6);0
14043;Kärcher Municipal GmbH;kärcher;D;Deutschland;09 Mobilhydraulik;0
14044;AW Logistics GmbH;aw logistics gmbh lübeck;D;Deutschland;33 Ersatzteilhändler S/I;0
14045;"Scandlines Deutschland GmbH M/F ""Berlin""";scandlines hamburg;D;Deutschland;34 Reederei;0
14046;technotrans SE;technotrans sassenberg;D;Deutschland;25 Allgemeiner Anlagenbau;0
14047;HERMA GmbH;herma filderstadt;D;Deutschland;;0
14048;Kloska Rostock GmbH;kloska rostock;D;Deutschland;33 Ersatzteilhändler S/I;0
14049;LONEKING GmbH;loneking düsseldorf;D;Deutschland;30 Händler;0
14050;TU München Lehrstuhl für Flugantriebe;tu münchen;D;Deutschland;40 Kleinbetriebe;0
14051;Landespolizeiamt Dez. 42 - Bootswesen;landespolizeiamt kiel;D;Deutschland;;0
14052;YATDIM GmbH;yatdim;D;Deutschland;33 Ersatzteilhändler S/I;0
14053;Howden Turbowerke GmbH Howden EMENA Region;howden turbowerke coswig;D;Deutschland;03 Schiffbau (Systeme);0
14054;WeKauf GmbH;wekauf mettmann;D;Deutschland;33 Ersatzteilhändler S/I;0
14055;Kloska Technical Marine Sales GmbH;kloska;D;Deutschland;30 Händler;0
14056;MCS GmbH;mcs gmbh kevelaer;D;Deutschland;33 Ersatzteilhändler S/I;0
14057;Gebr. Vinkelau GmbH Massivholzmödel & CNC-Bearbeitung;vinkelau legden;D;Deutschland;40 Kleinbetriebe;0
14058;HEGECO TRADING GmbH;hegeco gmbh;D;Deutschland;33 Ersatzteilhändler S/I;0
14059;NOMA-Getriebe GmbH;noma windhagen;D;Deutschland;11 Getriebe;0
14060;Liebherr Ettlingen GmbH;liebherr ettlingen;D;Deutschland;05 Prüfstände;0
14061;Kern Heizung und Sanitär;kern eisingen;D;Deutschland;35 Instandhaltung/Wartung;0
14062;Ingenieurbüro Zammit GmbH;zamment salzgitter;D;Deutschland;40 Kleinbetriebe;0
14063;Hammberger Flooring GmbH & Co. KG;hamberger rosenheim;D;Deutschland;25 Allgemeiner Anlagenbau;0
14064;HF TireTech Group Harburger-Freudenberger;hf hamburg;D;Deutschland;25 Allgemeiner Anlagenbau;0
14065;Bundespolizeiinspektion See Cuxhaven;bundespolizei cuxhaven;D;Deutschland;35 Instandhaltung/Wartung;0
14066;GEORG HUBER Inh. Josef Rappel GmbH & Co. KG;huber wackersdorf;D;Deutschland;35 Instandhaltung/Wartung;0
14067;Hennecke GmbH;hennecke;D;Deutschland;25 Allgemeiner Anlagenbau;0
14068;PTEC Ptressure Technology GmbH;ptec burscheid;D;Deutschland;16 Wasseranwendungen;0
14069;OFRU Reycling GmbH & Co. KG;ofru alzenau;D;Deutschland;25 Allgemeiner Anlagenbau;0
14070;DOHRN Trading GmbH Resins and DTECH SPARE PARTS;dohrn reinbek;D;Deutschland;33 Ersatzteilhändler S/I;0
14071;Sirail GmbH;sirail hennigsdorf;D;Deutschland;00 Bahn;1
14072;Likusta Umwelttechnik GmbH;likusta;D;Deutschland;22 Filtertechnik;0
14073;airinotec GmbH;airinotec bayreuth;D;Deutschland;06 Klimatechnik;0
14074;Messer Cutting Systems GmbH;messer cutting groß-umstadt;D;Deutschland;52 Wasserstoffanwendungen;0
14075;esa Elektroschaltanlagen GmbH;esabraunschweig;D;Deutschland;25 Allgemeiner Anlagenbau;0
14076;Schaeffler Friction Products GmbH;schaeffler morbach;D;Deutschland;52 Wasserstoffanwendungen;0
14077;Miener GmbH;miener osteel;D;Deutschland;33 Ersatzteilhändler S/I;0
14078;Spanner RE² Holz-Kraft;spanner holz;D;Deutschland;26 Erneuerbare Energien;0
14079;Nordmark Pharma GmbH;nordmark uetersen;D;Deutschland;32 Ersatzteilhändler Industrie;0
14080;Georg Fischer GmbH;fischer albershausen;D;Deutschland;06 Klimatechnik;0
14081;Blum-Novotest GmbH Bereich Prüftechnik;blumnovotest willich;D;Deutschland;05 Prüfstände;0
14082;Reflex Winkelmann GmbH;reflex ahlen;D;Deutschland;12 Automatisierungstechnik;0
14083;NAT Neuberger Anlagern-Technik AG;nat dingolfing;D;Deutschland;25 Allgemeiner Anlagenbau;0
14084;HK HYDRAULIK-KONTOR GmbH;hk hydrau elmshorn;D;Deutschland;10 Hydraulik;0
14085;Stadtwerke Lindau (B) GmbH & Co.KG;stadtwerke lindau;D;Deutschland;40 Kleinbetriebe;0
14086;MAJA Industriebedarf;maja industriebedarf remscheid;D;Deutschland;32 Ersatzteilhändler Industrie;0
14087;Prognost Systems GmbH;prognost rheine;D;Deutschland;40 Kleinbetriebe;0
14088;Argo-Anleg GmbH;argo-anleg wesel;D;Deutschland;52 Wasserstoffanwendungen;0
14089;BGH Edelstahl Freital GmbH;bgh freital;D;Deutschland;;0
14090;Pollmann Chemnitz GmbH & Co. KG Chemnitzer Verkehrsbau GmbH;pollmann chemnitz;D;Deutschland;35 Instandhaltung/Wartung;0
14091;Autohaus Bönningstedt bOHG;autohaus bönningstedt untersen;D;Deutschland;40 Kleinbetriebe;0
14092;Poppe + Potthoff GmbH;poppe + potthoff werther;D;Deutschland;16 Wasseranwendungen;0
14093;AZO GmbH + Co. KG;azo osterburken;D;Deutschland;;0
14094;Im & Export OSTHOFF Inhaber Klaus-Peter OSTHOFF;osthoff gütersloh;D;Deutschland;32 Ersatzteilhändler Industrie;0
14095;HOF Sonderanlagenbau GmbH;hof lohra;D;Deutschland;25 Allgemeiner Anlagenbau;0
14096;Omico International GmbH;omico gmbh kaarst;D;Deutschland;33 Ersatzteilhändler S/I;0
14097;Henkel AG & Co. KGaA;henkel ag;D;Deutschland;33 Ersatzteilhändler S/I;0
14098;Petrometallon GmbH;petrometallon gmbh;D;Deutschland;33 Ersatzteilhändler S/I;0
14099;SYSKO AG;sysko ravensburg;D;Deutschland;05 Prüfstände;0
14100;PARTS EXPERTS GMBH;parts experts gmbh;D;Deutschland;33 Ersatzteilhändler S/I;0
14101;Technische Universität Dortmund Fakultät Achitektur u Bauingenier;tu dortmund;D;Deutschland;;0
14102;G. Haag e.K. Werkzeuge-Maschinen;haag werkzeuge maschinen;D;Deutschland;32 Ersatzteilhändler Industrie;0
14103;TSW Consulting Saug- und Spültechnik;tsw consulting wittstock;D;Deutschland;40 Kleinbetriebe;0
14104;VIYA GMBH;viya gmbh ransbach;D;Deutschland;32 Ersatzteilhändler Industrie;0
14105;elba elektronischer Großhandel;elba  bitburg;D;Deutschland;30 Händler;0
14106;ABS Industriebedarf;abs bochum;D;Deutschland;30 Händler;0
14107;Harpaingas GmbH & Co. KG.;harpaingas hamburg;D;Deutschland;31 Ersatzteilhändler Schiffbau;0
14108;Strassentest e.K;strassentest aschafenburg;D;Deutschland;;0
14110;Sono Motors GmbH;sono motors münchen;D;Deutschland;05 Prüfstände;0
14111;Stuttgarter Werkstätten der Lebenshilfe GmbH;lebenshilfe stuttgart;D;Deutschland;40 Kleinbetriebe;0
14112;MRO Solutions GmbH;mro solutions gmbh;D;Deutschland;;0
14113;Dow Olefinverbund GmbH Werk Schkopau;dow olefinverbund schkopau;D;Deutschland;15 EX-Anwendungen;0
14114;ABC Technik GmbH;abc technik berlin;D;Deutschland;33 Ersatzteilhändler S/I;0
14115;FKFS Forschungsinstitut für Kraftfahr-;fkfs stuttgart;D;Deutschland;05 Prüfstände;0
14116;EluTec OHG;elutec ohg;D;Deutschland;33 Ersatzteilhändler S/I;0
14117;Freudenberg e-Power Systems GmbH;freudenberg münchen;D;Deutschland;52 Wasserstoffanwendungen;0
14118;Peters Indu-Produkt GmbH;petres wesel;D;Deutschland;09 Mobilhydraulik;0
14119;Willerin GmbH;willerin gmbh saarbrücken;D;Deutschland;15 EX-Anwendungen;0
14120;Herzog Hydraulik GmbH;herzog ennepetal;D;Deutschland;10 Hydraulik;0
14121;KION Group AG;KION;D;Deutschland;;0
14122;von Schaewen AG Stahlhandel und Stahlbearbeitung;von schaewen essen;D;Deutschland;;0
14123;Haitian International Germany Gmb;Haitian;D;Deutschland;;0
14124;JoLoTex GmbH;jolotex berlin;D;Deutschland;30 Händler;0
14125;HPKJ moving power GmbH;hpkj stade;D;Deutschland;30 Händler;0
14126;mts Microtunneling Systems GmbH;mts microtunneling;D;Deutschland;10 Hydraulik;0
14127;HYDROGENIOUS LOHC TECHNOLOGIES GmbH;hydrogenious erlangen;D;Deutschland;52 Wasserstoffanwendungen;0
14128;FTI Engineering Network GmbH;fti wildau;D;Deutschland;;0
14129;L+L High-Tech GmbH;l+l hight tech gmbh;D;Deutschland;33 Ersatzteilhändler S/I;0
14130;Siemens Healthcare GmbH;Siemens Healthcare;D;Deutschland;;0
14131;SCHILKE-HYDRAULIK;schilke hydraulik;D;Deutschland;30 Händler;0
14132;EK-PLAST Kunststofftechnik;ek plast kunststofftechnik;D;Deutschland;;0
14133;Hofner Trading e.k.(HTeK);hofner trading münchen;D;Deutschland;30 Händler;0
14134;ROSEN Technology und Research Center;rosen lingen;D;Deutschland;52 Wasserstoffanwendungen;0
14135;Export/Import Leonov;leonov;D;Deutschland;33 Ersatzteilhändler S/I;0
14136;Elektrogroßhandel TURNA;turna helmstedt;D;Deutschland;30 Händler;0
14137;Schmidt Kommunalfahrzeuge GmbH;schmidt brahmenau;D;Deutschland;09 Mobilhydraulik;0
14138;LKElektrotechnik;lk elektrotechnik;D;Deutschland;;0
14139;Becker-Jostes GmbH & Co, KG;becker-jostes sundern;D;Deutschland;30 Händler;0
14140;WATZ HYDRAULIK SERVICE GmbH;watz hydraulik neuss;D;Deutschland;10 Hydraulik;0
14141;Fraunhofer Institut für Integrierte Systeme und;fraunhofer erlangen;D;Deutschland;52 Wasserstoffanwendungen;0
14142;Hermann GmbH;herrmann Kirchberg;D;Deutschland;30 Händler;0
14143;Rolf Weber Gruppe Rolf Weber KG;weber schauenstein;D;Deutschland;30 Händler;0
14144;Henry GmbH;henry gmjbh neuss;D;Deutschland;33 Ersatzteilhändler S/I;0
14145;ALLSET Industries GmbH;allset stuttgart;D;Deutschland;30 Händler;0
14146;HTM Automotive GmbH;htm badeb-badeb;D;Deutschland;05 Prüfstände;0
14147;GERUS Apparatebau GmbH & Co.KG;gerus  friedberg;D;Deutschland;05 Prüfstände;0
14148;Motoren Henze;motoren henze;D;Deutschland;01 Motoren;0
14150;Simpex Engineering GmbH;simpex solingen;D;Deutschland;30 Händler;0
14151;MacGregor Pte. Ltd. Global Lifecycle Support;macgregor singapore;SGP;Singapur;31 Ersatzteilhändler Schiffbau;0
14152;Siemens Energy Global GmbH & Co. KG;siemens berlin;D;Deutschland;;0
14153;Premium Supply GmbH;premium supply münchen;D;Deutschland;32 Ersatzteilhändler Industrie;0
14154;AKG Verwaltungsgesellschaft mbh;akg verwaltungsgesellschaft mbh;D;Deutschland;05 Prüfstände;0
14155;Tribotool GmbH;tribotool ahrensburg;D;Deutschland;;0
14156;Blackstone Spare Parts & Engineering GmbH;blackstone spare bremen;D;Deutschland;;0
14157;Bioenergie Winterbach GbR;bioenergie horgenzell;D;Deutschland;26 Erneuerbare Energien;0
14158;Coroplast Fritz Müller GmbH & Co.;coroplast wuppertal;D;Deutschland;;0
14159;G&J Automation UG;g&j Automation glinde;D;Deutschland;;0
14161;Food Machinery Pfränger GmbH & Co.KG;pfränger gmbh ebelsbach;D;Deutschland;;0
14162;SIB GmbH Indústrie und Baubedarf;sib rosenheim;D;Deutschland;30 Händler;0
14163;NVL B.V. & Co. KG;nvl b.v. & lemwerder;D;Deutschland;31 Ersatzteilhändler Schiffbau;0
14164;GP Supplier e.K;gp dortmund;D;Deutschland;30 Händler;0
14165;GERMAN NAVAL YARDS KIEL GmbH;german naval yards kiel;D;Deutschland;02 Schiffbau (Werft);0
14166;Vogelsang + ABE Anlageservice GmbH;vogelsang seevetal;D;Deutschland;30 Händler;0
14167;Arthur Friedrichs Industriebedarf GmbH;friedrichs bremerhaven;D;Deutschland;30 Händler;0
14168;Hy-Lok D Vertriebs GmbH;Hy-Lok oyten;D;Deutschland;12 Automatisierungstechnik;0
14169;Aerotec International Trading Gmb;aerotec bingen;D;Deutschland;30 Händler;0
14170;KW Energie GmbH & Co. KG;kw energie frystadt;D;Deutschland;26 Erneuerbare Energien;0
14171;Kraftwerk Farchant a.Poettinger & Co.KG;poettinger farchant;D;Deutschland;26 Erneuerbare Energien;0
14172;VS IINDUSTRIE GMBH;vs berlin;D;Deutschland;30 Händler;0
14173;Lange GmbH & Co. KG Elektrofachgroßhandel;lange gmbh solingen;D;Deutschland;33 Ersatzteilhändler S/I;0
14174;Helmholtz-Zetrum Hereon Institute of Hydrogen Technology;helmholtz hereon;D;Deutschland;52 Wasserstoffanwendungen;0
14175;TECHNOLOG services GmbH;TECHNOLOG services hamburg;D;Deutschland;30 Händler;0
14176;Ringoplast Leubsdorf GmbH;ringoplast leubsdorf;D;Deutschland;40 Kleinbetriebe;0
14177;Bimpex GmbH;bimpex bremen;D;Deutschland;33 Ersatzteilhändler S/I;0
14178;Perschmann Calibration GmbH;perschmann braunschweig;D;Deutschland;00 Bahn;1
14179;Airbus Aerostructures GmbH;airbus nordenham;D;Deutschland;13 Flugzeugbau;0
14180;SAYA GmbH;saya offenbach;D;Deutschland;32 Ersatzteilhändler Industrie;0
14181;Kelvion Machine Cooling Systems GmbH;kelvion;D;Deutschland;;0
14182;Eckert & Graf GmbH Elektrogroßhandel;eckert-graf rielasingen;D;Deutschland;30 Händler;0
14183;Reverion GmbH;Reverion;D;Deutschland;;0
14184;Storengy Deutschalnd Betrieb GmbH;storengy deutschland harsefeld;D;Deutschland;15 EX-Anwendungen;0
14185;CS-Beschaffungsservice;cs-beschaffungsservice fellbach;D;Deutschland;30 Händler;0
14186;Edi Industrie Handel GmbH;edi günzburg;D;Deutschland;30 Händler;0
14187;MARIWAY GmbH;mariway hamburg;D;Deutschland;31 Ersatzteilhändler Schiffbau;0
14188;Albert & Hummel GmbH;albert;D;Deutschland;12 Automatisierungstechnik;0
14189;Greeniung GmbH & Co. KG;greening leutenbach;D;Deutschland;52 Wasserstoffanwendungen;0
14190;Prefab UG;prefab ug bad zwischenahn;D;Deutschland;30 Händler;0
14191;B.Strautmann & Söhne GmbH & Co.;strautmann bad;D;Deutschland;27 Baumaschinen;0
14192;MK Präzision;mk präzision;D;Deutschland;;0
14193;dii GmbH;dii frechen;D;Deutschland;30 Händler;0
14194;Deutsche Edelstahlwerke Specialty;deutsche Edelstahlwerke witten;D;Deutschland;;0
14195;Uhle Industrieservice OHG;uhle herdecke;D;Deutschland;32 Ersatzteilhändler Industrie;0
14196;Technische Universität Berlin Institut für Land- und Seeverkehr;tu berlin;D;Deutschland;03 Schiffbau (Systeme);0
14197;Busch Produktions GmbH;busch maulburg;D;Deutschland;07 Pumpen;0
14198;DDT GmbH;ddt marienfeld;D;Deutschland;30 Händler;0
14199;Foth-Installationen Inh. M. Pampus e.K.;foth installationen eilenburg;D;Deutschland;;0
14200;Universität Rostock Fakultät für Machinenbau und;uni rostock;D;Deutschland;;0
14201;KS Engineers Deutschland GmbH;ks engineers kernen;D;Deutschland;32 Ersatzteilhändler Industrie;0
14202;Fa. Reibert energie GmbH Walter Reibert;reibert biedenkopf;D;Deutschland;32 Ersatzteilhändler Industrie;0
14203;GDG Gerätebau GmbH;gdg gerätebau sasbach;D;Deutschland;05 Prüfstände;0
14204;Hyosphere S.r.l.;hyosphere;D;Deutschland;;0
14205;KLE Systeme GmbH;kle systeme gmbh erftstadt;D;Deutschland;30 Händler;0
14206;STABILO International GmbH;stabilo weissenburg;D;Deutschland;;0
14207;MAT Commercial Vehicle Products;mat marienheide;D;Deutschland;10 Hydraulik;0
14208;Werkstatt-Service Larssen GmbH & Co. KG;larssen nordwalde;D;Deutschland;40 Kleinbetriebe;0
14209;Königslog e.K.;königslog hannover;D;Deutschland;;0
14210;Günter Weller GmbH Elektrofachgroßhandel;weller koblenz;D;Deutschland;30 Händler;0
14211;DEHOUST GmbH;dehoust leimen;D;Deutschland;16 Wasseranwendungen;0
14212;Technische Universtität München Zentrum Geotechnik;tu münchen;D;Deutschland;;0
14213;Schubert & Salzer Feinguß Lobenstein GmbH;schubert & salzer lobenstein;D;Deutschland;;0
14214;KOVAR Water Treatment GmbH & Co. KG;kovar bad oldesloe;D;Deutschland;16 Wasseranwendungen;0
14215;EURO Maschinen und Geräte;euro maschinen paderborn;D;Deutschland;32 Ersatzteilhändler Industrie;0
14216;DK ARBEIT;dk arbeit;D;Deutschland;30 Händler;0
14217;Carrier Klimatechnik GmbH;carrier klimatechnik ismaning;D;Deutschland;06 Klimatechnik;0
14218;Erkrather Quellen GmbH & Co. KG;erkrather quellen;D;Deutschland;40 Kleinbetriebe;0
14219;LOTHAR WALTHER Feinwerkzeugbau GmbH;walther königsbronn;D;Deutschland;40 Kleinbetriebe;0
14220;Hirschbrauerei Schlling KG;hirschbrauerei römerstein;D;Deutschland;;0
14221;L+K Anlagentechnik GmbH;l+r anlagetechnik gmbh;D;Deutschland;25 Allgemeiner Anlagenbau;0
14222;Uniper Kraftwerke GmbH;uniper düseldorf;D;Deutschland;;0
14223;ISL-Chemie GmbH & Co. KG;isl kürten;D;Deutschland;;0
14224;Wesavi;wesavi;D;Deutschland;www.wesavi-nienburg.de;0
14225;DEKA Controls GmbH;deka;D;Deutschland;;0
14226;RWE Generation SE Hydro & Stoeage;rwe generation herdecke;D;Deutschland;;0
14227;Weiss Technik GmbH;weiss;D;Deutschland;;0
14228;SEASERVE Hamburg e.K.;seaserve;D;Deutschland;33 Ersatzteilhändler S/I;0
14229;Extrude Hone GmbH;extrude holzgünz;D;Deutschland;;0
14230;ZUKUNFT ELEKTRO GmbH;zukunft dresden;D;Deutschland;30 Händler;0
14231;Karl Kiel GmbH Export - Import;kiel bremen;D;Deutschland;30 Händler;0
14232;Universität der Bundeswehr München;uni bundeswehr münchen;D;Deutschland;;0
14233;Physiotherapie Behle;behle stuttgart weilimdorf;D;Deutschland;40 Kleinbetriebe;0
14234;Daimler Truck;daimler truck leinfelden-echterdi;D;Deutschland;;0
14235;Granmak Export-Import GmbH;granmak oberhausen;D;Deutschland;30 Händler;0
14236;Karg GmbH Kälte & Klimatechnik;karg wannweil;D;Deutschland;06 Klimatechnik;0
14237;Vitesco Technologies GmbH;vitesco;D;Deutschland;05 Prüfstände;0
14238;Schwäbische Härtetechnik Ulm GmbH & Co.KG;schwäbische härtetechnik ulm;D;Deutschland;;0
14239;Reinke & Zimpel GmbH Heizungs- und Sanitär-Meisterbetr;reinke zimpel hanau;D;Deutschland;40 Kleinbetriebe;0
14240;Lubron Wasseraufbereitung GmbH;lubron freiberg a. n.;D;Deutschland;16 Wasseranwendungen;0
14241;DEOU Industrial Technology GmbH;deou berlin;D;Deutschland;30 Händler;0
14242;Trefz GmbH;trefz schwieberdingen;D;Deutschland;30 Händler;0
14243;EC Labs GmbH;ec labs weilheim a,d, teck;D;Deutschland;;0
14244;HEPROTEX Maschinen GmbH;heprotex;D;Deutschland;30 Händler;0
14245;Kaiser Automation GmbH;kaiser braunschweig;D;Deutschland;32 Ersatzteilhändler Industrie;0
14246;Pro Trockeneis GmbH;pro trockeneis;D;Deutschland;30 Händler;0
14247;HPE hydro project engineering in Dresden GmbH;hpe dohna;D;Deutschland;16 Wasseranwendungen;0
14248;ISN GmbH;isn usingen;D;Deutschland;32 Ersatzteilhändler Industrie;0
14249;Element Metech GmbH;elementmetech hamburg norderstedt;D;Deutschland;;0
14250;maresystems GmbH & Co. KG;maresystems kiel;D;Deutschland;31 Ersatzteilhändler Schiffbau;0
14251;Möhring Marine Service GmbH;möhring marine service gmbh;D;Deutschland;31 Ersatzteilhändler Schiffbau;0
14252;D&D Trading GmbH;d&d trading remscheid;D;Deutschland;30 Händler;0
14253;Pfanzelt Maschinenbau GmbH;pfanzelt;D;Deutschland;;0
14254;BARTEC Benke GmbH;bartec;D;Deutschland;15 EX-Anwendungen;0
14255;J.W. Zander GmbH & Co. KG;zander essen;D;Deutschland;40 Kleinbetriebe;0
14256;JENTZSCH KÄLTESERVICE;jentzsch kältetechnik Nossen;D;Deutschland;;0
14257;SIM IMPEX GmbH;sim impex berlin;D;Deutschland;00 Bahn;1
14258;G&H Kunststofftechnik GmbH & Co. KG;g&h sprockhövel;D;Deutschland;32 Ersatzteilhändler Industrie;0
14259;Moehwald GmbH;moehwald;D;Deutschland;16 Wasseranwendungen;0
14260;Lazy Dog Lang & Weist GbR;lazy dog leizig;D;Deutschland;30 Händler;0
14261;Novopress GmbH Pressen und Presswerkzeuge Co. KG;novopress neuss;D;Deutschland;10 Hydraulik;0
14262;Qualitas Engineering Oil & Marine Services GmbH;qualitas engineering düsseldorf;D;Deutschland;30 Händler;0
14263;ROM-Vorbeck;rom vorbeck;D;Deutschland;33 Ersatzteilhändler S/I;0
14264;HEYPFA Umwelthydrauilk;heypfa neuss;D;Deutschland;10 Hydraulik;0
14265;regineering GmbH;regineering;D;Deutschland;20 Energietechnik;0
14266;Hei-Göt;hei-göt schlüchtern;D;Deutschland;30 Händler;0
14267;MH-PARTS GmbH & Co. KG;mh parts carlow;D;Deutschland;32 Ersatzteilhändler Industrie;0
14268;Dyckerhoff Transportbeton Schmalkalden GmbH & Co. KG;dyckerhoff meiningen;D;Deutschland;35 Instandhaltung/Wartung;0
14269;STAR Kälte Service GmbH;star kälte bruchköbel;D;Deutschland;40 Kleinbetriebe;0
14270;Heidrich GmbH Elektrogroßhandel;heidrich essen;D;Deutschland;30 Händler;0
14271;ANDREAS MAIER GmbH & Co. KG AMF;amf fellbach;D;Deutschland;19 Medizintechnik;0
14272;First Solar Manufacturing GmbH;first solar frankfurt (oder);D;Deutschland;06 Klimatechnik;0
14273;"FFS ""Walther Herwig III BLE/Thünen Institut";FFS Bremerhaven;D;Deutschland;02 Schiffbau (Werft);0
14274;Tiench Tech GmbH;tiench tech gmbh;D;Deutschland;32 Ersatzteilhändler Industrie;0
14275;Stadtwerke Bad Salzuflen GmbH;stadtwerke bad salzuflen;D;Deutschland;35 Instandhaltung/Wartung;0
14276;Schmidbauer Transformatoren und Gerätebau GmbH;schmidbauer hebertsfelden;D;Deutschland;12 Automatisierungstechnik;0
14277;HKR Elektrotechnischer Gertebau GmbH;hkr st.johann/upfingen;D;Deutschland;12 Automatisierungstechnik;0
14278;"HIL Heeresinstandsetzungslogistik GmbH; Niederlassung Nord";hil munster;D;Deutschland;35 Instandhaltung/Wartung;0
14279;Stadt Langenhagen Eigenbetrieb Stadtentwässerung;langenhagen;D;Deutschland;32 Ersatzteilhändler Industrie;0
14280;WS Fahrzeugbau GmbH;ws fahrzeugbau ilsfeld;D;Deutschland;40 Kleinbetriebe;0
14281;DLT-INDUSTRIES GmbH;dlt industries remscheid;D;Deutschland;32 Ersatzteilhändler Industrie;0
14282;RC Hydraulik-und Industrieservice GmbH;rc hydraulik syke;D;Deutschland;10 Hydraulik;0
14283;Industrieanlagen Hofmann;hofmann burgtonna;D;Deutschland;25 Allgemeiner Anlagenbau;0
14284;ITI -  TRADE UG;iti berlin;D;Deutschland;33 Ersatzteilhändler S/I;0
14285;Rodenstock GmbH;rodenstock regen;D;Deutschland;33 Ersatzteilhändler S/I;0
14286;OUR GREENERY GmbH im TGZ WILDAU;our greenery wildau;D;Deutschland;30 Händler;0
14287;Powertrain Service GmbH;powertrain;D;Deutschland;33 Ersatzteilhändler S/I;0
14288;ETL Schlegel GmbH Elektrofachgroßhandel;etl schlegl bonn;D;Deutschland;32 Ersatzteilhändler Industrie;0
14289;Pro-Chem-Analytik GmbH & Co. KG;pro-Chem-Analytik GmbH & Co. KG;D;Deutschland;05 Prüfstände;0
14290;BHT Electric Control Mechanic GmbH & Co. KG;bht köln;D;Deutschland;32 Ersatzteilhändler Industrie;0
14291;Weiße Flotte GmbH;weiße flotte gmbh;D;Deutschland;03 Schiffbau (Systeme);0
14292;Max-Planck-Institut für Kernphysik;mpi heidelberg;D;Deutschland;40 Kleinbetriebe;0
14293;Herbert Zschommler Elektroinstallateurmeister;zschommler hamburg;D;Deutschland;31 Ersatzteilhändler Schiffbau;0
14294;Tridelta Thermprozess GmbH;tridelta hermsdorf;D;Deutschland;25 Allgemeiner Anlagenbau;0
14295;GTW Dr. Gebert Technologie und;gtw schweinfurt;D;Deutschland;12 Automatisierungstechnik;0
14296;MCS Medical Consulting&Solutions;mcs wurmlingen;D;Deutschland;32 Ersatzteilhändler Industrie;0
14297;LSPTC GmbH;lsptc frankfurt;D;Deutschland;32 Ersatzteilhändler Industrie;0
14298;SAAR GLOBAL GmbH;saar obererding;D;Deutschland;32 Ersatzteilhändler Industrie;0
14299;thyssenkrupp Rasselstein GmbH;thyssenkrupp rasselstein anderna;D;Deutschland;30 Händler;0
14300;Randt Elektromaschienenbau GmbH & Co.KG;randt stade;D;Deutschland;30 Händler;0
14301;Swagelok Düsseldorf B.E.S.T. Fluidsysteme GmbH;swagelok büsseldorf neuss;D;Deutschland;16 Wasseranwendungen;0
14302;50Hertz Transmission GmbH;50hertz berlin;D;Deutschland;04 Gasdichte (SF6);0
14303;HBT GmbH;hbt lünen;D;Deutschland;09 Mobilhydraulik;0
14304;SCHARR TEC GmbH & Co. KG;scharr tec;D;Deutschland;33 Ersatzteilhändler S/I;0
14305;Cryomotive GmbH;Cryomotive;D;Deutschland;52 Wasserstoffanwendungen;0
14306;MOTEX Teile GmbH;motex winsen;D;Deutschland;33 Ersatzteilhändler S/I;0
14307;Kraemer Baumaschinen GmbH & Co.KG;kraemer rheda;D;Deutschland;01 Motoren;0
14308;Bilfinger Engineering & Technologies GmbH;bilfinger;D;Deutschland;25 Allgemeiner Anlagenbau;0
14309;GPI berlin GmbH;gpi berlin;D;Deutschland;30 Händler;0
14310;Rubix GmbH;rubix karlsruhe;D;Deutschland;30 Händler;0
14311;Koepfer Gear GmbH;koepfer ludwigsburg;D;Deutschland;11 Getriebe;0
14312;RED Im port / Export GmbH;red berlin;D;Deutschland;30 Händler;0
14313;ICM Institut Chemnitzer Maschinen-;icm chemnitz;D;Deutschland;25 Allgemeiner Anlagenbau;0
14314;Yachtelektronik Kruse GmbH Zweigniederlassung Barth;kruse yachtelektronik;D;Deutschland;35 Instandhaltung/Wartung;0
14316;Tölzer Kälte- Klimatechnik GmbH;tölzer kälte- klimatechnik bad tö;D;Deutschland;06 Klimatechnik;0
14317;S.S.P. Stainless Steel Processing;ssp stainless bobingen;D;Deutschland;33 Ersatzteilhändler S/I;0
14318;X2E System Engineering GmbH;X2E System Engineering GmbH;D;Deutschland;52 Wasserstoffanwendungen;0
14319;AWG Innovative Wasser- und Abwassertechnik GmbH;awg innovatives wasser u abwasser;D;Deutschland;16 Wasseranwendungen;0
14320;IoT-Plan GmbH;iot-plan dresden;D;Deutschland;04 Gasdichte (SF6);0
14321;HST Systemtechnik GmbH & Co. KG;hst systemtech. meschede;D;Deutschland;16 Wasseranwendungen;0
14322;LSF Energy GmbH & Co. KG;lsf lippspringe;D;Deutschland;40 Kleinbetriebe;0
14323;RAiTec Anlagenbau GmbH Services & Solutions;raitec anlagenbau neuss;D;Deutschland;52 Wasserstoffanwendungen;0
14324;IDA Kontakt GmbH;ida kontakt eschborn;D;Deutschland;32 Ersatzteilhändler Industrie;0
14325;satek gmbh;satek salach;D;Deutschland;00 Bahn;1
14326;SÜDLEDER GmbH & Co. KG Wetblue- und Crustfabrikation;südleder rehau;D;Deutschland;25 Allgemeiner Anlagenbau;0
14327;VN-Pumpen GmbH & Co KG;vn pumpen bremen;D;Deutschland;16 Wasseranwendungen;0
14328;KLASING Kabel GmbH Technischer Einkauf;klasing kabel denkendorf;D;Deutschland;40 Kleinbetriebe;0
14329;HEXAGON Purus;hexagon purus kassel;D;Deutschland;52 Wasserstoffanwendungen;0
14330;Technische Hochschule Nürnberg Georg Simon Ohm;technische hochschule nürnberg;D;Deutschland;05 Prüfstände;0
14331;Neruda Industrietechnik GmbH;neruda frickenhausen;D;Deutschland;40 Kleinbetriebe;0
14332;Bomar Shipmanagement GmbH & Co. KG;bomar hamburg;D;Deutschland;31 Ersatzteilhändler Schiffbau;0
14333;SUN-WA Technos (Europe) GMBH EU Headquarters;sun-wa frankfurt am maim;D;Deutschland;30 Händler;0
14334;Alstom Transportation Germany GmbH;alstom kassel;D;Deutschland;32 Ersatzteilhändler Industrie;0
14335;Hydraulik Service Wendel Mot in G;hydraulik wendel;D;Deutschland;10 Hydraulik;0
14336;Buddenkotte Apparatebau GmbH & Co. KG;buddenkotte velen;D;Deutschland;40 Kleinbetriebe;0
14337;MEYER RE GmbH Industriegebiet Sued;meyer re papenburg;D;Deutschland;31 Ersatzteilhändler Schiffbau;0
14338;LaserEcoClean GmbH &Co KG;laserecoclean frankfurt;D;Deutschland;32 Ersatzteilhändler Industrie;0
14339;EMCEL GmbH;EMCEL;D;Deutschland;30 Händler;0
14340;GLES Global GmbH;gles global brühl;D;Deutschland;30 Händler;0
14341;Rischmüller GmbH;rischmüller auetal;D;Deutschland;08 Kompressoren;0
14342;Euroglobal Parts GmbH;euroglobal ahrensburg;D;Deutschland;30 Händler;0
14343;Hauck Elektrotechnik;hauck elektzrotechnik eichenbühl;D;Deutschland;30 Händler;0
14344;Albers Engineering GmbH;albers clausthal;D;Deutschland;24 Zentralschmieranlagen;0
14345;Hemscheidt Fahrtechnik GmbH & Co. KG;hemscheidt haan-gruiten;D;Deutschland;10 Hydraulik;0
14346;iNOWATT GmbH;inowatt vlotho;D;Deutschland;08 Kompressoren;0
14347;Holtermann Regeltechnik GmbH;holtermsnn rietberg;D;Deutschland;12 Automatisierungstechnik;0
14348;TREPEL Airport Equipment GmbH;trepel tauberbischofsheim;D;Deutschland;09 Mobilhydraulik;0
14349;Hipper wiegen - dosieren - analysieren e;hipper bad saulgau;D;Deutschland;30 Händler;0
14350;ETO MAGNETIC GmbH;ETO MAGNETIC GmbH;D;Deutschland;52 Wasserstoffanwendungen;0
14351;LABCO BTC GmbH;labco loxstedt-stotel;D;Deutschland;05 Prüfstände;0
14352;Festo SE & Co. KG;festo;D;Deutschland;12 Automatisierungstechnik;0
14353;Smart Railway;smart kassel;D;Deutschland;00 Bahn;1
14354;Elektro Thurm;thurm dresden;D;Deutschland;32 Ersatzteilhändler Industrie;0
14355;Kratschmayer Kälte-Klima-Lüftung GmbH;kratschmayer eschweiler;D;Deutschland;06 Klimatechnik;0
14356;aquatec-Reuter;aquatec-reuter oschatz;D;Deutschland;16 Wasseranwendungen;0
14357;Kaspar Röckelein KG Baustoffwerke;kaspar röcklein wachenroth;D;Deutschland;27 Baumaschinen;0
14358;CLAAS Industrietechnik GmbH Testing Center;claas paderborn;D;Deutschland;27 Baumaschinen;0
14359;Utz Paletten GmbH & Co. KG;utz paletten lauchheim;D;Deutschland;40 Kleinbetriebe;0
14360;FG Polytechnical Trading GmbH;fg polytechnical winsen;D;Deutschland;33 Ersatzteilhändler S/I;0
14361;SFC Energy AG;sfc brunnthal nord;D;Deutschland;52 Wasserstoffanwendungen;0
14362;BITHERMA Franz Wagner & Sohn GmbH;bitherma lemgo;D;Deutschland;30 Händler;0
14363;Austrotherm Dämstoffe GmbH;austrotherm wittenberge;D;Deutschland;06 Klimatechnik;0
14364;BEHRENDT GmbH Elektro - Grosshandel;behrendt cottbus;D;Deutschland;30 Händler;0
14365;TMH Technik- und Motorenservice Holm GmbH & Co.KG;tmh holm;D;Deutschland;33 Ersatzteilhändler S/I;0
14366;Wagner Rail GmbH;Wagner München;D;Deutschland;23 Brandschutz;0
14367;Germann Industry Parts;german industryparts lüdenscheid;D;Deutschland;32 Ersatzteilhändler Industrie;0
14368;TIVAL Sensors GmbH;tival wuppertal;D;Deutschland;30 Händler;0
14369;Koch E-Technik;koch e-technik sinzheim;D;Deutschland;04 Gasdichte (SF6);0
14370;MP-SENSOR GmbH;mp-sensoren;D;Deutschland;30 Händler;0
14371;ime Elektrotechnik GmbH;ime berlin;D;Deutschland;00 Bahn;1
14372;EBZ SE;ebz ravensburg;D;Deutschland;52 Wasserstoffanwendungen;0
14373;NORDISCO & CO OHG;nordisco;D;Deutschland;33 Ersatzteilhändler S/I;0
14374;Cemastir GmbH;cemastir lohne;D;Deutschland;25 Allgemeiner Anlagenbau;0
14375;FBS - Fähren Bremen-Stedingen GmbH;fähren bremen stedingen;D;Deutschland;31 Ersatzteilhändler Schiffbau;0
14376;Carl Werthenbach Konstruktionsteile GmbH & Co. KG;werthenbach bielef;D;Deutschland;10 Hydraulik;0
14377;Technischer Handel MROSE GmbH;mrose cottbus;D;Deutschland;00 Bahn;1
14378;Abele Ingenieure GmbH;abele augsburg;D;Deutschland;25 Allgemeiner Anlagenbau;0
14379;S.O.S Rentals GmbH;s.o.s  sundern;D;Deutschland;06 Klimatechnik;0
14380;Marinearsenal DO Rostock;marinearsenal rostock;D;Deutschland;02 Schiffbau (Werft);0
14381;Eisenbahnen und Verkehrsbetriebe Elbe-Weser GmbH (evb);eisenbahnen zeven;D;Deutschland;00 Bahn;1
14382;A. + E. Keller GmbH & Co. KG;a.+ e. keller arnsberg;D;Deutschland;25 Allgemeiner Anlagenbau;0
14383;Innomotics GmbH;innomotics gmbh;D;Deutschland;00 Bahn;1
14384;ela Industriegas GmbH;ela werlte;D;Deutschland;25 Allgemeiner Anlagenbau,;0
14385;Elma Schmidbauer GmbH;elma singen;D;Deutschland;40 Kleinbetriebe;0
14386;Northrail GmbH König Kontor;northrail hamburg;D;Deutschland;00 Bahn;1
14387;Atalan Immobilien GmbH;atalan berlin;D;Deutschland;30 Händler;0
14388;Marinestützpunktkommando Warnemünde;marinestützpunkt rostock;D;Deutschland;02 Schiffbau (Werft);0
14389;Schmid Industrie GmbH;schmid industrie olching;D;Deutschland;08 Kompressoren;0
14390;ifimex Ifraimov Import - Export;ifimex stockelsdorf;D;Deutschland;32 Ersatzteilhändler Industrie;0
14391;MTU Maintenance Berlin-Brandenburg GmbH;mtu ludwigsfelde;D;Deutschland;35 Instandhaltung/Wartung;0
14392;HYDAC INTERNATIONAL GmbH Außenbüro Nordost;hydac großbeeren;D;Deutschland;30 Händler;0
14393;Suchow Elektrotechnik GmbH;suchow bellheim;;;04 Gasdichte (SF6);0
14394;Swoboda Wiggensbach KG;swoboda wiggensbach;D;Deutschland;35 Instandhaltung/Wartung;0
14395;ETS Energietechnik Satrup GmbH;ets mittelangeln;D;Deutschland;20 Energietechnik;0
14396;A & P Elektro-Technik u. Vertriebs GmbH;a&p dinslaken;D;Deutschland;33 Ersatzteilhändler S/I;0
14397;Amollo Water Technology GmbH;amollo hamburg;D;Deutschland;16 Wasseranwendungen;0
14398;DORNMÜLLER ISCE Control Engineering;dornmüller sinsheim;D;Deutschland;40 Kleinbetriebe;0
14399;Altmann GmbH & co. KG;altmann oberursel;D;Deutschland;30 Händler;0
14400;T&T Global Marine Services GmbH;t&t hamburg;D;Deutschland;30 Händler;0
14401;SMARDT-OPK Chillers GmbH;smardt opk wendlingen;D;Deutschland;30 Händler;0
14402;CET Industrieanlagen GmbH;cet wald michelbach;D;Deutschland;;0
14403;Deutsches Zentrum für Luft- und Raumfahrt e.V (DLR);dlr braunschweig;D;Deutschland;05 Prüfstände;0
14404;Hartmut Hees - Hydraulik GmbH & Co.KG;hesse stadt wanzleben;D;Deutschland;10 Hydraulik;0
14405;Willmann Steuerungstechnik GmbH;willmann vechta;D;Deutschland;10 Hydraulik;0
14406;WERMAS Werkzeughandels GMBH;wermas lohfelden;D;Deutschland;30 Händler;0
14407;TTM Technik GmbH;ttm bremerhaven;D;Deutschland;33 Ersatzteilhändler S/I;0
14409;Bosch Thermotechnik GmbH Werk Lollar;bosch thermotechnik lollar;D;Deutschland;;0
14410;A & A Engineering and Services;a&a engineering heidenheim;D;Deutschland;30 Händler;0
14411;Bekuplast GmbH;Bekuplast;D;Deutschland;17 Verpackungsanlagen;0
14412;X Part;x part markt einersheim;D;Deutschland;;0
14413;Rexel Germany GmbH & Co. KG;rexel bremen;D;Deutschland;30 Händler;0
14414;Diesel Pitter GmbH;diesel pitter Mühlheim;D;Deutschland;11 Getriebe;0
14415;R.E.R. Rehder Engine Repairs GmbH;rehder bremerhaven;D;Deutschland;33 Ersatzteilhändler S/I;0
14416;Hochschule Reutlingen TEC;hochschule reutlingen;D;Deutschland;15 EX-Anwendungen;0
14417;HARTCHROM-beck GmbH;hartchrom güglingen;D;Deutschland;40 Kleinbetriebe;0
14418;Gromball Elektrotechnik GmbH;gromball bad bevensen;D;Deutschland;25 Allgemeiner Anlagenbau;0
14419;Zietech GmbH;zitech;D;Deutschland;;0
14420;Römheld GmbH Friedrichshütte;roemheld;D;Deutschland;10 Hydraulik;0
14421;ATM Anlagentechnik und Maschinebau AG;atm georgensgmünd;D;Deutschland;52 Wasserstoffanwendungen;0
14422;Celanese Industriepark Höchst;celanese frankfurt;D;Deutschland;32 Ersatzteilhändler Industrie;0
14423;Celette Deutschland GmbH;celette deutschland kehl;D;Deutschland;30 Händler;0
14424;PGM GmbH;pgm kaufbeuren;D;Deutschland;11 Getriebe;0
14425;Wehn Fahrzeugtechnik GmbH;wehn;D;Deutschland;;0
14426;Stellba Hydro GmbH & Co. KG;stellba hydro herbrechtingen;D;Deutschland;10 Hydraulik;0
14427;DeuChi Im/Export & Service e.K;deuchi karben;D;Deutschland;33 Ersatzteilhändler S/I;0
14428;4Source elektronics AG Atrium am Rosengarten;4source electronic dresden;D;Deutschland;30 Händler;0
14429;BMW AG;bmw leipzig;D;Deutschland;05 Prüfstände;0
14430;Wilhelm Lingsch GmbH;lingsch berlin;D;Deutschland;30 Händler;0
14431;Wertex GmbH;wertex seligenstedt;D;Deutschland;30 Händler;0
14432;Gates Tube Fittings GmbH;gates euskirchen;D;Deutschland;32 Ersatzteilhändler Industrie;0
14433;Seahorse GmbH;seahorse kiel;D;Deutschland;31 Ersatzteilhändler Schiffbau;0
14434;Golden Hermez GmbH;golden hermez dittelsheim;D;Deutschland;32 Ersatzteilhändler Industrie;0
14435;ERK Eckrohrkessel Holding GmbH;erk eckrohrkessel berlin;D;Deutschland;52 Wasserstoffanwendungen;0
14436;ALMIG Kompressoren GmbH;almig köngen;D;Deutschland;08 Kompressoren;0
14437;KMG Tech GmbH;kmg tech gmbh eschborn;D;Deutschland;33 Ersatzteilhändler S/I;0
14438;com.cores gmbh;com.cores leipzig;D;Deutschland;30 Händler;0
14439;Ecor GmbH;ecor gießen;D;Deutschland;31 Ersatzteilhändler Schiffbau;0
14440;DaHo-International GmbH;daho meerbusch;D;Deutschland;32 Ersatzteilhändler Industrie;0
14441;X2E System Engineering;x2e rohrdorf;D;Deutschland;52 Wasserstoffanwendungen;0
14442;ASK Kloska GmbH;ask kloska emden;D;Deutschland;33 Ersatzteilhändler S/I;0
14443;Kalb Kälte- und Klimatechnik;kalb niederviehbach;D;Deutschland;06 Klimatechnik;0
14444;MOOG GmbH Brücksenzugangstechnik;moog deggenhausertal;D;Deutschland;;0
14445;Sollydida for Engineering and Services;sollydida stuttgart;D;Deutschland;30 Händler;0
14446;Willerscheid GmbH & Co. KG;willerscheid bad neuenahr-ahrweil;D;Deutschland;30 Händler;0
14447;EUROGATE Technical Services GmbH;eurogate wilhelmshaven;D;Deutschland;30 Händler;0
14448;Implenia Deutschland GmbH;implenia münchen;D;Deutschland;;0
14449;ALBERT WEBER GmbH;alber weber markdorf;D;Deutschland;32 Ersatzteilhändler Industrie;0
14450;ATLANTIC C GmbH;atlantic c bernkastel-kus;D;Deutschland;21 Lebensmittelindustrie;0
14451;GODEL-BETON GmbH;godel stuttgart;D;Deutschland;32 Ersatzteilhändler Industrie;0
14452;STADTWERKE DEGGENDORF GmbH elyso Freizeit- und Erlebnisbad;stadtwerke deggendorf;D;Deutschland;16 Wasseranwendungen;0
14453;Technische Universität Hamburg-Harburg;technische uni hh-harburg;D;Deutschland;05 Prüfstände;0
14454;Siegwerk Druckfarben AG & Co. KGa;siegwerk siegburg;D;Deutschland;25 Allgemeiner Anlagenbau;0
14455;E. Schuler GmbH;schuler trier;D;Deutschland;30 Händler;0
14456;Uni Elektro Fachgroßhandel GmbH & Co. KG;unielekktro mainz;D;Deutschland;30 Händler;0
14457;dvv- Druck,- Verlags- und Vertriebsges;dvv münster;D;Deutschland;;0
14458;F.J. MÜLLER ERSATZTEILHANDEL;müller würselen;D;Deutschland;30 Händler;0
14459;Fanenbruck GmbH;fanenbruck ahrensburg;D;Deutschland;30 Händler;0
14460;Merz Pharma GmbH & Co. KGaA;merz pharma dessau;D;Deutschland;35 Instandhaltung/Wartung;0
14461;Telschig GmbH;telschig weinstadt;D;Deutschland;;0
14462;INDUSTTECH;industtech lahnau;D;Deutschland;;0
14463;Rhenus Midgard Wilhelmshaven GmbH & Co.;rhenus wilhelmshaven;D;Deutschland;30 Händler;0
14464;HCN GmbH & Co. KG;hcn varel;D;Deutschland;30 Händler;0
14465;LMS Liman Marine Services;lms hamburg;D;Deutschland;31 Ersatzteilhändler Schiffbau;0
14466;KIBKON Konstruktionsteilprüfung;kibkon bochum;D;Deutschland;;0
14467;Bernhard Sido ing. GmbH;sido hamburg;D;Deutschland;33 Ersatzteilhändler S/I;0
14468;MUSTA CONSULT GMBH;musta consult gmbH wiesbaden;D;Deutschland;30 Händler;0
14469;REBTEC GmbH;rebtec hamburg;D;Deutschland;31 Ersatzteilhändler Schiffbau;0
14470;DB Regio AG Regio-Werkstatt Nürnberg;db nürnberg;D;Deutschland;00 Bahn;1
14471;Eugen Drohmann GmbH easycut;drohmann lorch;D;Deutschland;40 Kleinbetriebe;0
14472;Gebrüder Barth GmbH & Co. KG Großhandlung für Industrie und;barth kiel;D;Deutschland;31 Ersatzteilhändler Schiffbau;0
14473;MST Mess- und Systemtechnik GmbH;mst zella mehlis;D;Deutschland;40 Kleinbetriebe;0
14474;Wyborg GmbH;wyborg düsseldorf;D;Deutschland;32 Ersatzteilhändler Industrie;0
14475;Delkeskamp Produktions GmbH & Co. KG;delkeskamp nordhausen;D;Deutschland;06 Klimatechnik;0
14476;ISer Tech Industrieservice & Anlagentechnik;isertech dortmund;D;Deutschland;30 Händler;0
14477;SERCOO ENERGY GmbH Betriebstätte Lingen;sercoo lingen;D;Deutschland;26 Erneuerbare Energien;0
14478;BOSMANN  Elektrotechnik GmbH & Co.KG;bosmann elektrotechnik;D;Deutschland;33 Ersatzteilhändler S/I;0
14479;Axalta Coating Systems Germany GmbH & Co. KG;axalta wuppertal;D;Deutschland;15 EX-Anwendungen;0
14480;SCHILKE-HYDRAULIK;schilke schelm;D;Deutschland;10 Hydraulik;0
14481;facilicon GmbH;facilicon köln;D;Deutschland;06 Klimatechnik;0
14482;CMBlu Engery AG;cmblu alzenau;D;Deutschland;52 Wasserstoffanwendungen;0
14483;Hydropa Gmbh & Cie. KG;hydropa witten;D;Deutschland;10 Hydraulik;0
14484;GFD GmbH;gfd hohn;D;Deutschland;05 Prüfstände;0
14485;INOVACAT GmbH;inovacat rhauderfehn;D;Deutschland;25 Allgemeiner Anlagenbau;0
14486;EML Emder  Marine Logistik GmbH;eml emden;D;Deutschland;30 Händler;0
14487;EYPro GmbH;eypro neresheim;D;Deutschland;12 Automatisierungstechnik;0
14488;;frei;D;Deutschland;;0
14489;ante-holz GmbH;ante Holz Allendorf;D;Deutschland;40 Kleinbetriebe;0
14490;Talbot Services GmbH;talbot aachen;D;Deutschland;00 Bahn;1
14491;MAHILD DRYING TECHNOLOGIES GMBH;mahild nürtingen;D;Deutschland;;0
14492;GE Power GmbH;ge power mannheim;D;Deutschland;;0
14493;HOCHSCHULE FÜR ANGEWNDTE WISSEN- SCHAFTEN HAMBURG;hochschule hamburg;D;Deutschland;52 Wasserstoffanwendungen;0
14494;PLT NETWORKS;pltbitburg;D;Deutschland;30 Händler;0
14495;PMR Tech GmbH;pmr tech bochum;D;Deutschland;;0
14496;KOCH Consulting + Export GmbH & Co. KG;koch hamburg;D;Deutschland;31 Ersatzteilhändler Schiffbau;0
14497;ZBV-AUTOMATION GmbH;zbv troisdorf;D;Deutschland;12 Automatisierungstechnik;0
14498;interspare Textilmaschinen GmbH;interspare reinbek;D;Deutschland;30 Händler;0
14499;innovatek OS GmbH;innovatek stammham;D;Deutschland;16 Wasseranwendungen;0
14500;SET Trading GmbH;set göllheim;D;Deutschland;30 Händler;0
14501;MSS Marine Spare & Services GmbH;mss elmshorn;D;Deutschland;31 Ersatzteilhändler Schiffbau;0
14502;Fil-Tec Rixen GmbH Ingenieurbüro für Filtertechnik;fi-tec hamburg;D;Deutschland;31 Ersatzteilhändler Schiffbau;0
14503;Pressluft-Götz GmbH;pressluft götze mannheim;D;Deutschland;30 Händler;0
14504;Filtration Group GmbH - Industria;fitrations group öhringen;D;Deutschland;12 Automatisierungstechnik;0
14505;wks Technik GmbH NL Thüringen;wks grammetal;D;Deutschland;16 Wasseranwendungen;0
14506;WuB Werkzeugmaschinen und Service GmbH;wub werzeugmaschinen wuppertal;D;Deutschland;40 Kleinbetriebe;0
14507;White Lion Handelsagentur Gebäude 1a-d, Nr. 12;White Lion Nürnberg;D;Deutschland;30 Händler;0
14508;Franz Wild Öltechnik GmbH;wild öltechnik rheinhausen;D;Deutschland;40 Kleinbetriebe;0
14509;NWEL Northwestern Engineering Laboratory GmbH;nwel düsseldorf;D;Deutschland;;0
14510;Keipp Technischer Handel GmbH Hydraulikartikel & Lohnsägen;keipp grebenhain;D;Deutschland;32 Ersatzteilhändler Industrie;0
14511;PMC GmbH & Co. KG Plasmatechnik Markus Colling;pmc oberthal;D;Deutschland;40 Kleinbetriebe;0
14512;Walter Gerdes, Landmaschinen;gerdes wangerland;D;Deutschland;32 Ersatzteilhändler Industrie;0
14513;KARAT International GmbH;karat rheinberg;D;Deutschland;32 Ersatzteilhändler Industrie;0
14514;Desco GmbH;desco hamburg;D;Deutschland;;0
14515;WITTMANN BATTENFELD Deutschland GmbH;wittmann meinerzhagen;D;Deutschland;;0
14516;PHARBIL Pharma GmbH;pharbil bielefeld;D;Deutschland;40 Kleinbetriebe;0
14517;ACCUMOTIVE GmbH & Co. KG ein Unternehmen der Mercedes-;accumotive kamenz;D;Deutschland;;0
14518;STAMAG Ersatzteil- und Industrievertrieb GmbH;stamag  landsberg;D;Deutschland;32 Ersatzteilhändler Industrie;0
14519;Holm & laue Melktechnik GmbH Co. KG;holm & laue westerrönfeld;D;Deutschland;21 Lebensmittelindustrie;0
14520;Landwirtschaftlicher Betrieb Eike Richters;gestüt wechter mark lengerich;D;Deutschland;40 Kleinbetriebe;0
14521;SURTECO GmbH;surteco;D;Deutschland;30 Händler;0
14522;CONDACO & KTD-M GmbH;condaco ktd;D;Deutschland;;0
14523;WR Wolfgang Reichle GmbH;reichle bad wörishofen;D;Deutschland;40 Kleinbetriebe;0
14524;Kroning GmbH Industrie- und Landtechnik;kroning gmbh bremen;D;Deutschland;;0
14525;WTZ Roßlau gGmbh;wtz dessau-roßlau;D;Deutschland;;0
14526;FDM GmbH Niederlassung Bensheim;fdm bensheim;D;Deutschland;;0
14527;DSA Daten- und Systemtechnik GmbH;dsa aachen;D;Deutschland;05 Prüfstände;0
14529;"Aktien-Gesellschaft ""EMS""";ems emden;D;Deutschland;31 Ersatzteilhändler Schiffbau;0
14530;Celivora GmbH;celivora staßfurt;D;Deutschland;30 Händler;0
14531;SMB Sondermaschinenbau Wildau GmbH & Co.KG;smb wildau;D;Deutschland;25 Allgemeiner Anlagenbau;0
14532;K. Heinz Moelle GmbH & Co. KG;moelle nordhorn;D;Deutschland;32 Ersatzteilhändler Industrie;0
14533;WILLAMOWSKI Heizung Santitär;willamowski meuselwitz;D;Deutschland;35 Instandhaltung/Wartung;0
14534;Adam GmbH;adam kempen;D;Deutschland;;0
14535;UP-Systems GmbH;up systems ludwigsburg;D;Deutschland;;0
14536;MTH Marine Technik Hamburg GmbH Co. KG;mth norderstedt;D;Deutschland;31 Ersatzteilhändler Schiffbau;0
14537;Gustav Schmidt GmbH & Co. KG;schmidt siegen;D;Deutschland;;0
14538;Walter Kaup Beratender Ing. für Anlagenbau in;kaup Neu-anspach;D;Deutschland;40 Kleinbetriebe;0
14539;ASH ALLROUND SCHIFFSSERVICE Hamburg;ash hamburg;D;Deutschland;;0
14540;Aufdemkamp GmbH Elektro-Fachgroßhandel;aufdemkamp gmbh lippstadt;D;Deutschland;32 Ersatzteilhändler Industrie;0
14541;H. Geiger GmbH Stein- und Schotterwerke;geiger kinding;D;Deutschland;;0
14542;Jürgen Kölsch GmbH;kölsch heimertingen;D;Deutschland;35 Instandhaltung/Wartung;0
14543;Hans-Josef Mertens Elektronik;mertens elektronik würselen;D;Deutschland;;0
14544;GEF Germann Electrical factors UG;gef eschweiler;D;Deutschland;30 Händler;0
14545;Richter+Frenzel Erfurt GmbH;richter erfurt;D;Deutschland;32 Ersatzteilhändler Industrie;0
14546;Venturetec Rotating Systems GmbH;venturetec kaufbeuren;D;Deutschland;;0
14547;Fecht Hydraulik GmbH;fecht hydraulik mühlingen;D;Deutschland;10 Hydraulik;0
14548;Butzbacher Bäderbetriebe GmbH & Co KG;butzbacher bäderbetrieb butzbach;D;Deutschland;35 Instandhaltung/Wartung;0
14549;OVGU Magedburg Lehrstuhl für Maschinenelemente;ovgu magdeburg;D;Deutschland;;0
14550;R.I.E.MPP Industrieservice Elektrotechnik;riempp oberboihingen;D;Deutschland;30 Händler;0
14551;Industrie-Hydraulik&Rohrleitungs- bau GmbH M.Ricci;industrie duisburg;D;Deutschland;;0
14552;PA Propan & Ammoniak Anlagen GmbH;pa salzgitter;D;Deutschland;;0
14553;OEG Renewables;oeg hamburg;D;Deutschland;31 Ersatzteilhändler Schiffbau;0
14554;Herbert Saier GmbH;saier gundelfingen;D;Deutschland;07 Pumpen;0
14555;DEOU Industrial Technology GmbH;deou willich;D;Deutschland;30 Händler;0
14556;Yalmans GmbH;yalmans braunschweig;D;Deutschland;30 Händler;0
14557;Megger Power Diagnostix Instruments GmbH;megger aachen;D;Deutschland;04 Gasdichte (SF6);0
14558;BSM Beschaffungsservice;bsm mönchengladbach;D;Deutschland;32 Ersatzteilhändler Industrie;0
14559;RWE Generation SE;rwe generation se;D;Deutschland;04 Gasdichte (SF6);0
14560;NTE Northern Technical Equipment GmbH;nte neumünster;D;Deutschland;32 Ersatzteilhändler Industrie;0
14561;Diesel-Elektrik F. Tacke GmbH;tacke;D;Deutschland;32 Ersatzteilhändler Industrie;0
14562;Verbandsgemeinde Lauterecken-Wolfstein;verbandsgemeinde lauterecken;D;Deutschland;;0
14563;Heinke-Tec GmbH;heinke schwarzenbek;D;Deutschland;33 Ersatzteilhändler S/I;0
14564;Sirius-ES Deutschland GmbH;sirius mannheim;D;Deutschland;30 Händler;0
14565;Salzgitter Mannesmann Forschung GmbH;salzgitter mannesmann duisburg;D;Deutschland;;0
14566;VERBUND Innkraftwerk GmbH;verbund töging a. inn;D;Deutschland;35 Instandhaltung/Wartung;0
14567;EDC European Excavator Design Center GmbH;EDC;D;Deutschland;09 Mobilhydraulik;0
14568;AVL Deutschland GmbH;avl großmehring;D;Deutschland;;0
14569;neoxid group;neoxid-group neuss;D;Deutschland;05 Prüfstände;0
14570;BIBUS GmbH;bibus neu-ulm;D;Deutschland;;0
14571;Harder Marine GmbH;harder norderstedt;D;Deutschland;31 Ersatzteilhändler Schiffbau;0
14572;H&R Chemisch-Pharmazeutische Spezialitäten GmbH;h&r chemisch pharmazeutische;D;Deutschland;;0
14573;ERNST SCHNITTKER GmbH;schnittker verden;D;Deutschland;32 Ersatzteilhändler Industrie;0
14574;Enapter GmbH;enapter saerbeck;D;Deutschland;;0
14575;Jindustry GmbH;Jindustry;D;Deutschland;;0
14576;Lanserhof Tegernsee GmbH;lanserhof marienstein;D;Deutschland;40 Kleinbetriebe;0
14577;DCS GmbH;dcs;D;Deutschland;;0
14578;Vector Informatik GmbH;Vector Informatik;D;Deutschland;;0
14579;ifi GmbH;ifi gmbh;D;Deutschland;30 Händler;0
14580;Jindustry GmbH;jindustry mönchengladbach;D;Deutschland;07 Pumpen;0
14581;DICOH GmbH;dicoh hamburg;D;Deutschland;;0
14582;ZELTWANGER Leaktesting & Automation GmbH;zeltwanger tübingen;D;Deutschland;;0
14583;DB Energie GmbH;db energie magdeburg;D;Deutschland;04 Gasdichte (SF6);0
14584;KAMAT GmbH & Co KG;kamat witten;D;Deutschland;07 Pumpen;0
14585;NovusPlan GmbH;novus dortmund;D;Deutschland;30 Händler;0
14586;hofer driveTec GmbH;hofer stuttgart;D;Deutschland;05 Prüfstände;0
14587;Mondial Sampling GmbH;mondial hamburg;D;Deutschland;30 Händler;0
14588;Welte Cardan-Service GmbH;welte neu ulm;D;Deutschland;32 Ersatzteilhändler Industrie;0
14589;Electrical Maintenance GPI Frankfurt & Augsburg GmbH;electrical maintenance königsbrun;D;Deutschland;30 Händler;0
14590;ROPA Fahrzeug- und Maschinenbau GmbH;ropa herrngiersdorf;D;Deutschland;09 Mobilhydraulik;0
14591;Astute GmbH;astute feldkirchen;D;Deutschland;;0
14592;Computer Sky  GmbH Biometric & Technology Solutions;computer sky münchen;D;Deutschland;30 Händler;0
14593;Moog Refkofa GmbH;moog antweiler;D;Deutschland;;0
14594;LogoMIT GmbH;logomit;D;Deutschland;;0
14595;Vega Aviation GmbH;vega bremen;D;Deutschland;;0
14596;R.S. International Marine Service;rs hamburg;D;Deutschland;31 Ersatzteilhändler Schiffbau;0
14597;ODJ-Group GmbH;odj griesheim;D;Deutschland;32 Ersatzteilhändler Industrie;0
14598;Keller Lufttechnik GmbH + Co. KG;keller lufttechnik kirchheim/t;D;Deutschland;20 Energietechnik;0
14599;MAN Truck & Bus;man münchen;D;Deutschland;01 Motoren;0
14600;Multigear GmbH;multigear mendig;D;Deutschland;;0
14601;ostermeier H2ydrogen Solutions Gm;ostermeier;D;Deutschland;52 Wasserstoffanwendungen;0
14602;konrad technologies;konrad radolfzell;D;Deutschland;30 Händler;0
14603;ABC Technik GmbH;abc berlin;D;Deutschland;30 Händler;0
14604;COMPO GmbH;compo münster;D;Deutschland;35 Instandhaltung/Wartung;0
14605;CHADHA ASSOCIATES Chadha u. Chadha GbR;chadha bonn;D;Deutschland;32 Ersatzteilhändler Industrie;0
14606;LIGNOTREND Produktions GmbH;lignotrend weilheim;D;Deutschland;35 Instandhaltung/Wartung;0
14607;Bertrandt Ingenieurbüro GmbH;bertrandt gaimersheim;D;Deutschland;05 Prüfstände;0
14608;InnoMa System GmbH Innovative Automationssysteme;innoma schwalbach;D;Deutschland;12 Automatisierungstechnik;0
14609;EGF Asset GmbH & Co. KG;egf bremen;D;Deutschland;31 Ersatzteilhändler Schiffbau;0
14610;CF Automation parts GmbH & Co.KG;cf koblenz;D;Deutschland;32 Ersatzteilhändler Industrie;0
14611;HMS-Hybrid Motion Solutions GmbH;hms rutesheim;D;Deutschland;16 Wasseranwendungen;0
14612;PARTECHNIK GmbH;partechnik saarbrücken;D;Deutschland;40 Kleinbetriebe;0
14613;AXECO GmbH & Co. KG;axeco penzling;D;Deutschland;30 Händler;0
14614;AK Regeltechnik GmbH;AK;D;Deutschland;10 Hydraulik;0
14615;Blumoz GmbH;blumoz ratingen;D;Deutschland;32 Ersatzteilhändler Industrie;0
14616;diwa GbR;diwa gbr;D;Deutschland;;0
14617;Carl Zeiss SMT GmbH;zeiss smt oberkochen;D;Deutschland;;0
14618;ELMESS Thermosystemtechnik GmbH;elmess uelzen;D;Deutschland;;0
14619;PEWO Energietechnik GmbH;Pewo;D;Deutschland;20 Energietechnik;0
14620;;frei;D;Deutschland;12 Automatisierungstechnik;0
14621;Wolfgang Schmidt Industrial Parts & Equipment;schmidt ulm;D;Deutschland;32 Ersatzteilhändler Industrie;0
14622;Kasseler Verkehrs-Gesellschaft AG;KVG;D;Deutschland;Bahn;1
14623;KB Industrieservice GmbH;kb industrieservice bremerhaven;D;Deutschland;30 Händler;0
14624;NIOTEC GmbH;niotec hamburg;D;Deutschland;31 Ersatzteilhändler Schiffbau;0
14625;WIBERO, Inh. H. Rott e. K.;wibero garbsen;D;Deutschland;32 Ersatzteilhändler Industrie;0
14626;Busse Technischer Großhandel GmbH;busse emden;D;Deutschland;31 Ersatzteilhändler Schiffbau;0
14627;THG Technische Handelsgesellschaft;thg brake;D;Deutschland;32 Ersatzteilhändler Industrie;0
14628;Bauerngesellschaft Ziltendorfer Niederung GbR;bauerngesellschaft wiesenau;D;Deutschland;32 Ersatzteilhändler Industrie;0
14629;Haslach Group GmbH;Haslach;D;Deutschland;25 Allgemeiner Anlagenbau;0
14630;Bundesamt für Seeschiffahrt und Hydrographie;bsh Rostock;D;Deutschland;33 Ersatzteilhändler S/I;0
14631;Ackermann Anwendungstechnik & Vorrichtungsbau GmbH;ackermann weinstadt;D;Deutschland;04 Gasdichte (SF6);0
14632;ABL Versorgungs GmbH;abl emsdetten;D;Deutschland;32 Ersatzteilhändler Industrie;0
14633;Siemens Gamesa Renewable Energy Service GmbH;siemens gamesa erfurt;D;Deutschland;;0
14634;Energas BHKW GmbH;energas Ravensburg;D;Deutschland;20 Energietechnik;0
14635;Dairyfood GmbH;dairyfood gmbh;D;Deutschland;30 Händler;0
14636;NB-Industries e.K.;nb industries e k;D;Deutschland;;0
14637;Verto International Headoffice;verto walsrode;D;Deutschland;30 Händler;0
14638;Hörburger GmbH;hörburger waltenhofen;D;Deutschland;30 Händler;0
14639;Industriparts GmbH;industriparts köln;D;Deutschland;30 Händler;0
14640;Ems Maritime Offshore GmbH (EMO);ems emden;D;Deutschland;02 Schiffbau (Werft);0
14641;RID Batterie GmbH;rid batterie kirchhardt;D;Deutschland;32 Ersatzteilhändler Industrie;0
14642;AAN Apparate- und Anlagentechnik;aan nürnberg;D;Deutschland;00 Bahn;1
14643;ABB AG;abb ratingen;D;Deutschland;04 Gasdichte (SF6);0
14644;POWER-HYDRAULIK GmbH;power hydraulik sulz;D;Deutschland;09 Mobilhydraulik;0
14645;Linde GmbH Linde Gases Division;linde unterschleissheim;D;Deutschland;;0
14646;Anton's IT Service;anton mainz;D;Deutschland;40 Kleinbetriebe;0
14647;BAAINBw Bundesamt für Ausrüstung Informationstechnik und Nutzung;baainbw lahnstein;D;Deutschland;;0
14648;Elektro Bauer GmbH & Co. KG;elektro bauer ortenberg;D;Deutschland;30 Händler;0
14649;EUROGATE Technical Services GmbH;eurogate hamburg;D;Deutschland;30 Händler;0
14650;Parker Hannifin Manufacturing Germany GmbH & Co. KG;Parker;D;Deutschland;10 Hydraulik;0
14651;DELANZ Distributionslogistik e.K.;delanz;D;Deutschland;33 Ersatzteilhändler S/I;0
14652;Tost GmbH Flugzeuggerätebau Münch;Tost;D;Deutschland;13 Flugzeugbau;0
14653;Shams Industrial Trading GmbH;shams;D;Deutschland;;0
14654;Cavemus Systems Association GmbH;cavemus;D;Deutschland;32 Ersatzteilhändler Industrie;0
14655;Kolben-Seeger GmbH & Co. KG Zentrallager München;kolben-seeger neufinsing;D;Deutschland;30 Händler;0
14656;Technical University of Munich TUM School of Eng. and Design;technical uni münchen;D;Deutschland;35 Instandhaltung/Wartung;0
14657;Pröll GmbH;pröll weißenburg;D;Deutschland;40 Kleinbetriebe;0
14658;Michael Konrad Consulting;konrad consulting hamburg;D;Deutschland;30 Händler;0
14659;Rathenower Feinwerktechnik GmbH;rathenower feinwerkt.;;;30 Händler,;0
14660;TengFei GmbH;tengfei gmbh nesselwang;D;Deutschland;33 Ersatzteilhändler S/I;0
14661;VOG Vormwald GmbH Umwelttechnische Anlagen;vog linsengericht;D;Deutschland;40 Kleinbetriebe;0
14662;Schrade Kabeltechnik;schrade allmendingen;D;Deutschland;40 Kleinbetriebe;0
14663;Drößler-Heizung;drößler beuerbach;D;Deutschland;35 Instandhaltung/Wartung;0
14664;Wilhelm Layher GmbH & Co KG;layher güglingen-eibensbach;D;Deutschland;35 Instandhaltung/Wartung;0
14665;Konescrane Port Services GmbH;konecranes port services düsseldo;D;Deutschland;32 Ersatzteilhändler Industrie;0
14666;Olaf Kramer GmbH Heizung-Lüftung-Sanitär;kramer;D;Deutschland;32 Ersatzteilhändler Industrie;0
14667;H2 MOBILITY Deutschland GmbH & Co;h2 mobility berlin;D;Deutschland;32 Ersatzteilhändler Industrie;0
14668;Driventic GmbH;Driventic;D;Deutschland;05 Prüfstände;0
14669;Vossloh Rail Services Deutschland GmbH;vossloh Rail services hamburg;D;Deutschland;00 Bahn;1
14670;BAOSTEEL Europe GmbH;baostell münchen;D;Deutschland;;0
14671;GBM Gleisbaumechanik Brandenburg/H.;gbm gleisbachmechanik brandenburg;D;Deutschland;00 Bahn;1
14672;Oberkircher Winzer eG;oberkircher winzer oberkirch;D;Deutschland;35 Instandhaltung/Wartung;0
14673;frank frickmann e.K. Gabelstapler Transportgeräte-Service;frickmann ehrenkirchen;D;Deutschland;40 Kleinbetriebe;0
14674;Haustechnik Stehle;stehle nürtingen;D;Deutschland;40 Kleinbetriebe;0
14675;Pfizer Maufacturing Deutschland GmbH;pfizer freiburg;D;Deutschland;;0
14676;Gebr. Westenthanner Kies-Beton-Asphaltwerk GmbH;westenthanner eichendorf;D;Deutschland;;0
14677;Zweckverband Müllverwertungs- anlage Ingolstadt;mva ingolstadt;D;Deutschland;;0
14678;EUCO Rail Services GmbH;euco langweid;D;Deutschland;32 Ersatzteilhändler Industrie;0
14679;MPA Universität Stuttgart;mpa universität stuttgart;D;Deutschland;05 Prüfstände;0
14680;Michael Drefahl Industriegesellschaft mbH - MDI;drefahl bad salzungen;D;Deutschland;30 Händler;0
14681;HAL Handelsgesellschaft mbH;hal schorndorf;D;Deutschland;30 Händler;0
14682;omm-Techmarket MSc.Mohamed Omran;omm gleidingen;D;Deutschland;40 Kleinbetriebe;0
14683;LMG Solution GmbH;lmg gronau;D;Deutschland;32 Ersatzteilhändler Industrie;0
14684;NEP Broadcast Services | NEP Germany GmbH;nep münchen;D;Deutschland;25 Allgemeiner Anlagenbau;0
14685;P.A.S.I. Pumpen und Armaturen Service International GmbH;pasi berlin;D;Deutschland;07 Pumpen;0
14686;Süd-Support24;süd-support;D;Deutschland;40 Kleinbetriebe;0
14687;Bornemann GmbH;bornemann wermelskirchen;D;Deutschland;25 Allgemeiner Anlagenbau;0
14688;Moto-Tech Genthin GmbH;moto tech genthin;D;Deutschland;40 Kleinbetriebe;0
14689;Permatecs GmbH Jan Schneider;permatecs dunningen;D;Deutschland;40 Kleinbetriebe;0
14690;Laempe Mössner Sinto GmbH;laempe mössner barleben;D;Deutschland;;0
14691;Nova Bremen GmbH;nova bremen rotenburg;D;Deutschland;32 Ersatzteilhändler Industrie;0
14692;SEDA Hydraulic UG;seda;D;Deutschland;32 Ersatzteilhändler Industrie;0
14693;EcomStock GmbH;ecomstock gmbh berlin;D;Deutschland;32 Ersatzteilhändler Industrie;0
14694;Isar Aerospace SE;Isar Aerospace;D;Deutschland;13 Flugzeugbau;0
14695;Müller Service GmbH;müller ungerhausen;D;Deutschland;32 Ersatzteilhändler Industrie;0
14696;GEORG HUBER Inh. Josef-Rappl GmbH & Co. KG;huber-rappl;D;Deutschland;35 Instandhaltung/Wartung;0
14697;D.F.S. Weidemann GmbH;dfs korbach;D;Deutschland;40 Kleinbetriebe;0
14698;Actemium Stolze Marine GmbH;actemium stolze lübeck;D;Deutschland;03 Schiffbau (Systeme);0
14699;Maxauer Papierfabrik GmbH;maxauer karlsruhe;D;Deutschland;25 Allgemeiner Anlagenbau;0
14700;Blumer-Lehmann GmbH;blumer-lehmann kosterlechfeld;D;Deutschland;35 Instandhaltung/Wartung;0
14701;SBS Sondermachinen GmbH;sbs sondermachien braunschweig;D;Deutschland;25 Allgemeiner Anlagenbau;0
14702;WERIT Kunststoffwerke W. Schneide GmbH & Co.KG;werit altenkirchen;D;Deutschland;32 Ersatzteilhändler Industrie;0
14703;Verbundgemeindewerke Schweich AöR;verbundge. schweich föhren;D;Deutschland;35 Instandhaltung/Wartung;0
14704;KST-Motorenversuch GmbH & Co. KG;kst bad dürkheim;D;Deutschland;05 Prüfstände;0
14705;Schirm GmbH;schirm schönebeck;D;Deutschland;31 Ersatzteilhändler Schiffbau;0
14706;Karitec GmbH;karitec gmbh bad toelz;D;Deutschland;;0
14707;ROSGER Handel GmbH;rosger handel gmbh;D;Deutschland;33 Ersatzteilhändler S/I;0
14708;CPT Industrie GmbH;cpt köln;D;Deutschland;30 Händler;0
14709;YESS Elektrofachhandel GmbH;yess elektrofachhandel ulm;D;Deutschland;30 Händler;0
14710;INDUSTRIEBEDARF Castan GmbH;castan freiberg/n;D;Deutschland;30 Händler;0
14711;MES Electronic Connet GmbH & Co.;mes electronic villingen-schwenni;D;Deutschland;30 Händler;0
14712;MAX BÖGL;bögl neumarkt;D;Deutschland;30 Händler;0
14713;Dental-Ästhetik Dr. Wolfgang Kusche;dental ästhetik großhansdorf;D;Deutschland;35 Instandhaltung/Wartung;0
14714;ASCO Universal - Systeme Schmidt & Burhardt GbR;asco  geislingen;D;Deutschland;30 Händler;0
14715;ISS International spares Service GmbH;iss willich;D;Deutschland;31 Ersatzteilhändler Schiffbau;0
14716;STERLEY Technik GmbH;sterley technik quikborn;D;Deutschland;30 Händler;0
14717;sm electrics GmbH;sm electrics stakendorf;D;Deutschland;33 Ersatzteilhändler S/I;0
14718;Schneider & Mai Industrietechnik GbR;schneider & mai wilhelmshaven;D;Deutschland;30 Händler;0
14719;OMEXOM Umspannwerke GmbH;omexon dortmund;D;Deutschland;04 Gasdichte (SF6);0
14720;DKCCC GmbH;dkccc marschacht;D;Deutschland;30 Händler;0
14721;RT-Tec UG ( haftungsbeschränkt / limited);rt-tec wrist;D;Deutschland;30 Händler;0
14722;Tricura GmbH & Co. KG;tricura oldenburg;D;Deutschland;30 Händler;0
14723;DRUCK & TEMPERATUR Leitenberger GmbH / LR GERMANY;druck & temp leitenberger kirchen;D;Deutschland;30 Händler;0
14724;NIVI Automation;nivi stolzenau;D;Deutschland;32 Ersatzteilhändler Industrie;0
14725;Instrument & Equipment Specialties GmbH;indument & equipmwnt eschborn;D;Deutschland;30 Händler;0
14726;HIL Heeresinstandsetzungslogistik GMBH, Stützpunkt Torgelow;hil torgelow;D;Deutschland;32 Ersatzteilhändler Industrie;0
14727;Cem Yüksel & Yasser Omar Perez Rodriguez GbR - CYP Trading;cem pfullingen;D;Deutschland;32 Ersatzteilhändler Industrie;0
14728;Hochschule Bielefeld Fachbereich Ingenieurwissenschaft;hochschule bielefeld;D;Deutschland;;0
14729;Cooltech Consulting;cooltech münchen;D;Deutschland;06 Klimatechnik;0
14730;Environmental Systems GmbH;environmental bremerhaven;D;Deutschland;33 Ersatzteilhändler S/I;0
14731;Sedlmayer GmbH;sedlmayer triptis;D;Deutschland;30 Händler;0
14732;WTB Elektro GmbH;wtb elektro;D;Deutschland;32 Ersatzteilhändler Industrie;0
14733;Michael Schwarz Installateur- und;schwarz heizung;D;Deutschland;32 Ersatzteilhändler Industrie;0
14734;e.g.o.o. Eisenbahngesellschaft Ostfriesland-Oldenburg mbH;e.g.o.o hildesheim;D;Deutschland;00 Bahn;1
14735;thyssenkrupp Presta Schönebeck GmbH;thyssenkrupp schönebeck;D;Deutschland;30 Händler;0
14736;Novelis Deutschland GmbH, Werk Oh;novelis plettenberg;D;Deutschland;35 Instandhaltung/Wartung;0
14737;METAS Metall- & Anlagenbau GmbH;metas linden;D;Deutschland;25 Allgemeiner Anlagenbau;0
14738;Eisenbahn-Bau- und Betriebsgesellschaft;pressnitztalbahn jöhstadt;D;Deutschland;32 Ersatzteilhändler Industrie;0
14739;BAYMA Logistik GmbH;bayma hamburg;D;Deutschland;33 Ersatzteilhändler S/I;0
14740;NEOG --- Die Handelsagentur Inh.: Carsten Harms e.K;neog wilhelmshaven;D;Deutschland;30 Händler;0
14741;Sensmore GmbH;sensmore potsdam;D;Deutschland;09 Mobilhydraulik;0
14742;Aktuelle Elektrotechnik GmbH;aktuelle elektrotechnik gronau;D;Deutschland;32 Ersatzteilhändler Industrie;0
14743;FAMO GmbH & Co. KG;famo;D;Deutschland;33 Ersatzteilhändler S/I;0
14744;ENDIN GmbH Industriegebiet Tauberhöhe;endin weikersheim;D;Deutschland;07 Pumpen;0
14745;Baumann GmbH;baumann amberg;D;Deutschland;25 Allgemeiner Anlagenbau;0
14746;FPS Hydraulik GmbH;fps hydraulik holdorf;D;Deutschland;10 Hydraulik;0
14747;ALSTOM Transport Deutschland GmbH;alstom braunschweig;D;Deutschland;04 Gasdichte (SF6);0
14748;Friedrich-Alexander-Universtität Erlangen;FAU;D;Deutschland;;0
14749;ATT Spares GmbH;att hohenlock;D;Deutschland;31 Ersatzteilhändler Schiffbau;0
14750;Thermconcept GmbH;thermconcept bremen;D;Deutschland;30 Händler;0
14751;Zementwerk Lübeck GmbH & Co. KG;zementwerk lübeck;D;Deutschland;25 Allgemeiner Anlagenbau;0
14752;wks Technik GmbH NL Dresden;wks grammetal;D;Deutschland;16 Wasseranwendungen;0
14753;TMS EBBA;tms ebba;D;Deutschland;34 Reederei;0
14754;EVOBAY GmbH;evobay gmbh augsburg;D;Deutschland;25 Allgemeiner Anlagenbau;0
14755;Etimex Technical Components GmbH;etimex rottenacker;D;Deutschland;;0
14756;FRIEDRICHS FILTERSYSTEME GMBH UFI HYDRAULICS;friedrich wassenberg;D;Deutschland;10 Hydraulik;0
14757;GENO Technologie GmbH;geno düsseldorf;D;Deutschland;32 Ersatzteilhändler Industrie;0
14758;NVL B.V. & Co. KG;nvl bremen;D;Deutschland;31 Ersatzteilhändler Schiffbau;0
14759;R. Jung GmbH;jung kleinblittersdorf;D;Deutschland;35 Instandhaltung/Wartung;0
14760;ICoM - institut für Baumanagement Digitales Bauen und Robotk im Bau;rwth aachen;D;Deutschland;;0
14761;Eck-Boro Deutschland GmbH;eck-boro binzen;D;Deutschland;30 Händler;0
14762;Vaeridion GmbH;vaeridion münchen;D;Deutschland;13 Flugzeugbau;0
14763;FOXTOOL Baustoff- & Werkzeugtechnik;foxtool;D;Deutschland;33 Ersatzteilhändler S/I;0
14764;Markus Yang Industrie Service Industriepark IWB;yang industrie service bobingen;D;Deutschland;32 Ersatzteilhändler Industrie;0
14765;Lippold  GmbH;lippold bremen;D;Deutschland;10 Hydraulik;0
14766;VONRESTORFF GmbH;vonrestorff hamburg;D;Deutschland;;0
14767;Festo SE & Co. KG;Festo;D;Deutschland;12 Automatisierungstechnik;0
14768;Agrarhygiene-Wassertechnik Dipl.-Ing.agr. Frank von der Haar;Agrarhygiene;D;Deutschland;16 Wasseranwendungen;0
14769;BayPack GmbH;baypack stetten;D;Deutschland;40 Kleinbetriebe;0
14770;Compact Dynamics GmbH;Compact Dynamics;D;Deutschland;05 Prüfstände;0
14771;HOERBIGER Antriebstechnik Holding GmbH;HOERBIGER Antriebstechnik;D;Deutschland;01 Motoren;0
14772;Industrie- und SonderBedarf Inh. Daniela Kunkel;industrie samswegen;D;Deutschland;30 Händler;0
14773;Stock-Transport- eK.;stock transport bodenheim;D;Deutschland;00 Bahn;1
14774;Nolting Holzfeuerungstechnik GmbH;nolting detmold;D;Deutschland;;0
14775;WSVK Innovation GmbH;wsvk oederan;D;Deutschland;25 Allgemeiner Anlagenbau;0
14776;Gastechnik Geburzi GmbH;geburzi nürnberg;D;Deutschland;25 Allgemeiner Anlagenbau;0
14777;MEICTECH Industry Spares & Handles;meictech krefeld;D;Deutschland;33 Ersatzteilhändler S/I;0
14778;Kämpf GmbH;kämpf gmbh möckmühl;D;Deutschland;06 Klimatechnik;0
14779;VDM Metals GmbH;vdm werdohl;D;Deutschland;25 Allgemeiner Anlagenbau;0
14780;Mitteldeutsche Netzgesellschaft Strom mbh;mitteldeutsche netzge. bitterfeld;D;Deutschland;04 Gasdichte (SF6);0
14781;Stromnetz Berlin GmbH;Stromnetz Berlin GmbH;D;Deutschland;4 Gasdichte (SF6);0
1G0;Thomas Müller Bestandskunden;vb nord alt;D;Deutschland;;0
1K0;Nord Industrie TRAFAG GmbH;vb nord industrie;D;Deutschland;;0
1M0;Thomas Müller;vb nord müller;D;Deutschland;;0
3H0;Helmes, Peter;vb helmes;D;Deutschland;;0
3K0;West TRAFAG GmbH;vb west;D;Deutschland;;0
3K1;Küperkoch Steuerungstechnik;vb nrw;D;Deutschland;;0
3T0;NRW;vb nrw trafag;D;Deutschland;;0
40001;B & B Schiffahrts GmbH & Co. KG;b&b schiffah.leer;D;Deutschland;;0
40002;Peter Döhle Schiffahrts-KG;döhle hamburg;D;Deutschland;34 Reederei;0
40002A;Peter Döhle Schiffahrts-KG (GmbH & Co.);döhle a hamburg;D;Deutschland;;0
40002L;Schaar + Niemeyer;schaar l hamburg;D;Deutschland;;0
40003;NSB Niederelbe Schiffahrts- gesellschaft mbH & Co. KG;nsb buxtehude;D;Deutschland;34 Reederei;0
40003L;M c/o Friedrich Sänger GmbH;nsb l sänger;D;Deutschland;;0
40005;MS RAILSHIP II H.M. Gehrckens GmbH;gehrckens lübeck;D;Deutschland;;0
40005L;MS RAILSHIP II c/o Lübecker Hafengesellschaft;gehrckens l lübeck;D;Deutschland;;0
40006;EAST sieheKD-Nr.12265;east siehe KD-Nr.12265;D;Deutschland;;0
40007;Hansa Shipping GmbH & Co.KG;hansashipping hamburg;D;Deutschland;34 Reederei;0
40007L;Master;hansa l hamburg;D;Deutschland;;0
40008;Hapag-Lloyd AG;hapag lloyd hamburg;D;Deutschland;34 Reederei;0
40008L;HAPAG LLOYD Container Linie GmbH 2843 Lagerwirtschaft;hapag l hamburg;D;Deutschland;;0
40009;Hartmann Dry Cargo Germany GmbH & Co.KG;hartmann leer;D;Deutschland;34 Reederei;0
40009A;Hartmann Schiffahrts GmbH & Co. KG;hartmann a leer;D;Deutschland;;0
40009L;"MS""              c/o Intermarine Service &Handels GmbH";hartmann l leer;D;Deutschland;;0
40010;Reederei F. Laeisz G.M.B.H. c/o Reederei Martini G.M.B.H.;laeisz bremerhaven;D;Deutschland;;0
40010L;"MV"" c/o Quick Trans";laeisz l bremerhav;D;Deutschland;;0
40011;Reederei F.Laeisz G.m.b.H.;laeisz rostock;D;Deutschland;34 Reederei;0
40011L;"MV"" c/o D.R.A.W. International e.K.";laeisz l hamburg;D;Deutschland;;0
40012;"MS""  RICKMERS Schiffsbeteiligungsges.";rickmers hamburg;D;Deutschland;34 Reederei;0
40013;HANYUAN Technical Service Center GmbH;hanyuan hamburg;D;Deutschland;31 Ersatzteilhändler Schiffbau;0
40014;Columbus Shipmanagement GmbH;columbus hamburg;D;Deutschland;34 Reederei;0
40014A;COLUMBUS SHIPMANAGEMENT GmbH;columbus a hamburg;D;Deutschland;;0
40015;BUGSIER-, Reederei und Bergungs- Gesellschaft mbH & Co.KG;bugsier hamburg;D;Deutschland;34 Reederei;0
40016;Ernst Russ GmbH & Co.KG;russ  hamburg;D;Deutschland;;0
40017;Carl Büttner Shipmanagement GmbH;büttner bremen;D;Deutschland;34 Reederei;0
40018;Reederei Hans Peterson & Söhne GmbH & Co. KG;reederei  peterson rendsburg;D;Deutschland;34 Reederei;0
40018L;"Master of MV"" Rewico Sped.u.Schiffahr.Ges.mbH";mar-con l norder;D;Deutschland;;0
40019;siehe 11668 Shipping Services GmbH & Co. KG;heidorn hh o.mwst;D;Deutschland;;0
40020;REEDEREI UWE SUHR;suhr drochtersen;D;Deutschland;;0
40021;Finnlines Deutschland GmbH;finnlines Lübeck;D;Deutschland;;0
40021A;Finnlines Deutschland AG;finnlines a lübeck;D;Deutschland;;0
40021L;MS TRANSEUROPA c/o Collection Transport&Organisation GmbH;finnlines l lübeck;D;Deutschland;;0
40022;V. Ships (Germany) GmbH & Co.KG Gustav-Stresemann-Haus;v ships hamburg;D;Deutschland;31 Ersatzteilhändler Schiffbau;0
40022L;"Trans Team M/V ""Blackfriars Bridge""";ships l hamb.;D;Deutschland;;0
40023;Scandlines Deutschland GmbH;scandlin rostock;D;Deutschland;;0
40023A;Scandlines Deutschland GmbH Zentraler Einkauf;scandlin a  rostock;D;Deutschland;;0
40024;Reederei Heyo Janssen;janssen zwischenahn;D;Deutschland;;0
40025;"MS"" Schifffahrtsges.mbH&Co.KG";wulff glückstadt;D;Deutschland;34 Reederei;0
40026;Erste Friedrich A. Detjen (D)GmbH Schiffsbeteiligungsges.MBH&Co.;detjen hamburg;D;Deutschland;;0
40027;TURBO TECHNIK;turbo wilhelmshaven;D;Deutschland;03 Schiffbau (Systeme);0
40028;Oldendorff Carriers GmbH & Co.KG;oldendorff lübeck;D;Deutschland;34 Reederei;0
40029;Repair Service Rostock GmbH Marine-and Industrial Repairs;repair rostock;D;Deutschland;;0
40030;Lloyd Werft Bremerhaven AG;lloyd bremerhaven;D;Deutschland;02 Schiffbau (Werft);0
40031;Thien & Heyenga Bereederungs-und Befrachtungsges. mbH;thien hamburg;D;Deutschland;34 Reederei;0
40032;Schlüssel Reederei KG (GmbH & Co.);schlüssel bremen;D;Deutschland;34 Reederei;0
40032L;Master MV            c/o DHL Danzas Air & Ocean Germany GmbH;schlüssel l bremen;D;Deutschland;;0
40034;"Deutsche Seetouristik GmbH MS""ARKONA"" Masch.-Ressort 3";deutsche rostock;D;Deutschland;;0
40034L;SPETEX AIR CARGO GmbH Flughafen Frachthof;deutsche l rostock;D;Deutschland;;0
40035;Kapitän Klaus Jürgens KG;jürgens engelbr.;D;Deutschland;;0
40035L;"MS ""Birgit Jürgens"" Kapt. Walter Lemanski";jürgens l engelbr.;D;Deutschland;;0
40036;Alpha Ship GmbH & Co. KG;alpha bremen;D;Deutschland;34 Reederei;0
40036A;ALPHA SHIP GmbH;alpha a bremen;D;Deutschland;;0
40036L;to the Master of           c/o DHL/Danzas Air&Ocean Germany GmbH;alpha l bremen;D;Deutschland;;0
40037;Hermann Dauelsberg GmbH & Co.KG;dauelsberg bremen;D;Deutschland;34 Reederei;0
40037L;"To the Master of MV"" c/o Herm. Dauelsberg GmbH & Co.";dauelsberg l bremen;D;Deutschland;;0
40038;John T. Essberger GmbH & Co. KG;essberger hamburg;D;Deutschland;34 Reederei;0
40038L;Tos-Ausrüstungslager;transocean l hamb.;D;Deutschland;;0
40039;Hermann Buss GmbH & Cie KG;buss leer;D;Deutschland;34 Reederei;0
40039A;Hermann Buss GmbH & Cie;buss a leer;D;Deutschland;;0
40039L;Danzas GmbH;danzas l bremen;D;Deutschland;;0
40040;Wessels Reederei  GmbH & Co. KG;wessels  haren;D;Deutschland;34 Reederei;0
40041;Kiepe-Schepers Containerschiff KG;kiepe haren;D;Deutschland;;0
40042;Komrowski Befrachtungskontor KG (GmbH & Co);komrowski hamburg;D;Deutschland;31 Ersatzteilhändler Schiffbau;0
40042A;Komrowski Befrachtungskontor KG;komrowski a hamburg;D;Deutschland;;0
40043;"A.C.T.S/U.S.INC. M/V""JAMES"" c/o Alfred C. Toepfer";toepfer hamburg;D;Deutschland;;0
40044;Wilms O. GmbH & Co. KG Exportagentur;wilms hamburg;D;Deutschland;;0
40045;Neptun Techno Product GmbH;neptun rostock;D;Deutschland;;0
40046;Embassy of Israel MOD Mission;botschaft israel;D;Deutschland;;0
40047;Kapitän Manfred Draxl Schiffahrts GmbH & Co.KG;draxl Haren;D;Deutschland;34 Reederei;0
40048;Boluda Deutschland GmbH;boluda bremen;D;Deutschland;34 Reederei;0
40049;Resita - Renk S.A. Fabrica de Reductoare Resita;resita romania;D;Deutschland;;0
40050;GT Tanker Inspektions GmbH;gt bremen;D;Deutschland;31 Ersatzteilhändler Schiffbau;0
40051;"MS""Hasselwerder"" Schiffahrtsges.mbH & Co.";ms neu wulmsdorf;D;Deutschland;34 Reederei;0
40052;Schiffahrtskontor tom Wörden GmbH & Co. KG;wörden oldend;D;Deutschland;34 Reederei;0
40053;KADÜTO Schiffahrtsges. M.B.H. & Co. KG;kadüto haren;D;Deutschland;;0
40054;Adres. nicht ermittelbar Viamare Schiffahrts GmbH & Co. KG;viamare hamburg;D;Deutschland;;0
40054A;VIAMARE Schiffahrts GmbH & Co. KG;viamare a hamburg;D;Deutschland;;0
40055;ZOLT REPRESENTATIONS FOR MARINE AND INDUSTRY;zolt lüchow;D;Deutschland;;0
40056;CARSTEN REHDER Schiffsmakler siehe KD-Nr. 40135;rehder  hamburg;D;Deutschland;;0
40057;Hilmatech GMBH Marine Technics GmbH;hilmatech gescher;D;Deutschland;;0
40058;Ernst Jacob (GmbH & Co.) Reeder u.Schiffsmakler;jacob flensburg;D;Deutschland;34 Reederei;0
40059;Peter Deilmann Reederei GmbH & Co. KG;deilmann neustadt;D;Deutschland;;0
40059A;Peter Deilmann Reederei GmbH & Co.KG;deilmann a neusta;D;Deutschland;;0
40059L;"MS""DEUTSCHLAND"",c/o PANALPINA Welttransport GmbH";deilmann l MS.Nord;D;Deutschland;;0
40060;"SIRUS Schiffahrtsges.m.b.H &Co.KG MS"" Angela J";sirus haren;D;Deutschland;;0
40060L;"MV""MAERSK MANZANILLO""ex""HELENE J"" DANZAS Flug";astorl haren;D;Deutschland;;0
40061;"MV""SESAM"" Matthiesen Seetransport KG";warnholz winsen;D;Deutschland;;0
40061A;Warnholtz,Schmidt & Co.;warnholz a hamburg;D;Deutschland;;0
40061L;"MV""SESAM"" Matthiesen Seetransp.KG c/o Warnholz,Schmidt & Co.";warnholz l hamburg;D;Deutschland;;0
40062;"MS"" Schifffahrtsges.  mbH & Co. KG";ms hemmoor;D;Deutschland;34 Reederei;0
40062A;G. Waleer Bereederung Schiffahrtsges.mbH & Co. KG;waller l hemmoor;D;Deutschland;;0
40063;Barthels & Lüders Division of Blohm + Voss Repair GmbH;barthels & lüders;D;Deutschland;31 Ersatzteilhändler Schiffbau;0
40064;"SIRIUS Schiffahrtsges.m.b.H. & Co. KG MS ""HEIMAR J""";sirius haren;D;Deutschland;;0
40065;Reederei Weser-Schiffahrts- Agentur GmbH & Co. KG;reederei brake;D;Deutschland;;0
40066;Promarine GmbH siehe KD-Nr. 10726;promarine hamburg;D;Deutschland;;0
40067;Karl Geuther GmbH & Co. KG;geuther bremen;D;Deutschland;;0
40068;Oskar Wehr KG (GmbH & Co.) Baltic Carrée;wehr hamburg;D;Deutschland;34 Reederei;0
40069;Rigel Schifffahrts GmbH & Co. KG;rigel bremen;D;Deutschland;34 Reederei;0
40070;I. Jansen GmbH;jansen hamburg;D;Deutschland;31 Ersatzteilhändler Schiffbau;0
40071;Hempel Shipping GmbH;hempel bremen;D;Deutschland;34 Reederei;0
40072;GRS Rohden Shipping GmbH & Co. KG;rohden hamburg;D;Deutschland;31 Ersatzteilhändler Schiffbau;0
40073;Owner E. Köpke KG;köpke jork;D;Deutschland;;0
40074;POLMA MARITIME TECHNIC;polma ahrensburg;D;Deutschland;;0
40075;"MS""JUDITH SCHULTE Schiffsbetriebs GmbH & Co.,c/o Bernhard Schulte";schulte hamburg;D;Deutschland;;0
40076;Ahrenkiel Steamship GmbH & Co. KG;ahrenkiel hamburg;D;Deutschland;34 Reederei;0
40077;DGzRS Deutsche Gesellschaft zur Rettung Schiffbrüchiger;dgzrs bremen;D;Deutschland;;0
40078;Phoenix Reederei GmbH;phoenix leer;D;Deutschland;34 Reederei;0
40079;KRON-CIS s.KD-Nr.10941;kron buxtehude s.10941;D;Deutschland;;0
40080;R.C. Goettling;goettling hannover;D;Deutschland;;0
40081;F.H. Bertling Reederei GmbH;bertling hamburg;D;Deutschland;34 Reederei;0
40082;KG Fisser & v. Doornum GmbH & Co.;fisser hamburg;D;Deutschland;34 Reederei;0
40083;Zodiac Maritime Agencies c/o Herbert Duncker, Ing. Büro;duncker hamburg;D;Deutschland;;0
40084;Fritz Haug AG Kompressoren;haug st. gallen;D;Deutschland;;0
40085;Reederei Claus-Peter Offen Containerschiffreederei;offen hamburg;D;Deutschland;34 Reederei;0
40086;Hans Krüger GmbH Reederei;krüger hamburg;D;Deutschland;;0
40087;GANYMED SHIPPING GmbH;ganymed bremen;D;Deutschland;;0
40088;Reimarus Schiffahrtskontor GmbH & Co. KG;reimarus hamburg;D;Deutschland;;0
40089;Hansheng M. S. C. GmbH;hansheng hamburg;D;Deutschland;33 Ersatzteilhändler S/I;0
40090;Edmund Halm & Co. GmbH Reederei und Schiffsmakler;halm hamburg;D;Deutschland;;0
40091;"M/S""HOHEBANK"" Ludwig Rass KG";rass bramstedt;D;Deutschland;34 Reederei;0
40092;Hänsel Schiffahrts-und Bereederungs GmbH & Co. KG;hänsel duisburg;D;Deutschland;;0
40093;Donau Trans Schiffahrts GmbH & Co. KG;donau hamburg;D;Deutschland;;0
40094;Mira Transport Pte.Ltd. c/o NAVYLLOYD AG;mira basel;D;Deutschland;;0
40095;Chr. Jürgensen Brink & Wölffel Schiffahrt GmbH & Co.;jürgensen flensburg;D;Deutschland;;0
40096;Nordenhamer Bereederungsgesellschaft mbH;nordenhamer nordenh.;D;Deutschland;34 Reederei;0
40097;Zodiac Maritime Agencies Ltd. c/o Herbert Duncker,Dipl.Ing.;zodiac geesthacht;D;Deutschland;;0
40098;Shipping Consulting & Service GmbH;scs bremerhaven;D;Deutschland;;0
40099;Insel.-und Halligreederei Sven Paulsen;paulsen westerland;D;Deutschland;;0
40100;Schepers-Rheintrader Schiffahrts KG;schepers haren;D;Deutschland;31 Ersatzteilhändler Schiffbau;0
40104;"HS Schiffahrts GmbH & Co. KG MV""..............""";hs haren;D;Deutschland;34 Reederei;0
40105;MWB Motorenwerke Bremerhaven AG;mwb bremerhaven;D;Deutschland;01 Motoren;0
40106;"MV"" Dr. K. H. Krämer GmbH, c/o";cst  hamburg;D;Deutschland;34 Reederei;0
40107;E.R. SCHIFFAHRT GmbH & Cie. KG;er hamburg;D;Deutschland;34 Reederei;0
40108;Hanseatic s.KD.Nr.10445 Services GmbH & Co.KG;hanseatic s. KD.Nr. 10445;D;Deutschland;34 Reederei;0
40109;Köpping Reederei GmbH & Co. KG;köpping schülp;D;Deutschland;34 Reederei;0
40110;Reederei Cassen Eils GmbH;reedereieils cuxhav.;D;Deutschland;34 Reederei;0
40111;Seereederei Baco-Liner GmbH;baco-liner duisburg;D;Deutschland;;0
40112;MS. ESMERALDA Schifffahrtsges.  mbH & Co. KG;reederei hemmoor;D;Deutschland;;0
40113;BuS Shipmanagement GmbH Technical Department;bus  hamburg;D;Deutschland;;0
40114;Flender Werft AG;flender lübeck;D;Deutschland;;0
40115;"M/S""";m/s drevin cuxhav.;D;Deutschland;;0
40116;Reminton Navigation Ltd.  c/o Latona Schiffahrtsges.mbH&Co.KG;remington osten;D;Deutschland;;0
40117;trans-Mar-supply  GmbH & Co. KG;transmar bremen;D;Deutschland;31 Ersatzteilhändler Schiffbau;0
40118;siehe KD-NR. 10658 Marine Engneering GmbH;bindemann hamburg;D;Deutschland;;0
40119;"Condra Schiffahrts GmbH & Co.KG MS""Ingrid""";mts haren;D;Deutschland;;0
40120;UNITEAM MARINE Shipping  GMBH;uniteam hamburg;D;Deutschland;31 Ersatzteilhändler Schiffbau;0
40121;Transeste Schiffahrt GmbH;transeste hamburg;D;Deutschland;31 Ersatzteilhändler Schiffbau;0
40122;F.A. Vinnen & Co.(GmbH & Co.KG);vinnen bremen;D;Deutschland;34 Reederei;0
40123;Vorsetzen BSK gmbH & Co. KG;vorsetzen hamburg;D;Deutschland;;0
40124;Hellenic Shipstores GmbH;hellenic hamburg;D;Deutschland;;0
40125;Maritime Service Aleuropa GmbH;aleuropa hamburg;D;Deutschland;31 Ersatzteilhändler Schiffbau;0
40125A;Maritime Service ALEUROPA GmbH;aleuropa a hamburg;D;Deutschland;;0
40125L;M/V c/o Paul Altschüler & Co.;aleuropa l hamburg;D;Deutschland;;0
40126;Reederei Rudolf Schepers GmbH & Co. KG;schepers reederei;D;Deutschland;34 Reederei;0
40127;Norddeutsche Reederei H. Schuldt GmbH & Co. KG;schuldt norddeutsche reederei HH;D;Deutschland;34 Reederei;0
40128;"Reederei MS ""Tistedal W. Hammann KG";hammann drochtersen;D;Deutschland;;0
40129;"Partenreederei M/S""LEESWIG"" K.R. Meerpahl & Meyer";partenreed.buxtehud.;D;Deutschland;;0
40130;TT-Line GmbH & Co. KG;tt-line lübeck;D;Deutschland;34 Reederei;0
40131;"MS""Stephanie S"" Reederei SIEMER KG";siemer lübeck;D;Deutschland;;0
40132;W.Bockstiegel Maritime Service GmbH & Co. KG;bockstiegel emden;D;Deutschland;31 Ersatzteilhändler Schiffbau;0
40133;Aug. Bolten Wm. Miller's Nachfolger(GmbH & Co.)KG;bolten hamburg;D;Deutschland;;0
40134;Reederei Hermann Lohmann Schiffahrts GmbH & Co. KG;lohmann haren;D;Deutschland;;0
40135;Carsten Rehder Schiffsmakler und Reederei GmbH & Co.KG;rehder hamburg;D;Deutschland;34 Reederei;0
40136;siehe KD-Nr. 10737;rump hamburg;D;Deutschland;03 Schiffbau (Systeme);0
40137;Johs. Thode GmbH & Co. KG;thode hamburg;D;Deutschland;;0
40139;Bremer Bereederungsgesellschaft mbH & Co. KG;bremer bremen;D;Deutschland;34 Reederei;0
40140;Bremer Bereederungs GmbH & Co.KG;bremer bremen;D;Deutschland;;0
40141;M/S Heike BRAREN/CELLUS Reederei Rörd Braren;braren kollmar;D;Deutschland;31 Ersatzteilhändler Schiffbau;0
40142;"MS"" GmbH & Co. Reederei KG";ms  haren;D;Deutschland;;0
40143;Robos GmbH & Co.KG (Siehe Kdnr 12684);robos hamburg;D;Deutschland;25 Allgemeiner Anlagenbau;0
40144;Rhein-,Maas-und See- Schiffahrtskontor GmbH;rms duisburg;D;Deutschland;;0
40145;Carl F. Peters (GmbH & Co.) Shipmanagement;peters hamburg;D;Deutschland;;0
40146;KG Projex Schiffahrtsges.mbH&Co.;kg  Projex hamburg;D;Deutschland;30 Händler;0
40148;Diesel Engine Care Int. GmbH;diesel hamburg;D;Deutschland;35 Instandhaltung/Wartung;0
40149;GIE Gazke Import-Export;gie bremen;D;Deutschland;;0
40150;Consailer Conship GmbH & Co Reederei KG MS Christina;consailer haren;D;Deutschland;;0
40151;N.W. Baltic Supply siehe KD 10635;baltic hamburg;D;Deutschland;;0
40152;UNNODE Trading Import-Export;unnode hammah;D;Deutschland;;0
40153;Deutsche Fischfang-Union GmbH & Co. KG;deutsche fischfang cuxhaven;D;Deutschland;;0
40154;AIDA CRUISES German Branch of Costa;aida rostock;D;Deutschland;34 Reederei;0
40155;"Nagel Shipping GmbH & Co. KG M/S"" Kalina""";nagel drochtersen;D;Deutschland;;0
40156;"M/S"" Stefan Patjens GmbH & Co. KG";patjens drochtersen;D;Deutschland;34 Reederei;0
40157;BRISE Bereederung Hamburg GmbH & Co. KG;brise hamburg;D;Deutschland;34 Reederei;0
40158;Nimmrich & Prahm Reederei GmbH & Co. Kg;nimmrich leer;D;Deutschland;;0
40160;Helmker & Co. GmbH siehe KD-Nr. 12387;helmker hamburg;D;Deutschland;31 Ersatzteilhändler Schiffbau;0
40161;Reederei Nord GmbH Astraturm;reedereinord hamburg;D;Deutschland;34 Reederei;0
40162;Reederei Gebr. Winter GmbH & Co. KG;winter hamburg;D;Deutschland;;0
40163;Schepers-Global Containerschiff KG;schepers global haren;D;Deutschland;34 Reederei;0
40164;Reederei Alnwick Harmstorf & Co. GmbH;reederei hamburg;D;Deutschland;;0
40165;Hammonia Reederei GmbH & Co. KG;hammonia hamburg;D;Deutschland;34 Reederei;0
40166;Thomas Schulte Ship Management GmbH & Co. KG;schulte ship management;D;Deutschland;34 Reederei;0
40167;Reederei Karl Schlüter GmbH & Co. KG;schlüter rendsburg;D;Deutschland;;0
40168;Wenzel Marine Trading & Consultants Ltd.;wenzel brinkum;CY;Zypern;31 Ersatzteilhändler Schiffbau;0
40169;RHL Hamburger Lloyd GmbH & Co. KG;rhl hamburg;D;Deutschland;34 Reederei;0
40170;Opielok Reederei GmbH;opielok hamburg;D;Deutschland;;0
40171;Fehn Bereederungs GmbH & Co. KG;fehn leer;D;Deutschland;31 Ersatzteilhändler Schiffbau;0
40172;BBC Bereederungs Contor & Co. KG;bbc burg;D;Deutschland;34 Reederei;0
40174;Reederei Foroohari GmbH;foroohari stade;D;Deutschland;;0
40175;TMS Hamburg siehe KD-NR.12228;tms hamburg;D;Deutschland;31 Ersatzteilhändler Schiffbau;0
40176;Northern Marine Management (Deutschland) GmbH & Co. KG;northern hamburg;D;Deutschland;34 Reederei;0
40177;MarConsult Schiffahrt GmbH & Co.KG;marconsult hamburg;D;Deutschland;31 Ersatzteilhändler Schiffbau;0
40178;B+V Industrietechnik GmbH;b+v hamburg;D;Deutschland;03 Schiffbau (Systeme);0
40179;Candler Schifffahrt GmbH;candler bremen;D;Deutschland;34 Reederei;0
40180;Lotsbetriebsverein e.V. Aussenstelle Cuxhaven;lotsbetriebsverein cuxhaven;D;Deutschland;34 Reederei;0
40181;Marine Support Office Siegfried Born;starc mso lütjensee;D;Deutschland;;0
40182;Krey Schifffahrts GmbH;krey leer;D;Deutschland;;0
40183;Adler Schiffe GmbH & Co. KG;adler-schiffe westerland;D;Deutschland;34 Reederei;0
40184;ASTOR SCHIFFAHRTSGES. MBH & CO. KG;astor haren;D;Deutschland;;0
40185;Hunte Engineering GmbH;hunte oldenburg;D;Deutschland;02 Schiffbau (Werft);0
40186;Reederei Bernd Sibum GmbH & Co. KG;sibum reed. haren;D;Deutschland;34 Reederei;0
40188;Reederei Eugen Friedrich Bereederungs-u.;friedrich bremen;D;Deutschland;;0
40189;Bernd Becker Shipmanagement GmbH & Co. KG;becker jork;D;Deutschland;34 Reederei;0
40190;Zweite NORDCAP Schiffsbeteiligungsgesellschaft;zweite hamburg;D;Deutschland;;0
40191;Blohm & Voss GmbH;blohm & voss;D;Deutschland;03 Schiffbau (Systeme);0
40192;Gietech GmbH;gietech weyhe;D;Deutschland;;0
40193;Columbia Shipmanagement (Deutschland) GmbH;columbia hamburg;D;Deutschland;31 Ersatzteilhändler Schiffbau;0
40194;AJ Ship Management GmbH;alfa  leer;D;Deutschland;;0
40195;Albert Hauschild GmbH & Co.KG;hauschild ellerbek;D;Deutschland;34 Reederei;0
40196;Reederei Frank Dahl e.K. Cuxship Management GmbH;dahl cuxhaven;D;Deutschland;;0
40197;Hanseatic Shipping (Deutschland) GmbH & Co. KG;hanseatic hamburg;D;Deutschland;;0
40198;Fairplay Schleppdampfschiff Reederei R.Borchard GmbH;fairplay rostock-warnemünde;D;Deutschland;34 Reederei;0
40199;M/S Christian Schifffahrts KG Kapitän Bernd Meyering;meyering haren;D;Deutschland;;0
40200;Kohn Industry Products Siehe KD-Nr. 12538;kohn norderstedt;D;Deutschland;32 Ersatzteilhändler Industrie;0
40201;Bojen Bereederung GmbH & Co. KG;bojen moormerland;D;Deutschland;34 Reederei;0
40202;Ernst Komrowski Components GmbH;komrowski hamburg;D;Deutschland;;0
40203;Carisbrooke Shipping (Management) GmbH;carisbrooke leer;D;Deutschland;;0
40204;POL-NAVE SUPPLY SERVICE siehe KD-Nr.10739;pol-nave hamburg;D;Deutschland;32 Ersatzteilhändler Industrie;0
40205;"MS"" Schifffahrtsges. mbH Co. KG";nsc hamburg;D;Deutschland;34 Reederei;0
40206;SCAN MOT Marine Technique FZC;scan mot sharjah;UAE;Vereinigte Emirate;;0
40207;DS Schiffahrt GmbH & Co.KG;ds schiffahrt hamburg;D;Deutschland;31 Ersatzteilhändler Schiffbau;0
40208;GMS General Marine Spares Im- und Export GmbH;gms henstedt;D;Deutschland;;0
40209;MARTIME - Gesellschaft für martime Dienstleistungen mbH;martime Elsfleth;D;Deutschland;31 Ersatzteilhändler Schiffbau;0
40210;H. Schepers Bereederungs GmbH & Co.KG;schepers elsfleth;D;Deutschland;;0
40211;CCC machinery GmbH;ccc hamburg;D;Deutschland;25 Allgemeiner Anlagenbau;0
40212;Hans Scholl Dr. K.-H. Krämer GmbH;scholl hamburg;D;Deutschland;;0
40213;Flensburger Container Schiffahrts gesellschaft mbH & Co.SIRIUS KG;flensburger container flensburg;D;Deutschland;34 Reederei;0
40214;Helping Hand Services Shipchandler;helping hand berne;D;Deutschland;;0
40216;Hanseatic Lloyd Schiffahrt GmbH & Co. KG;hanseatic lloyd bremen;D;Deutschland;34 Reederei;0
40217;BD-Shipsnavo GmbH & Co. Reederei KG;bd-shipsnavo haren;D;Deutschland;;0
40218;HJH Shipmanagement GmbH & co. KG;hjh cadenberg;D;Deutschland;34 Reederei;0
40219;Passat Schifffahrtsgesellschaft mbH & Co. KG;passat hamburg;D;Deutschland;34 Reederei;0
40220;K&K Schifffahrts Gmbh & Co. KG;k&k hamburg;D;Deutschland;34 Reederei;0
40221;Reedereigruppe Freese;freese stade;D;Deutschland;34 Reederei;0
40222;ASH ALLROUND SCHIFFSSERVICE Hamburg;ash hamburg;D;Deutschland;;0
40223;"Reedereien Heinz Corleis MS""Polaris"" GmbH  & Co. KG";reederei corleis stade;D;Deutschland;;0
40224;"TESCH Breederungsgesellschaft mbH & Co. KG MS""";tesch haren;D;Deutschland;;0
40225;QUADRANT Beerederungsges. mbH & Co. KG;quadrant hamburg;D;Deutschland;34 Reederei;0
40226;Vega Reederei GmbH & Co. KG;vega hamburg;D;Deutschland;31 Ersatzteilhändler Schiffbau;0
40227;KG Reederei Roth GmbH & Co.;roth  reederei hamburg;D;Deutschland;34 Reederei;0
40228;Bremer Lloyd Reederei GmbH & Co. KG;bremerlloyd bremen;D;Deutschland;;0
40229;Reederei F. Laeisz G.m.b.H. ZN Bremerhaven;laeisz bremerhaven;D;Deutschland;34 Reederei;0
40230;MS Coneste Reed. Bernd Bartels KG (GmbH & Co.);bartels jork;D;Deutschland;;0
40231;Sunship Schiffahrtskontor KG;sunship lauterjung emden;D;Deutschland;34 Reederei;0
40232;"Reederei Petra Heinrich KG MS""Anna Sirkka""GmbH & Co.";heinrich jork;D;Deutschland;34 Reederei;0
40233;Schleppreederei KOTUG GmbH;kotug bremerhaven;D;Deutschland;;0
40234;H. C. Röver Maritime Agency GmbH;röver hamburg;D;Deutschland;31 Ersatzteilhändler Schiffbau;0
40235;INTERSCAN Schiffahrtsgesellschaft m.b.H.;interscan hamburg;D;Deutschland;34 Reederei;0
40236;Norderwerft Repair GmbH;norderwerft hamburg;D;Deutschland;02 Schiffbau (Werft);0
40237;Reederei Blue Star GmbH;bluestar hamburg;D;Deutschland;34 Reederei;0
40238;Bereederungsgesellschaft Alstership mbH & Co.KG;bereederung hamburg;D;Deutschland;34 Reederei;0
40239;D. Oltmann Reederei GmbH & Co.KG;oltmann bremen;D;Deutschland;34 Reederei;0
40240;"WERSE Schiffahrts GmbH & Co. KG MS""";werse münster;D;Deutschland;;0
40241;Bernhard Schulte Shipmanagement (Deutschland) GmbH & Co. KG;schulte hamburg;D;Deutschland;34 Reederei;0
40242;Claus-Peter Offen Tankschiffreederei Hamburg Office;offen tankschiff hamburg;D;Deutschland;34 Reederei;0
40243;TMS Ship Management GmbH & Co. KG;tms ship hamburg;D;Deutschland;34 Reederei;0
40244;HANS-UWE MEYER Bereederungs GmbH & Co.KG;meyer jork;D;Deutschland;;0
40245;Leonhardt & Blumberg Reederei GmbH & Co. KG;leonhardt hamburg;D;Deutschland;34 Reederei;0
40246;Neu Seeschiffahrt GmbH;neu seeschiff hamburg;D;Deutschland;34 Reederei;0
40247;Lotsbetriebsverein e. V. s. 12515 -Außenstelle Bremerhaven-;lotsbetriebsv bremerhaven;D;Deutschland;;0
40248;Reederei O.Marten GmbH & Co. KG;marten eckenfoerde;D;Deutschland;34 Reederei;0
40249;Shipcare Management GmbH & Co. KG Technical/ Purchase Department;shipcare haren;D;Deutschland;31 Ersatzteilhändler Schiffbau;0
40250;WMS Shipmanagement GmbH & Co. KG;wms  hamburg;D;Deutschland;;0
40251;BF Shipmanagement GmbH & Co.KG;bf  stade;D;Deutschland;31 Ersatzteilhändler Schiffbau;0
40252;Reederei Gerdes Gruppe;reederei gerdes haren;D;Deutschland;34 Reederei;0
40253;TB Marine Shipmanagement GmbH & Co.KG;tb marine hamburg;D;Deutschland;34 Reederei;0
40254;"MS""SONJA FRIEDRICH"" Schifffahrtsges. mbH & Co. KG";friedrich bremen;D;Deutschland;;0
40255;REEDEREI JENS & WALLER GMBH & CO . KG;reederei jens stade;D;Deutschland;34 Reederei;0
40256;Hamburger Hafen-und Logistik AG;hamburger hafen hamburg;D;Deutschland;32 Ersatzteilhändler Industrie;0
40258;Marlow Ship Management Deutschland GmbH & Co. KG;marlow hamburg;D;Deutschland;31 Ersatzteilhändler Schiffbau;0
40260;MPC Steamship GmbH & Co.KG;mpc Hamburg;D;Deutschland;34 Reederei;0
40261;Hansa Heavy Lift GmbH;hansa heavy hamburg;D;Deutschland;34 Reederei;0
40262;Reederei Speck Ihn.: Birte Schmalfeld;reederei speck hörsten;D;Deutschland;31 Ersatzteilhändler Schiffbau;0
40263;Schoening Bereederungs GmbH & Co. KG;schoening hamburg;D;Deutschland;34 Reederei;0
40264;Reederei Eckhoff GmbH & Co. KG;eckhoff jork;D;Deutschland;34 Reederei;0
40265;Vineta Bereederungsgesellschaft mbH;vineta hamburg;D;Deutschland;34 Reederei;0
40266;"UNITAS Schiffahrtsges. mbH & Co. MS""UNISKY""KG";unitas haren;D;Deutschland;34 Reederei;0
40267;GULF MARINE MANAGEMENT Deutschland GmbH & Co. KG;gulf marine hamburg;D;Deutschland;31 Ersatzteilhändler Schiffbau;0
40268;Reederei Hinsch GmbH & Co.KG;hinsch buxdehude;D;Deutschland;34 Reederei;0
40269;Hellespont Ship Management GmbH & Co. KG;hellespont hamburg;D;Deutschland;;0
40270;Opielok Offshore Carriers GmbH & Co. KG;opielok  hamburg;D;Deutschland;;0
40271;IMM Shipping GmbH & Co. KG;imm ahrensburg;D;Deutschland;34 Reederei;0
40273;TSC The Shipmanagement Company GmbH & Co. KG;tsc  hamburg;D;Deutschland;31 Ersatzteilhändler Schiffbau;0
40274;PASSAT Kreuzfahrten GmbH;passat kreuzfahrten hamburg;D;Deutschland;34 Reederei;0
40275;Held Bereederungs GmbH & Co. KG GmbH & Co. KG;held haren;D;Deutschland;31 Ersatzteilhändler Schiffbau;0
40277;AGATA SHIPPING LTD MALTA C/O ALPHAMATE COMMODITY GMBH;alphamate hamburg;D;Deutschland;40 Kleinbetriebe;0
40278;Fairplay Schleppdampfschiffs- Reederei;fairplay;D;Deutschland;34 Reederei;0
40279;bremenports GmbH & Co. KG;bremenports bremerhaven;D;Deutschland;34 Reederei;0
40280;Buss Shipping GmbH & Co. KG;buss shipping;D;Deutschland;34 Reederei;0
40281;Hans Schramm & Sohn Schleppschifffahrt GmbH & Co. KG;schramm brunsbüttel;D;Deutschland;03 Schiffbau (Systeme);0
40282;Reederei Eilbrecht GmbH & Co. KG;eilbrecht emden;D;Deutschland;34 Reederei;0
40283;Reederei Lehmann GmbH & Co. KG;lehmann lübeck;D;Deutschland;34 Reederei;0
40284;WEGENER Bereederungsges. mbh & Co. KG;wegener jork;D;Deutschland;34 Reederei;0
40285;Johann M.K. Blumenthal GmbH & Co. KG;blumenthal  hamburg;D;Deutschland;34 Reederei;0
40286;Deutsche Fischfang-Union GmbH & Co. KG;deutsche fischfang union;D;Deutschland;34 Reederei;0
40288;Drevin Bereederungs GmbH & Co. KG;drevin cuxhaven;D;Deutschland;34 Reederei;0
40289;Atlantic Lloyd;atlanticlloyd hh;D;Deutschland;34 Reederei;0
40290;USC Barnkrug GmbH & Co. KG;usc barnkrug gmbh;D;Deutschland;34 Reederei;0
40291;Reederei André Wieczorek GmbH & Co. KG;wieczorek reederei hamburg;D;Deutschland;34 Reederei;0
40292;Carnival Maritime GmbH;carnival maritime;D;Deutschland;31 Ersatzteilhändler Schiffbau;0
40293;BBG Bremer Bereederungsgesellschaft;bbg bremer beeredungsgesellschft;D;Deutschland;34 Reederei;0
40294;SMS Bereederung GmbH & Co. KG;sms bereedung;D;Deutschland;34 Reederei;0
40295;"Briese Schiffahrts GmbH & Co.KG MS """;briese leer;D;Deutschland;03 Schiffbau (Systeme);0
40296;Liberty Blue Shipmanagement GmbH & Co. KG;liberty blue;D;Deutschland;34 Reederei;0
40297;Institut für schnelle mechatronis Hochschule Heilbronn;Hochschule Künzelsau;D;Deutschland;44 Embedded Magnetics;0
40299;Navo Mare GmbH & Co. KG as agent to owners;navomare;D;Deutschland;31 Ersatzteilhändler Schiffbau;0
40300;SAL HEAVY Lift GmbH;sal heavy lift gmbh;D;Deutschland;31 Ersatzteilhändler Schiffbau;0
40301;J. Johannsen  Sohn Seeschlepp und transport GmbH;johannsen&sohn lübeck;D;Deutschland;31 Ersatzteilhändler Schiffbau;0
40302;Jasmund Shipping GmbH & Co. KG;jasmund shipping lietzow;D;Deutschland;31 Ersatzteilhändler Schiffbau;0
40303;Blohm & Voss  B.V. & Co. KG;blohm & voss;D;Deutschland;31 Ersatzteilhändler Schiffbau;0
40304;Reederei Rudolf Schepers;reederei schepers;D;Deutschland;34 Reederei;0
40305;ArankaMarine GmbH;aranka marine hh;D;Deutschland;34 Reederei;0
40306;AERIUS Marine GmbH;Aerius Marine;D;Deutschland;03 Schiffbau (Systeme);0
40307;Traneste Schiffahrt GmbH;tranesete jork;D;Deutschland;31 Ersatzteilhändler Schiffbau;0
40308;ZEABORN Ship Management GmbH & Cie. KG;zeaborn hamburg;D;Deutschland;31 Ersatzteilhändler Schiffbau;0
40309;Carl Baguhn GmbH & Co.KG;baghun hamburg;D;Deutschland;31 Ersatzteilhändler Schiffbau;0
40310;Manitowoc Crane Group France S.A.S;manitowoc france;F;Frankreich;09 Mobilhydraulik;0
40311;GBS-Shipmanagement GmbH & Co. KG;gbs shipmanagement trade;D;Deutschland;34 Reederei;0
40312;GEFO Gesellschaft für Oeltransporte mbH;gefo duisburg;D;Deutschland;34 Reederei;0
40313;Lerbs GmbH;lerbs stuhr;D;Deutschland;30 Händler;0
40314;PT-Shipmanagement GmbH;pt shipmanagement gmbh;D;Deutschland;31 Ersatzteilhändler Schiffbau;0
40315;FAIRPLAY Schleppdampfschiffs-Reederei;fairplay hamburg;D;Deutschland;31 Ersatzteilhändler Schiffbau;0
40316;AVB Ahrenkiel Vogemann Bolten GmbH & Co. KG;avb ahrenkiel hamburg;D;Deutschland;31 Ersatzteilhändler Schiffbau;0
40318;DELFT Schiffahrt GmbH & Co. KG;delft emden;D;Deutschland;31 Ersatzteilhändler Schiffbau;0
40319;Rörd Braren Beerederungs GmbH & Co. KG;rörd braren kollmar;D;Deutschland;31 Ersatzteilhändler Schiffbau;0
40320;DT-Bereederungs GmbH & Co. KG;dt-bereederungs burg/dithmarschen;D;Deutschland;31 Ersatzteilhändler Schiffbau;0
40321;SLOMAN NEPTUN Schiffahrts-Aktiengesellschaft;sloman neptun bremen;D;Deutschland;34 Reederei;0
40322;FTH, Fredenbecker Technik & Handels GmbH;fredenbecker  stade;D;Deutschland;34 Reederei;0
40323;Abrams Schiffskontor GmbH & Co. KG;abrams leer;D;Deutschland;31 Ersatzteilhändler Schiffbau;0
40324;Reederei Cassen Eils GmbH;reedereieils cuxhav.;D;Deutschland;34 Reederei;0
40325;TAS Transatlantische Schifffahrts GmbH & Co. KG;tas transatlantische;D;Deutschland;34 Reederei;0
40326;FRS Heloline GmbH & Co. KG;frs helgoline helgoland;D;Deutschland;35 Instandhaltung/Wartung;0
40327;Harpaingas GmbH & Co. KG.;harpaingas hamburg;D;Deutschland;31 Ersatzteilhändler Schiffbau;0
40328;Rubix GmbH;rubix stuhr;D;Deutschland;30 Händler;0
40329;Adler Schiffe GmbH & Co. KG;adler-schiffe westerland;D;Deutschland;34 Reederei;0
40330;Thome Shipmanagement Germany GmbH & Co. KG;thome hamburg;D;Deutschland;;0
40331;Victoria Marine Ship Management GmbH & Co. KG;victoria marine hamburg;D;Deutschland;;0
40332;Grona Shipmanagement GmbH & Co. KG;grona shipmanagement leer;D;Deutschland;31 Ersatzteilhändler Schiffbau;0
40333;FRS Europe Holding GmbH;frs flensburg;D;Deutschland;33 Ersatzteilhändler S/I;0
40334;"Aktien-Gesellschaft ""EMS""";ems emden;D;Deutschland;31 Ersatzteilhändler Schiffbau;0
40335;V.Ships (Hamburg) GmbH;v.ships hamburg;D;Deutschland;34 Reederei;0
40337;Vertom Bereederung GmbH & Co. KG;vertom moormerland;D;Deutschland;34 Reederei;0
40339;Hohewind UG (haftungsbeschränkt) & Co. KG;hohenwind ug hagen;D;Deutschland;34 Reederei;0
40340;German Tanker Shipping GmbH & Co. KG;german tanker shipping;D;Deutschland;;0
40341;"Krey Schiffahrts GmbH & Co. MS ""Felix"" KG";krey leer;D;Deutschland;31 Ersatzteilhändler Schiffbau;0
40342;Lubeca Marine (Germany) GmbH & Co. KG;lubeca marine lübeck;D;Deutschland;34 Reederei;0
40343;"Aktien-Gesellschaft ""EMS""";ems emden;D;Deutschland;31 Ersatzteilhändler Schiffbau;0
4D0;Derenda, Norbert;vb ost;D;Deutschland;;0
4T0;Ost (ehem. Derenda);vb ost trafag;D;Deutschland;;0
4W0;WDD Wolfgang Dinger;vb ost dinger;D;Deutschland;;0
50001;Arklow Shipping Limited;arklow ship.ireland;IRL;Irland;;0
50002;Marktechnical B V;marktechnical nl;NL;Niederlande;40 Kleinbetriebe;0
50004;trafag Italia S.R.L. c/o Tecnoctiy Altomilanese;trafag italia;I;Italien;40 Kleinbetriebe;0
50005;Trafag S.A.R.L. zI DE LA BONDE;trafag france;F;Frankreich;;0
50006;GEA Westfalia Separator Group GmbH;westfalia france;D;Deutschland;03 Schiffbau (Systeme);0
50007;Reider Shipping BV;reider winschoten;NL;Niederlande;;0
50008;Tyco Electronics Raychem N.V.;tyco belgien;B;Belgien;12 Automatisierungstechnik;0
50009;Harland and Wolff RO RO LTD;harland    belfast;IRL;Irland;;0
50010;Trafag (UK) Ltd.;trafag uk;GB;Great Britain;40 Kleinbetriebe;0
50011;Wärmeverwertung Ges.m.b.H.;wärmever. salzburg;A;Österreich;;0
50012;Tyco Thermal Controls N.V;tyco therm lubbeek;B;Belgien;06 Klimatechnik;0
50013;EUROMARINE Belgium N.V.;euromarine deurne;B;Belgien;;0
50015;A & P KIEFFER OMNITEC S.à r.l.;kieffer luxembourg;L;Luxemburg;25 Allgemeiner Anlagenbau;0
50016;AE Sensors B.V.;ae sensors dordre.;NL;Niederlande;;0
50017;ÖBB ZRS;öbb wien;A;Österreich;;0
50019;DuPont de Nemours (Deutschland) GmbH, c/o Du Pont Iberica S.L.;du pont aviles;E;Spanien;;0
50020;Viking Croisiers S.A;viking luxembourg;L;Luxemburg;;0
50021;Du Pont de Nemours (Luxembourg) s.à.r.l.;du pont luxembourg;L;Luxemburg;;0
50022;GEA Westfalia Separator France SAS;westfaliaseparator france;F;Frankreich;03 Schiffbau (Systeme);0
50023;Bosch Sicherheitssysteme GmbH;bosch ottobrunn;D;Deutschland;23 Brandschutz;0
50024;"Reederei ""Nord"" Klaus E. Oldendorff Ltd.";oldendorff klaus cy;CY;Zypern;;0
50026;voestalpine AG;voestalpine linz;A;Österreich;25 Allgemeiner Anlagenbau;0
50027;Rauch Hungària Kft.;rauch budapest;H;Ungarn;;0
50028;Trafag GmbH;trafag at;A;Österreich;40 Kleinbetriebe;0
50029;Contimetra Instrumentos Industria Portela de Carnaxide;trafag portugal;P;Portugal;;0
50030;CARLO GAVAZZI, S. A.;trafag spanien;E;Spanien;;0
50031;TRAFAG, SPOL.S.R.O.;trafag tschechien;CZ;Tschechische Republik;40 Kleinbetriebe;0
50032;Multitechnic nv/sa;trafa belgien;B;Belgien;;0
50033;CARLO GAVAZZI, S. A.;trafag spanien;E;Spanien;;0
50034;Siemens Mobility, SL;siemens cornellà;E;Spanien;00 Bahn;1
50035;GEA Westfalia Separator Group GmbH;westfalia oelde F;D;Deutschland;23 sb Schiffbauaggregate;0
50036;Bombardier Transportation GmbH Handelsvertretung;bombardier wien;A;Österreich;00 Bahn;1
50037;Ingersoll Rand European Sales Ltd;ingersoll UK;GB;Great Britain;30 Händler;0
50038;Technical & Brokerage Services S.r.l.;technical  Neapel;I;Italien;;0
50039;OEM Automatic Klitso A/S;klitsoe alleroed;DK;Dänemark;12 Automatisierungstechnik;0
50040;Valentino Gennarini S.r.i.;wärtsilä hamburg;I;Italien;;0
50041;Bettiol s.r.l Impianti termotecnici;upb bettiol villorba;I;Italien;;0
50042;Elcon International AB;hdd elcon nyhammar;S;Schweden;;0
50043;GEA Westfalia Separator Group GmbH;westfalia finnland;D;Deutschland;03 Schiffbau (Systeme);0
50044;Enviromental Industrial Systems GmbH;eis aachen;D;Deutschland;;0
50045;MT Marida Mallow Schifffahrtsgesellschaft;shipcare oldenburg;D;Deutschland;;0
50046;MPC Scheepsfonds W-O Chia C.V.;trans-mar bremen;NL;Niederlande;;0
50047;Kjaerulf Pedersen a/s;kjaerulf pedersen taastrup;DK;Dänemark;;0
50048;POLTRAF Sp. z. o. o.;poltraf gdansk;PL;Polen;;0
50050;Areva  GmbH;areva erlangen;D;Deutschland;04 Gasdichte (SF6);0
50051;Ferrostaal Air Technology GmbH;ferrostaal saarwellingen;D;Deutschland;40 Kleinbetriebe;0
50052;Neu Seeschiffahrt GmbH;neu seeschiffahrt hamburg;D;Deutschland;;0
50053;"Ocean Schipmanagement MS""BALTHASAR SCHULTE""";ocean hamburg;D;Deutschland;31 Ersatzteilhändler Schiffbau;0
50054;Lubeca Marine (Germany) GmbH & Co. KG;baltic engineering gdansk;D;Deutschland;;0
50055;Minimax Brandbeveiligung B.V;minimax holland;NL;Niederlande;;0
50056;Maritiem Elektro Zeeland B.V.;maritime grevenbroich;NL;Niederlande;31 Ersatzteilhändler Schiffbau;0
50057;Marioff GmbH;marioff hoppegarten;;;23 Brandschutz;0
50058;Siemens S.A. Comptabilité fournisseurs;SiemensBelgien Beersel;B;Belgien;00 Bahn;1
50059;Fr. Fassmer GmbH & Co. KG;fassmer;D;Deutschland;02 Schiffbau (Werft);0
50062;Sensirion AG;Sensirion;CH;Schweiz;40 Kleinbetriebe;0
50063;AERIUS Marine GmbH formerly Imtech Marine Schiffbau-;aerius marine aberdeen;GB;Great Britain;03 Schiffbau (Systeme);0
50064;Albatros Contracting NV/SA;albatros belgien;B;Belgien;16 Wasseranwendungen;0
50065;qpunkt GmbH;qpunkt hart bei graz;;;05 Prüfstände;0
50066;Siemens AG Österreich,Transformer Standort Weiz;siemens wiez;A;Österreich;20 Energietechnik;0
50067;MAHLE Electric Drives Slovenija d.o.o.;Mahle Letrika;SLO;Slovenien;29 Drehmomentanwendungen;0
50068;Carl Zeiss Microscopy GmbH c/o Carl Zeiss Shared Services;Carl Poznan;PL;Polen;;0
50069;Nel Hydrogen Fueling and Solution;nel hydrogen denmark;DK;Dänemark;52 Wasserstoffanwendungen;0
50070;Grundfos Holding A/S;grundfos bjerringbro;DK;Dänemark;07 Pumpen;0
50071;Clever Marine Service Ltd Gob-E-Volly Depot;clever marine sulby;GB;Vereinigtes Königreich;31 Ersatzteilhändler Schiffbau;0
50072;Fugro;fugro leidschendam NL;NL;Niederlande;30 Händler;0
50073;KraussMaffei Technologies spol. s r.o.;kraussmaffei sucany;SK;Slowakei;12 Automatisierungstechnik;0
50074;Texel Landwirtschaftliche Gesellschaft;texel naturns italien;I;Italien;16 Wasseranwendungen;0
50075;DPS Tyvek Maintenance Planner & Specialist, Dupont Protection Sol;tyvek luxemburg;L;Luxemburg;35 Instandhaltung/Wartung;0
50076;TPK Nova d.o.o;tpk nova zagreb;HR;Kroatien;03 Schiffbau (Systeme);0
50077;Bore Ltd;bore ltd;FIN;Finnland;31 Ersatzteilhändler Schiffbau;0
50078;Faymonville-FEL;Faymonville;NL;Niederlande;25 Allgemeiner Anlagenbau;0
50079;Kerger & Co, B.V;kerger schiedam;NL;Niederlande;31 Ersatzteilhändler Schiffbau;0
50080;Fosen Yard AS;fosen yard rissa norwegen;N;Norwegen;02 Schiffbau (Werft);0
50081;Bosch Sicherheitssysteme GmbH;bosch grasbrunn / Bor tech;D;Deutschland;23 Brandschutz;0
50082;DAKO-CZ, a.s.;dako-cz pardubice;CZ;Tschechische Republik;00 Bahn;1
50083;RWE Eemshaven Holding II B.V.;rwe geertruidenberg;NL;Niederlande;04 Gasdichte (SF6);0
50084;NEPTUNE VENICE s.r.l. unipersonal;neptune venice marghere;I;Italien;02 Schiffbau (Werft);0
55001;Fritz Haug AG Kompressoren;haug st.gallen;CH;Schweiz;08 Kompressoren;0
55002;Mira Transport Ptc. ltd. c/o NAVYLLOYD AG;mira basel;CH;Schweiz;;0
55003;Siemens Energy and Industry Industrial Solutions & Services;siemens südafrika;ZA;Südafrika;;0
55004;NIVEKO Makina DIS Ticaret Kollek. Sti.Lorenz Severin M.Weinstabl ve;niveko istanbul;TR;Türkei;;0
55005;Trafag AG;trafag kunde ch;CH;Schweiz;40 Kleinbetriebe;0
55006;Anibal Transport Pte.,Ltd. c/o Navylloyd AG;navylloyd basel;CH;Schweiz;;0
55008;SCAN MOT Marine Technique FZC;scan mot sharjah;UAE;Vereinigte Emirate;;0
55009;GEA Mechanical Equipment (Tianjin) Co., Ltd.;westfalia tianjin;PRC;China;03 Schiffbau (Systeme);0
55010;Siemens Electrical Drives Ltd. PD LD P MF-TSN BA SPR EEP;siemens china;PRC;China;00 Bahn;1
55011;KOBOLD Instruments Inc.;kobold pittsburgh usa;USA;Vereinigte Staaten von Amerika;30 Händler;0
55012;MAHLE Electric Drives (Taicang) Co., Ltd.;Mahle Letrika China;PRC;China;29 Drehmomentanwendungen;0
55013;Siemens Mobility Rail Equipment (Tianjin) Ltd.;siemens tianjin;PRC;China;00 Bahn;1
55014;Placka Instruments India Pvt Ltd.;placka;IND;Indien;30 Händler;0
55015;Corpoplast Beverage Equipment (Suzhou) Co., Ltd;corpolast china;PRC;China;17 Verpackungsanlagen;0
55016;Graupe Tornatech Inc.;tornatech;CDN;Kanada;07 Pumpen;0
55017;Optotune Consumer Switzerland AG;Optotune Consumer Dietikon;CH;Schweiz;44 Embedded Magnetics;0
55018;Fuba a Onetech company;Fuba Bizerte;NL;Niederlande;29 Drehmomentanwendungen;0
55019;Parker Hannifin EMEA Sárl Dept. 51539;Parker Hannifin EToy/ch;CH;Schweiz;30 Händler;0
55020;Innomotics Electrical Drives (Shanghai) Ltd.;innomotics siemens shangha china;PRC;China;00 Bahn;1
55021;Trafag AG;trafag ag bubikon;CH;Schweiz;;0
55022;Innomotics Electrical Large Drives ( Shanghai) Ltd.;innomotics shanghai;PRC;China;;0
55023;GEA Westfalia Separator India Pvt. Ltd. # 6&6P;gea westfalia indien;IND;Indien;;0
55024;Burkert Fluid Control System (Jiang Su) Co. Ltd.;burkert china;PRC;China;;0
55025;;bürkert China frei;;;;0
55026;Siemens Mobility Technologies (Beijing) Co., Ltd;siemens bahn china;PRC;China;00 Bahn;1
55050;ZHAW IAMP;ZHAW Winterthur;;;44 Embedded Magnetics;0
5C0;Cholewa, Hasso;vb cholewa;D;Deutschland;;0
5M0;Mitte TRAFAG GmbH;vb mitte;D;Deutschland;;0
5T0;Mitte;vb mitte trafag;D;Deutschland;;0
60000;Trafag AG sensors & controls;trafag ch;CH;Schweiz;;0
60001;Trafag Controls India Pvt. Ltd;trafag indien;IND;Indien;;0
601025;DE-PACK GmbH & Co. KG;DE-PACK Villingen-Schwenningen;;;;0
61001;1. Wenz-Mechanik GmbH;1. WENZ Reutlingen;;;29 Drehmomentanwendungen;0
61005;AdoptSMT;adoptSMT Grödig;A;Österreich;;0
61010;Altium;Altium Karlsruhe;;;29 Drehmomentanwendungen;0
61020;Boersig GmbH Electronic - Distributor;boersig neckarsulm;;;;0
61021;bebro elecktronic GmbH;bebro frickenhausen;;;29 Drehmomentanwendungen;0
61022;beflex electronic GmbH;beflex Frickenhausen;D;Deutschland;29 Drehmomentanwendungen;0
61023;Bluechips Electronic Product Design;Bluechips Lörrach;;;29 Drehmomentanwendungen;0
61026;Kortec Industrieelektronik;Kortec Sinsheim;;;29 Drehmomentanwendungen;0
61035;Dichtelemente arcus GmbH;Dichtelemente Seevetal;;;;0
61037;Distrelec GmbH;Distrelec Bremen;;;29 Drehmomentanwendungen;0
61040;DPS Software GmbH;DPS Leinfelden-Echterdingen;;;;0
61045;DPV Elektronik-Service GmbH;DPV Eppingen;;;29 Drehmomentanwendungen;0
61050;ESK-Electronic GmbH;esk wiesbaden;D;Deutschland;;0
61051;electrotherm Ges.f.Sensorik u.therm.;electrotherm geraberg;D;Deutschland;;0
61052;Endress + Hauser Messtechnik GmbH & Co. Technisches Büro;endress stuttgart;D;Deutschland;;0
61052A;Endress + Hauser Messtechnik GmbH & Co. Technisches Büro;endress(löschen );D;Deutschland;;0
61053;E+E Elektronik Ges.m.b.H. Techisches Büro Deutschland;e+e elektronik;D;Deutschland;;0
61054;enfas GmbH Niederlassung München;Enfas München;;;;0
61055;ELABO GmbH;Elabo Crailsheim;;;;0
61056;ELEKONTA Marek GmbH & Co. KG;Elekontag Gerlingen;;;;0
61057;EVE GmbH;eve emsdetten;;;;0
61058;Richard Fischer GmbH;Fischer Filderstadt;;;29 Drehmomentanwendungen;0
61059;Farnell GmbH;farnell oberhaching;D;Deutschland;29 Drehmomentanwendungen;0
61060;FRAMA GmbH;Frama weil derstadt;D;Deutschland;;0
61062;F & K DELVOTEC Bondtechnik GmbH;Delvotec Ottobrunn;;;;0
61070;GHM Group Corporate GHM Messtechnik GmbH;ghm greisinger;D;Deutschland;99 dv Diverse inkl. Lieferante;0
61071;Geratherm Medical AG;geratherm,geschwen.;D;Deutschland;Temperature Systems;0
61072;GfS Gesellschaft für Sensorik GmbH;gfs villingen;D;Deutschland;;0
61078;Future Electronics Deutschland GmbH;future aschheim;;;29 Drehmomentanwendungen;0
61079;Hitex GmbH;hitex Karlsruhe;;;;0
61080;HYDROTECHNIK GmbH;hydro/ware limburg;D;Deutschland;;0
61081;Huba Control AG;huba control walddorfhäslach;D;Deutschland;;0
61082;h.team GmbH + Co.KG;hteam;D;Deutschland;99 dv Diverse inkl. Lieferante;0
61083;HilDi GmbH;hildi gomaringen;D;Deutschland;99 dv Diverse inkl. Lieferante;0
61084;E+E Elektronik Deutschland GmbH;E+E Elektronik;;;40 Kleinbetriebe;0
61085;Theo A. Dettinger GmbH & Co.KG;Dettinger;D;Deutschland;25 Allgemeiner Anlagenbau;0
61086;RUWEL International GmbH High Reliability Business Unit;ruwel geldern;;;;0
61087;Torque and More;TAM;D;Deutschland;29 Drehmomentanwendungen;0
61089;Gardow Engineering;Gardow freiberg;;;;0
61090;i2s Intelligente Sensorsysteme Dresden GmbH;i2s dresden;D;Deutschland;40 Kleinbetriebe;0
61091;Torque and More GmbH;TAM;D;Deutschland;29 Drehmomentanwendungen;0
61092;topmodellfabrik GmbH;topmodellfabrik Tuttlingen;;;29 Drehmomentanwendungen;0
61093;i.V. Schaltungen GmbH;I.V. Allershausen;;;29 Drehmomentanwendungen;0
61095;Samtec;samtec germering;;;29 Drehmomentanwendungen;0
61097;SEGGER Microcontroller GmbH;Segger;;;;0
61098;ingun Prüfmittelbau GmbH;ingun Konstanz;;;29 Drehmomentanwendungen;0
61099;ILFA Industrieelektronik und Leiterplattenfertigung aller Art;ILFA Hannover;D;Deutschland;;0
61100;Manfred Jünemann Meß-und Regeltechnik GmbH;jünemann;D;Deutschland;;0
61101;Stock GmbH;stock oetisheim;;;29 Drehmomentanwendungen;0
61110;KDK Kalibrierdienst Kopp GmbH;kdk kalibrierdienst kopp;;;;0
61112;KSG Leiterplatten GmbH;KSG Gornsdorf;D;Deutschland;29 Drehmomentanwendungen;0
61113;KELLER Gesellschaft für Druckmesstechnik;keller jestetten;D;Deutschland;;0
61120;Layher GmbH Maschienenbau;layher kirchberg;D;Deutschland;;0
61121;LKM electronic GmbH;lkm elec geraberg;D;Deutschland;;0
61122;Labom Industrielle Messtechnik;labom hude;D;Deutschland;;0
61123;U.I. LAPP GmbH;lapp stuttgart;D;Deutschland;;0
61124;Lasercut24 Thomas Frey;Lasercut Golmsdorf;;;29 Drehmomentanwendungen;0
61129;maku GmbH & Co.KG Drucklufttechnik;maku remshalden;D;Deutschland;;0
61130;Metall-u. Elektrobau Dipl.Ing. R.Stohrer GmbH;m + e Stuttgart;D;Deutschland;;0
61131;Meixner + Jassmann Feinmechanische Werkstätte;meixner+jassmann;D;Deutschland;;0
61132;Müller Industrie-Elektronik GmbH;müller neustadt;D;Deutschland;;0
61133;MOS-Electronic GmbH;mos neuweiler;;;;0
61134;Multi Leiterplatten GmbH;Multi Brunnthal;D;Deutschland;29 Drehmomentanwendungen;0
61140;NIES electronic gmbh;nies electronic;D;Deutschland;;0
61150;Metron S.p.A;metron venezia;I;Italien;;0
61155;Optotune Switzerland AG;optotune dietikon;;;44 Embedded Magnetics;0
61160;Kjaerulf Pedersen a/s;kjaerulf pedersen dk-taastrup;DK;Dänemark;99 dv Diverse inkl. Lieferante;0
61170;Pepperl+Fuchs Vertrieb Deutschland GmbH;pepperl+fuchs;;;;0
61175;Proto Labs GmbH;Proto Feldkirchen;;;29 Drehmomentanwendungen;0
61178;reichelt elektronik GmbH & Co. KG;ReicheltSande;;;29 Drehmomentanwendungen;0
61180;Rother GmbH;rother tiefenbronn;D;Deutschland;;0
61181;Riegler & Co.KG;riegler + co. kg bad urach;D;Deutschland;;0
61190;Werner Sauter GmbH;sauter/ware stgt.;D;Deutschland;;0
61191;Sika Dr. Siebert & Kuhn GmbH & Co. KG;sika ware kaufungen;D;Deutschland;;0
61200;Ludwig Schneider GmbH & Co. KG;schneider wertheim;D;Deutschland;;0
61209;S&P Dienstleisungen in der Mikroelektronik GmbH;S&P Kirchheim;;;44 Embedded Magnetics;0
61210;Steinebronn Industrietechnik;steinebronn stg.;D;Deutschland;;0
61211;STS Sensoren Transmitter Systeme GmbH;sts sindelfingen;D;Deutschland;;0
61212;STÄUBLI Tec-System GmbH;stäubli bayreuth;D;Deutschland;;0
61213;Fritz Stiefel GmbH;stiefel waiblingen;D;Deutschland;;0
61220;TMG GmbH Temperaturmeßtechnik Geraberg;tmg martinroda;D;Deutschland;;0
61221;tecsis GmbH;tecsis offenbach;D;Deutschland;;0
61225;TTI, Inc;TTI Holzwickede;D;Deutschland;44 Embedded Magnetics;0
61230;U A D Hans-Jochim Schulz Marine- & Industrieautomation;uad schulz rostock;D;Deutschland;;0
61232;Unimicron Germany GmbH;Unimicron Geldern;;;29 Drehmomentanwendungen;0
61235;Vaas Leiterplattentechnologie GmbH;vaas schwäbisch gmünd;;;29 Drehmomentanwendungen;0
61251;WISKA Hoppmann GmbH;wiska kaltenkirchen;D;Deutschland;;0
61253;Wunderlich Elektronik GmbH;wunderlich sarstedt;;;29 Drehmomentanwendungen;0
61254;Weptronic GmbH;Webtronic Tübingen;;;29 Drehmomentanwendungen;0
61255;Würth Elektronik GmbH & Co. KG;würth niedernhall;;;29 Drehmomentanwendungen;0
61256;Würth Elektronik eiSos GmbH & Co. EMC & Inductive Solutions;Würth Waldenburg;;;29 Drehmomentanwendungen;0
61270;Zimmermann GmbH;Zimmermann Wetter;;;29 Drehmomentanwendungen;0
63040;HX Circuit Technology Co. 45 District, Bao'an District;HX Shenzen;PRC;China;29 Drehmomentanwendungen;0
63045;Huasun Technology Limited R806, Block A, Liwan Building;Huasun Shenzen;PRC;China;29 Drehmomentanwendungen;0
63047;Testo Industrial Services GmbH;testo kirchzarten;D;Deutschland;;0
63048;Trafag Inc. sensors & controls;trafag usa;USA;Vereinigte Staaten von Amerika;;0
63049;Trafag Italia S.r.l. c/o Tecnoctiy Altomilanese;trafag italien;I;Italien;;0
63050;E+E Elektronik GmbH;e+e elektronik;A;Österreich;;0
63052;Christoph Schanz;CS;D;Deutschland;;0
63053;Fericor trgovina posredništvo in svetovanje d.o.o.;Fericor;SLO;Slovenien;29 Drehmomentanwendungen;0
63054;Queenpcb (H.K.) Limited PCB Specialist;Queenpcb Shenzhen;PRC;China;29 Drehmomentanwendungen;0
63055;Impex Leiterplatten GmbH;impex st.michael;A;Österreich;29 Drehmomentanwendungen;0
63056;FastPCBA;Fast Shenzhen;PRC;China;29 Drehmomentanwendungen;0
63057;Vitech International B.V.;Vitech Gelen;NL;Niederlande;29 Drehmomentanwendungen;0
63058;Kuk Electronic AG;Kuk AG;CH;Schweiz;29 Drehmomentanwendungen;0
63059;Trafag Espana, S.L. Parque;Trafag Spanien;E;Spanien;;0
63060;KOMO d.o.o.;komo polsnik;SLO;Slovenien;29 Drehmomentanwendungen;0
63145;desktop EDA Suite 9 Level 2;dektop Essendon Vic;AUS;Australien;;0
63190;S-Products b.v.;s-products zevenhuizen nl;NL;Niederlande;;0
63191;Shield srl;shield srl;I;Italien;;0
63220;TRAFAG S.A.R.L. Paris Nord II;trafag  roissy;F;Frankreich;;0
63221;thuba AG;thuba basel;CH;Schweiz;;0
63225;Panasonic Industrial Devices Materials Europe GmbH;Panasonic Enns;A;Österreich;;0
63300;Wintec Precision Machining Co.,Lt 14F ,Maple Leaf  Building 2,;Wintec Shenzhen;PRC;China;29 Drehmomentanwendungen;0
66001;Hasso Cholewa;cholewa;D;Deutschland;;0
66002;Klaus Wyschka;wyschka;D;Deutschland;;0
66004;Peter Helmes;helmes;D;Deutschland;;0
66005;Norbert Derenda IND;derenda;D;Deutschland;;0
66006;Jens-Uwe Gnadt TKG;gnadt;D;Deutschland;;0
66007;Sebastian Linsinger;linsinger;D;Deutschland;;0
66008;MOTOCO GmbH;motoco stuttgart;D;Deutschland;;0
66009;Gisbert Küperkoch;küperkoch bottrop;D;Deutschland;;0
66010;TRAFAG S.A.R.L. Paris Nord II;trafag france;D;Deutschland;;0
66011;INGAM Ing. Adolf Müller GmbH;ingam bayern süd;D;Deutschland;;0
66013;Dipl. Ing. Jürgen Reiser;reiser bayern nord;D;Deutschland;;0
66014;Hans Erwin Gloss;vb süd-west;D;Deutschland;;0
66016;Peter Krumbein;krumbein;D;Deutschland;;0
66017;Ing.-Büro Möhrle GmbH;möhrle bad homburg;D;Deutschland;;0
66018;WDD Wolfgang Dinger;dinger dresden;D;Deutschland;;0
66020;Müller Industrievertretungen Thomas Müller;müller techau;D;Deutschland;;0
66022;Trafag AG;trafag ch provisionen;CH;Schweiz;;0
6R0;Bayern Nord TRAFAG GmbH;vb bayern nord;D;Deutschland;;0
6T0;Bayern Nord;vb bayern nord;D;Deutschland;;0
7G0;Süd-West TRAFAG GmbH;vb bw süd-west;D;Deutschland;;0
7W0;Wyschka, Klaus;vb wyschka;D;Deutschland;;0
8I0;Bayern Süd TRAFAG GmbH;vb bayern süd;D;Deutschland;;0
8L0;Linsinger, Sebastian;vb linsinger;D;Deutschland;;0
8T0;Süd;vb süd;D;Deutschland;;0
99097;TRAFAG GmbH sensors & controls;trafag öhringen;;;;0
99098;RK Logistik GmbH c/o BSZ-Direktmarketing GmbH;RK Logistik;D;Deutschland;40 Kleinbetriebe;0
99099;TRAFAG GmbH sensors & controls;trafag Unterensingen;D;Deutschland;30 Händler;0
9C0;Trafag AG;trafag ch provisionen;CH;Schweiz;;0
9F0;TRAFAG S.A.R.L;vb france;D;Deutschland;;0
9M0;MOTOCO GmbH;vb motoco;D;Deutschland;;0
9T0;TRAFAG GmbH Provisionen;vb trafag prov;D;Deutschland;;0
BL;Bernd Lange;BL;;;;0
IN10004;Theisen GmbH Versorgungstechnik;theisen ochtrup;D;Deutschland;30 Händler;0
IN10005;Wasser und Schifffahrtsamt;wasser schifffahrtsa. tönning;D;Deutschland;;0
IN10007;ZAUNER AUTOMATION GmbH;zauner bornheim;D;Deutschland;;0
IN10008;Wasser und Schifffahrtsamt;wasser schifffahrtsa. tönning;D;Deutschland;;0
IN10011;Hydro-Elektrik GmbH;hydro ravensburg;D;Deutschland;;0
IN10013;Hydro-Elektrik GmbH;hydro ravensburg;D;Deutschland;;0
IN10015;Hydro-Elektrik GmbH;hydro ravensburg;D;Deutschland;;0
IN10016;Hydro-Elektrik GmbH;hydro ravensburg;D;Deutschland;;0
IN10017;Hydro-Elektrik GmbH;hydro ravensburg;D;Deutschland;;0
IN10019;Alfa Laval GmbH Sharples Zentrifugentechnik;alfa dinslaken;D;Deutschland;07 Pumpen;0
IN10020;Anderson GmbH & Co.KG;anderson dortmund;D;Deutschland;25 Allgemeiner Anlagenbau;0
IN10021;ADOLA Adolf Langeloh  ProExport;adola hamburg;D;Deutschland;31 Ersatzteilhändler Schiffbau;0
IN10022;Friedrich Ley GmbH Industriebrenner-Anlagen;ley bo-wattenscheid;D;Deutschland;25 Allgemeiner Anlagenbau;0
IN10023;A N K O Industry Service GmbH;anko laatzen;D;Deutschland;32 Ersatzteilhändler Industrie;0
IN10026;Colditzer Kompressoren GmbH;colditzer komp colditz;D;Deutschland;;0
IN10028;Infastaub;infastaub bad homburg;D;Deutschland;;0
IN10033;BAIER + KÖPPEL GmbH + Co. Präzisionsapparatefabrik;baier+köppel pegnitz;D;Deutschland;24 Zentralschmieranlagen;0
IN10036;Erhard GmbH & Co. Armaturen;erhard heidenheim;D;Deutschland;30 Händler;0
IN10038;Zehnder GmbH Comfosystems;zehnder lahr;D;Deutschland;06 Klimatechnik;0
IN10044;Sauter-Cumulus GmbH;sauter freiburg;D;Deutschland;30 Händler;0
IN10046;IVM Ingo von Minden Ingenieurbüro und;ivm hamburg;D;Deutschland;;0
IN10048;Digital 2000 GmbH;digital oberursel;D;Deutschland;;0
IN10051;VKK Standardkessel GmbH;vkkstandardkessel köthen;D;Deutschland;;0
IN10053;ET Energie Technologie GmbH;et brunnthal;D;Deutschland;52 Wasserstoffanwendungen;0
IN10055;Mothermik GmbH;mothermik pfalzfeld;D;Deutschland;;0
IN10058;Kaspar Walter GmbH & Co.KG Gewerbegebiet KIM;walter krailling;D;Deutschland;12 Automatisierungstechnik;0
IN10063;TECHMO Schiffstechnik GmbH;techmo hamburg;D;Deutschland;;0
IN10076;ACONA Hydraulik-Systeme GmbH;acona herzogenrath;D;Deutschland;10 Hydraulik;0
IN10078;BNB GmbH;bnb erlenbach;D;Deutschland;07 Pumpen;0
IN10083;ISS INDUSTRIES SUPPLY SERVICE GMBH;iss worpswede;D;Deutschland;31 Ersatzteilhändler Schiffbau;0
IN10084;Tuncel Trading Import-Export;tuncel iserlohn;D;Deutschland;30 Händler;0
IN10087;KCCO KC Kim Consulting GmbH;kcco hannover;D;Deutschland;30 Händler;0
IN10089;Dräger Medical ANSY GmbH;dräger lübeck-trvemünde;D;Deutschland;19 Medizintechnik;0
IN10090;Mactron GmbH;mactron görlitz;D;Deutschland;;0
IN10091;Ismann, Rolf;ismann windsbach;D;Deutschland;Text;0
IN10092;Stulz GmbH Klimatechnik;stulz hamburg;D;Deutschland;06 Klimatechnik;0
IN10093;Diesel-Motoren-Reparaturservice DMR-Kloska-Technik GmbH;diesel-motoren-rep. rostock;D;Deutschland;31 Ersatzteilhändler Schiffbau;0
IN10094;Kröger Industrieautomation GmbH;kröger schöneck;D;Deutschland;;0
IN10097;Burre Hydraulik GbR Steuer- und Regeltechnik;burre bad oeynhausen;D;Deutschland;10 Hydraulik;0
IN10098;Bühnen GmbH & Co. KG;bühnen bremen;D;Deutschland;;0
IN10104;Lippok Hydraulik GmbH siehe 12138;lippok hagen siehe 12138;D;Deutschland;;0
IN10108;Krasowski TGS GmbH;krasowski laussnitz;D;Deutschland;25 Allgemeiner Anlagenbau;0
IN10112;Bosch Rexroth AG Mobile Hydraulics;boschrexroth elchingen;D;Deutschland;Text;0
IN10113;Delta-Engineering;delta-engineering ophasselt;B;Belgien;;0
IN10115;Thermo Electron Deutschland GmbH;thermo karlsruhe;D;Deutschland;06 Klimatechnik;0
IN10116;ESS-Mondial GmbH Engineering.Service.Sytems;ess-mondial reinbek;D;Deutschland;30 Händler;0
IN10117;ELAMONT GmbH Elektro- u Automatisierungstech.;elamont wolfen;D;Deutschland;;0
IN10119;KLUGESHERZ GmbH;klugesherz langenbeutigen;D;Deutschland;09 Mobilhydraulik;0
IN10120;OPPACHER Mineralquellen GmbH & Co. KG;oppacher mineralquellen oppach;D;Deutschland;35 Instandhaltung/Wartung;0
IN10125;K & K Industriehandel;k&k offenburg;D;Deutschland;30 Händler;0
IN10126;J. Graupe GmbH & Co. KG;graupe haren;D;Deutschland;25 Allgemeiner Anlagenbau;0
IN10129;Marinematerialdepot 1 Bw 242;marinematerialdepot bargum;D;Deutschland;;0
IN10132;Rüdiger Haaga GmbH;haaga donzdorf;D;Deutschland;30 Händler;0
IN10133;O.P.S Technik- und Werfthandel GMBH;o.p.s hamburg;D;Deutschland;30 Händler;0
IN10136;James Walker Deutschland GmbH;walker hamburg;D;Deutschland;;0
IN10138;eltronic;eltronic bargefeld-stegen;D;Deutschland;;0
IN10139;SVB Service GbR;svb emden;D;Deutschland;31 Ersatzteilhändler Schiffbau;0
IN10140;MFPA Leipzig GmbH;mfpa leipzig;D;Deutschland;05 Prüfstände;0
IN10143;ARTHUR HABERMANN GMBH & Co. KG;hawi witten-ruhr;D;Deutschland;07 Pumpen;0
IN10148;CEF Elektrogrofachgroßhandlung Südwest GmbH;cef ettlingen;D;Deutschland;30 Händler;0
IN10150;HARDY SCHMITZ KD-NR. 12010 siehe KD-NR. 12010;schmitz rheine;D;Deutschland;;0
IN10152;Peter Neudeck Wärmepumpentechnik;neudeck mahlsdorf;D;Deutschland;;0
IN10155;Hoffmann GmbH Maschinen- und Apparatebau;hoffmann lengede;D;Deutschland;06 Klimatechnik;0
IN10156;Import-Export Ges. DEREK GOSLAR mbH & Co.KG;goslar hamburg;D;Deutschland;30 Händler;0
IN10165;Pekingstone (Deutschland) GmbH Haus 16, 1 Stock;pekingstone hamburg;D;Deutschland;30 Händler;0
IN10166;DS Export Ihn. Ganine van Rooyen;ds  dassendorf;D;Deutschland;;0
IN10169;TE Technical Equipment Technische Ausrüstungen;te technical bodman;D;Deutschland;33 Ersatzteilhändler S/I;0
IN10170;AVL Pierburg Flow Technologie GmbH;avl pierburg;D;Deutschland;05 Prüfstände;0
IN10171;BORSIG Membrane Technology GmbH;borsig rheinfelden;D;Deutschland;12 Automatisierungstechnik;0
IN10177;Energotec Energietechnik GmbH;energotec köln;D;Deutschland;08 Kompressoren;0
IN10180;Ing. Karl Hellmuth GmbH;hellmuth dettingen;D;Deutschland;;0
IN10181;Mühlheimer Industrietechnik GmbH Technischer Großhandel;mühlheimer mühlheim;D;Deutschland;;0
IN10182;BEDIA Motorentechnik GmbH & Co. KG;bedia leinburg;D;Deutschland;01 Motoren;0
IN10183;Hagemeyer Deutschland GmbH & Co. KG;hagemeyer mühldorf;D;Deutschland;32 Ersatzteilhändler Industrie;0
IN10184;Reederei ERWIN STRAHLMANN GmbH & Co. KG;strahlmann marne;D;Deutschland;34 Reederei;0
IN10186;Walter Stauffenberg GmbH & Co. KG;stauffenberg werdohl;D;Deutschland;30 Händler;0
IN10187;WAGNER Alarm- Sicherungsysteme GmbH;wagner;D;Deutschland;23 Brandschutz;0
IN10188;Tescom Europe GmbH & Co. KG;tescom selmsdorf;D;Deutschland;40 Kleinbetriebe;0
IN10192;H.Y-T.E.C. Hamburg-Export GmbH;h.y.t.e.c. hamburg;D;Deutschland;30 Händler;0
IN10194;MVA Trading & Consulting Marcus von Appen;mva hamburg;D;Deutschland;30 Händler;0
IN10200;AREVA Sachsenwerk GmbH;areva regensburg;D;Deutschland;04 Gasdichte (SF6);0
IN10201;SWEDPARTS HAMBURG marine services gmbh;swedparts hamburg;D;Deutschland;35 Instandhaltung/Wartung;0
IN10204;Euromatic GmbH Steuer- und Regeltechnik;euromatic hamburg;D;Deutschland;31 Ersatzteilhändler Schiffbau;0
IN10205;ETS-TRADE & SERVICE;ets lehrte;D;Deutschland;;0
IN10206;HANSA-MOTOREN Reparaturbetrieb GmbH;hansa-motoren;D;Deutschland;33 Ersatzteilhändler S/I;0
IN10210;K.D. Feddersen GmbH & Co. KG;feddersen hamburg;D;Deutschland;;0
IN10213;MIYAWAKI GMBH EURO-TRADE;miyawaki frankfurt;D;Deutschland;;0
IN10219;LOOTZ GmbH Schiffsersatzteile;lootz neu hinrichsdorf;D;Deutschland;31 Ersatzteilhändler Schiffbau;0
IN10220;WH Elektronik und Wickeltechnik GmbH;wh oelsnitz;D;Deutschland;40 Kleinbetriebe;0
IN10224;Tracto Technik GmbH Werk 2;tracto lennestadt;D;Deutschland;;0
IN10225;Ingenieurbüro für Wassertechnik;ing ronnenberg;D;Deutschland;16 Wasseranwendungen;0
IN10226;Becker Messtechnik GmbH;becker eschborn;D;Deutschland;;0
IN10229;Hagemeyer Deutschland GmbH & co. KG;Hagemeyer traunstein;D;Deutschland;31 Ersatzteilhändler Schiffbau;0
IN10230;Atlas-Terex GmbH;atlas ganderkesee;D;Deutschland;09 Mobilhydraulik;0
IN10233;Eldec;eldec dornstetten;D;Deutschland;;0
IN10236;Thies GmbH & Co.KG;thies coesfeld;D;Deutschland;25 Allgemeiner Anlagenbau;0
IN10240;P 21 GmbH;P21 brunnthal;D;Deutschland;40 Kleinbetriebe;0
IN10242;Albert Böcker GmbH & Co.KG Kran- und Aufzugstechnik;böcker werne;D;Deutschland;09 Mobilhydraulik;0
IN10244;NORTHERN MARINE MANAGEMENT (Deutschland) GmbH;northern kiel;D;Deutschland;;0
IN10246;KBA Koenig & Bauer AG;kba würzburg;D;Deutschland;;0
IN10247;FRIGOTEC GmbH Kälte- und Verfahrenstechnik;frigotec landsberg;D;Deutschland;06 Klimatechnik;0
IN10249;Klöpper-Therm- GmbH & Co.KG;klöpper dortmund;D;Deutschland;;0
IN10250;Detlev Jansa Dipl. Ing. (FH) Elektro-u. Schiffstechnik;jansa oranienburg;D;Deutschland;;0
IN10252;Schnupp HMT Abteilung PA-E;schnupp bogen;D;Deutschland;10 Hydraulik;0
IN10253;de - Prozessanalytik;de-prozessanalytik straubenhardt;D;Deutschland;;0
IN10256;MTS Mobile Tiefbau Saugsysteme GmbH;mts germer;D;Deutschland;09 Mobilhydraulik;0
IN10257;Gebr. Eickhoff Maschinenfabrik u. Eisengießerei GmbH;eickhoff bochum;D;Deutschland;25 Allgemeiner Anlagenbau;0
IN10258;Probst Greiftechnik Verlegesysteme GmbH;probst erdmann;D;Deutschland;07 Pumpen;0
IN10259;FRAKO Kondensatoren- u Anlagenbau GmbH;frako teningen;D;Deutschland;;0
IN10260;Schenck Pegasus GmbH Development Test Systems;schenck darmstadt;D;Deutschland;05 Prüfstände;0
IN10261;Göpfert Maschinen GmbH;göpfert wiesentheid;D;Deutschland;25 Allgemeiner Anlagenbau;0
IN10266;Otto Lift Systeme GmbH;otto lift augsburg;D;Deutschland;09 Mobilhydraulik;0
IN10267;Müller Umwelttechnik GmbH & Co.KG;mueller schie;D;Deutschland;09 Mobilhydraulik;0
IN10268;Lödige Fördertechnik GmbH;lödige warburg;D;Deutschland;25 Allgemeiner Anlagenbau;0
IN10270;Fraunhofer-Institut für Lasertechnik;fraunhofer aachen;D;Deutschland;12 Automatisierungstechnik;0
IN10272;Seiler Vakuumtechnik GmbH;seiler wertheim;D;Deutschland;;0
IN10274;biomedis Laborservice GmbH & biomedis Kalibrierservice GmbH;biomedis gießen;D;Deutschland;;0
IN10276;Ries Entsorgungsanlagen GmbH;ries stutensee;D;Deutschland;10 Hydraulik;0
IN10278;HTI Feldtmann KG Fachhandel für Haustechnik;hti hamburg;D;Deutschland;30 Händler;0
IN10280;Herrenknecht AG;herrenknecht schwanau;D;Deutschland;10 Hydraulik;0
IN10285;SOLO STIRLING GmbH;solo sindelfingen;D;Deutschland;;0
IN10287;Brock Kehrtechnik GmbH;brock witten;D;Deutschland;09 Mobilhydraulik;0
IN10288;Bayerische Schiffsbauges. mbH;bayerische erlenbach;D;Deutschland;02 Schiffbau (Werft);0
IN10290;Schaeff-Terex GmbH & Co.KG;terex langenburg;D;Deutschland;;0
IN10291;H-S-T GmbH;h-s-t chemnitz;D;Deutschland;;0
IN10292;DRUCKLUFT EVERS GmbH;evers ahrensburg;D;Deutschland;08 Kompressoren;0
IN10293;O.P.S. TECHNIK-und WERFTHANDEL GMBH;o.p.s. hamburg;D;Deutschland;30 Händler;0
IN10295;PROFEX INTERNATIONAL indutrie & außenhandel;profex meckheim;D;Deutschland;;0
IN10298;Neuenhauser Maschinenbau GmbH;neuenhauser neuenhaus;D;Deutschland;;0
IN10299;ASK Technische Entwicklungen GmbH&Co;ask kulmbach;D;Deutschland;12 Automatisierungstechnik;0
IN10300;WILO EMU Anlagenbau GmbH;wilo emu hof/saale;D;Deutschland;07 Pumpen;0
IN10303;Bock Energietechnik;bock floss;D;Deutschland;20 Energietechnik;0
IN10305;Oertzen Arndt H. von (GmbH & Co) Reinigungssysteme;oertzen ammersbek;D;Deutschland;08 Kompressoren;0
IN10306;Elektro Franz Spangler GmbH;spangler dietfurt;D;Deutschland;12 Automatisierungstechnik;0
IN10312;KINETICS GERMANY GmbH;kinetics münchen;D;Deutschland;25 Allgemeiner Anlagenbau;0
IN10313;Günther Preiss Apparatebau Beim Flugplatz 3;preiss grafenwöhr;D;Deutschland;25 Allgemeiner Anlagenbau;0
IN10315;Mariso GmbH;mariso hamburg;D;Deutschland;31 Ersatzteilhändler Schiffbau;0
IN10321;navimar chartering gmbh;navimar henstedt;D;Deutschland;;0
IN10322;ExxonMobil Production Deutschland GmbH;exxon barenburg;D;Deutschland;;0
IN10324;KEP SUPPLIES GmbH & Co.KG;supplies hamburg;D;Deutschland;31 Ersatzteilhändler Schiffbau;0
IN10327;Warner Lewis Jr. Industrie-Filter;warnerlewis kelsterbach;D;Deutschland;22 Filtertechnik;0
IN10332;Integrated Dynamies Engineering GmbH;integrated raunheim;D;Deutschland;;0
IN10333;G. Schmidt Planungsbüro GmbH;schmidt hochheim;D;Deutschland;;0
IN10337;Zander Aufbereitungstechnik GmbH;zander essen;D;Deutschland;40 Kleinbetriebe;0
IN10341;Liebherr-Logistik GmbH Fachbereich Hydraulik;liebherr-logistik kirchdorf;D;Deutschland;10 Hydraulik;0
IN10342;Zentrum für Sonnenenergie- und Wasserstoff-Forschung BW;zsw ulm;D;Deutschland;52 Wasserstoffanwendungen;0
IN10344;Internormen Technology GmbH;internormen altlussheim;D;Deutschland;10 Hydraulik;0
IN10345;Kraftwerke Mainz-Wiesbaden;kraftwerke mainz;D;Deutschland;;0
IN10347;INSACO GmbH International Service;insaco hamburg;D;Deutschland;40 Kleinbetriebe;0
IN10348;Heinsch M + A GmbH;heinsch wurzen;D;Deutschland;;0
IN10349;G. & W. Kaufmann GmbH Elektro-Großhandel;g. & w. kaufmann geesthacht;D;Deutschland;;0
IN10352;EK-Elektronik;ek elektronik;D;Deutschland;;0
IN10353;Marsed Technologies GmbH;marsed düsseldorf;D;Deutschland;;0
IN10356;Grünewald GmbH;Grünewald Hamm;D;Deutschland;15 EX-Anwendungen;0
IN10357;Higel Kältetechnik;higel kehl;D;Deutschland;06 Klimatechnik;0
IN10360;ESTRA GmbH Engine Spares Trading;estra nordhausen;D;Deutschland;32 Ersatzteilhändler Industrie;0
IN10364;Imex Trading;imex herdorf;D;Deutschland;;0
IN10365;KoNTECH Gesellschaft für Industrie-&Marineausrüstungen mbH;kontech schönau;D;Deutschland;30 Händler;0
IN10366;INDUGA Industrieöfen;induga köln;D;Deutschland;12 Automatisierungstechnik;0
IN10367;Reinhold Meister GmbH tiefbau - wasserbau;meister hengersberg;D;Deutschland;40 Kleinbetriebe;0
IN10368;Karberg & Schmitz Spare Parts & Services;karberg&schmitz hamburg;D;Deutschland;30 Händler;0
IN10370;ABB Automation GmbH Marine Spares Parts;abb hamburg;D;Deutschland;31 Ersatzteilhändler Schiffbau;0
IN10372;IS International GmbH;is international giessen;D;Deutschland;;0
IN10373;Hans Huber AG Maschinen- und Anlagenbau;huber berching;D;Deutschland;16 Wasseranwendungen;0
IN10374;WINKELMANN Hydraulik*Pneumatik*Elektrotech.;winkelmann rödermark;D;Deutschland;10 Hydraulik;0
IN10375;GHH Fahrzeuge GmbH;ghh gelsenkirchen;D;Deutschland;09 Mobilhydraulik;0
IN10376;Hoerbiger Automotive Komfortsysteme GmbH;hoerbiger schongau;D;Deutschland;01 Motoren;0
IN10377;Hilmatech GmbH Marine Technics GmbH;hilmatech düsseldorf;D;Deutschland;;0
IN10379;DynoTec GmbH;dynotec holzgerlingen;D;Deutschland;05 Prüfstände;0
IN10381;BBT Biotech GmbH;bbt baesweiler;D;Deutschland;12 Automatisierungstechnik;0
IN10382;Palfinger Platforms GmbH;palfinger krefeld;D;Deutschland;09 Mobilhydraulik;0
IN10384;U. Born;born halver;D;Deutschland;;0
IN10386;Bremer Oel- und Gasfeuerungsvertrieb GmbH;bremer bremen;D;Deutschland;;0
IN10390;Ingenieurbüro Dietrich Demmer Theisen;demmer siegburg;D;Deutschland;;0
IN10392;IPEX INDUSTRIAL PROJECTS EXPORT GmbH;ipex offenbach;D;Deutschland;;0
IN10394;Quadrant Bereederungs-;quadrant hamburg;D;Deutschland;;0
IN10396;EDAG Engineering + Design AG;edag fulda;D;Deutschland;;0
IN10397;Kaeser Kompressoren GmbH Abteilung: Drehkolbengebläse;kaeser coburg;D;Deutschland;08 Kompressoren;0
IN10400;ZILA-Elektronik GmbH;zila zella-mehlis;D;Deutschland;40 Kleinbetriebe;0
IN10402;EnviTech GmbH;envitech mindelheim;D;Deutschland;26 Erneuerbare Energien;0
IN10406;pro service gmbh;pro service bremen;D;Deutschland;;0
IN10409;HENRICH-TOOLS Vertriebsgesellschaft m.b.h;henrich-tools bochum;D;Deutschland;;0
IN10414;Schlaadt Plastic;schlaadt lorch;D;Deutschland;;0
IN10415;Römheld GmbH Friedrichshütte;römheld laubach;D;Deutschland;;0
IN10416;HELEC Interrail GmbH;helec bad honnef;D;Deutschland;00 Bahn;1
IN10419;W. Ludolph;ludolph bremerhaven;D;Deutschland;;0
IN10420;MAN Ferrostaal Power Industry GmbH;man ferrostaal oberhausen;D;Deutschland;;0
IN10421;Hydac;hydac steinheim;D;Deutschland;40 Kleinbetriebe;0
IN10427;Pregel Chartering GmbH;pregel norderstedt;D;Deutschland;;0
IN10428;Gewiss Deutschland GmbH;gewiss wenden;D;Deutschland;;0
IN10429;Thiele Metalltechnik GmbH;thiele cuxhaven;D;Deutschland;;0
IN10431;J. Lormann Spezialmaschinen;lormann;D;Deutschland;;0
IN10437;Kran-Service Hartmann GmbH;kran görlitz;D;Deutschland;35 Instandhaltung/Wartung;0
IN10443;niki GmbH;niki düsseldorf;D;Deutschland;12 Automatisierungstechnik;0
IN10446;"Hesse Schiffahrts GmbH & Co. MS ""Reitmoor"" KG";hesse leer;D;Deutschland;34 Reederei;0
IN10447;Krautler GmbH & Co. Kral Pumpen;krautler lustenau;D;Deutschland;;0
IN10451;Fertigungtechnik Weißenfels GmbH;weißenfels weißenwels;D;Deutschland;29 Drehmomentanwendungen;0
IN10452;Flamco STAG Behälterbau GmbH;flamco genthin;D;Deutschland;06 Klimatechnik;0
IN10453;Flamco STAG Behälterbau GmbH;flamco genthin;D;Deutschland;;0
IN10454;Software & Technologie Glas GmbH Cottbus;stg cottbus;D;Deutschland;;0
IN10455;hydroisotop gmbh;hydroisotop schweitenkirchen;D;Deutschland;16 Wasseranwendungen;0
IN10456;Kurt Brätsch Kompressoren GmbH;brätsch hamburg;D;Deutschland;08 Kompressoren;0
IN10457;ABZ Aggregate-Bau GmbH;abz henstedt-ulzburg;D;Deutschland;01 Motoren;0
IN10459;Laird Technologies GmbH;laird kaltenkirchen;D;Deutschland;06 Klimatechnik;0
IN10462;CIC-Klaus Czerwonka;cic weissach i.t;D;Deutschland;;0
IN10463;FS Schifftechnik GmbH & Co. KG;fs Schiffstechnik duisburg;D;Deutschland;02 Schiffbau (Werft);0
IN10467;Till Hydraulik GmbH & Co. KG;till hydraulik braunschweig;D;Deutschland;10 Hydraulik;0
IN10468;Nordmeyer GmbH & Co KG;nordmeyer peine;D;Deutschland;09 Mobilhydraulik;0
IN10469;METRUS International GmbH & Co KG;metrus ebersberg;D;Deutschland;;0
IN10472;Tescom Europe GmbH & Co. KG;tescom forchtenberg;D;Deutschland;;0
IN10474;Hausherr System Bohrtechnik GmbH & Co.KG;hausherr unna;D;Deutschland;25 Allgemeiner Anlagenbau;0
IN10477;W M Behnsen Willy G. H. Wimmerstedt;behnsen;D;Deutschland;;0
IN10479;Siemens AG Industrial Solutions and Services;siemens erlangen;D;Deutschland;;0
IN10480;JoMa;joma heiligenberg;D;Deutschland;;0
IN10481;Atlas Weyhausen GmbH;Atlas Weyhausen;D;Deutschland;09 Mobilhydraulik;0
IN10486;Werner Grün GmbH & Co. KG;grün altbach;D;Deutschland;;0
IN10487;Hamm AG Strassenwalzenfabrik Baumaschinen;hamm tirschenreuth;D;Deutschland;09 Mobilhydraulik;0
IN10488;Peiner SMAG Lifting Technologies GmbH;smag salzgitter;D;Deutschland;09 Mobilhydraulik;0
IN10493;Horst Wierick GmbH;wierick ratekau;D;Deutschland;;0
IN10494;HSG-IMAT;hsg-imat stuttgart;D;Deutschland;;0
IN10495;Schwab Klimatechnik;schwab kölleda;D;Deutschland;06 Klimatechnik;0
IN10496;MECANEON Savas Tsirabidis;mecaneon bochum;D;Deutschland;33 Ersatzteilhändler S/I;0
IN10498;GOK Regler- u Armaturen-Gesellschaft;gok marktbreit;D;Deutschland;;0
IN10499;Erhard Muhr GmbH Sondermaschinen und Anlagenbau;muhr brannenburg;D;Deutschland;16 Wasseranwendungen;0
IN10501;Gasversorgung Main-Spessart GmbH Betriebstelle;gasversorgung alzenau;D;Deutschland;;0
IN10506;Armada Argentina comision Naval En Europa;armada bonn;D;Deutschland;;0
IN10508;Stegmann Import-Export;stegmann rimbach;D;Deutschland;;0
IN10510;Faun GmbH;faun lauf a. d. pegnitz;D;Deutschland;09 Mobilhydraulik;0
IN10511;Eckelmann AG;eckelmann wiesbaden;D;Deutschland;;0
IN10512;Beinlich Pumpen GmbH;beinlich gevelsberg;D;Deutschland;07 Pumpen;0
IN10515;Gottwald Port Technology GmbH;gottwald düsseldorf;D;Deutschland;03 Schiffbau (Systeme);0
IN10523;ATMOS AUTOMATIONS GMBH;atmos erlangen;D;Deutschland;;0
IN10524;Hilger u. Kern GmbH;hilger u kern mannheim;D;Deutschland;;0
IN10527;Imtech Deutschland GmbH & Co. KG Hauptniederlassung Stuttgart;imtech stuttgart;D;Deutschland;;0
IN10528;DGH Heidenau GmbH & Co. KG;dgh heidenau dohna;D;Deutschland;;0
IN10530;Gastechnik Kirchner GmbH & Co.KG;gastechnik kirchner ingersheim;D;Deutschland;08 Kompressoren;0
IN10531;Maschinenfabrik Seidl GmbH & Co KG;seidl münchen;D;Deutschland;;0
IN10538;Gravitech mbh Gesellschaft für Analysentechnik;gravitech rodgau;D;Deutschland;;0
IN10541;Syscom Electronic GmbH;syscom kirchkeim/teck;D;Deutschland;30 Händler;0
IN10544;Bayer Industry Service;bayer industry dormagen;D;Deutschland;;0
IN10546;Noell Crane Systems GmbH;noell würzburg;D;Deutschland;;0
IN10548;Yara Brunsbüttel GmbH;yara brunsbüttel;D;Deutschland;;0
IN10549;Lapp Systems GmbH Kabelverarbeitung;lapp systems much;D;Deutschland;;0
IN10551;Ehret Klima GmbH;ehret mannheim;D;Deutschland;;0
IN10554;Moshaver Export-Import;moshaver wiesbaden;D;Deutschland;;0
IN10562;Werner Turck GmbH & Co. KG Industrielle Automation;turck halver;D;Deutschland;12 Automatisierungstechnik;0
IN10563;K + E Technik GmbH;k+e kölleda;D;Deutschland;;0
IN10564;SIWA-tronic GmbH;siwa-tronic hagen;D;Deutschland;;0
IN10565;Borowski und Meier GmbH;borowski und meier;D;Deutschland;;0
IN10567;Joh. Philipps GmbH & Co. KG;philipps bochum;D;Deutschland;12 Automatisierungstechnik;0
IN10569;Paul Wärmerückgewinnung GmbH;paul mülsen;D;Deutschland;26 Erneuerbare Energien;0
IN10571;;t-tec unterrieden;D;Deutschland;;0
IN10574;AMR-Hydraulik Zwickau GmbH;amr-hydraulik zwickau;D;Deutschland;10 Hydraulik;0
IN10575;R&M E.M.S. Gmbh Engineering Maintenance Services;r&m wölfersheim-berstadt;D;Deutschland;35 Instandhaltung/Wartung;0
IN10577;Fiehl & Kersken GmbH;fiehl + kersken wesseling;D;Deutschland;06 Klimatechnik;0
IN10578;Rochem UF-Systeme GmbH;rochem hamburg;D;Deutschland;16 Wasseranwendungen;0
IN10579;Hörtner & Fischer Kundendienst & Service GmbH;hoertner+fischer konstanz;D;Deutschland;;0
IN10580;Scheer Industrieservice;scheer wetzlar;D;Deutschland;;0
IN10581;Schiffservice Lepschies;allround stralsund;D;Deutschland;;0
IN10583;HPA GmbH für Hydraulik - Pneumatik;hpa brüsewitz;D;Deutschland;10 Hydraulik;0
IN10584;Ingenieurbüro Tatler;tatler michelstadt;D;Deutschland;;0
IN10585;Gasversorgung Main-Kinzig Gmbh;gasversorgung main kinzig gelnh.;D;Deutschland;;0
IN10592;ZF Lenksysteme Hungária Kft.;zflenksysteme hungária;H;Ungarn;11 Getriebe;0
IN10596;HERCON GmbH Elektrogrosshandel;hercon nürnberg;D;Deutschland;;0
IN10605;EuroMaint Rail GmbH Werk Deltisch;euromaint delitsch;D;Deutschland;32 Ersatzteilhändler Industrie;0
IN10607;IRIMPEX im- u. Export GmbH;irimpex bremen;D;Deutschland;;0
IN10608;Grieser Luft- und Filtertechnik GmbH;grieser filderstadt;D;Deutschland;22 Filtertechnik;0
IN10610;Enertec Kraftwerke GmbH;enertec mühlhausen;D;Deutschland;26 Erneuerbare Energien;0
IN10611;IBK;ibk twist;D;Deutschland;;0
IN10615;agriKomp GmbH Büro NordWest;agrikomp bremen;D;Deutschland;;0
IN10617;Hengesbach GmbH & Co. KG Mess- und Regeltechnik;hengesbach erkrath;D;Deutschland;40 Kleinbetriebe;0
IN10626;Max Voggenreiter GmbH;voggenreiter mainleus;D;Deutschland;12 Automatisierungstechnik;0
IN10627;Vitalon GmbH;vitalon hannover;D;Deutschland;;0
IN10628;Raouf Gabsattarov RG Export/Logistik;raouf berlin;D;Deutschland;;0
IN10633;Simka Apparatetechnik;simka hanau;D;Deutschland;16 Wasseranwendungen;0
IN10634;B&O Kälte-Klima und Lüftungstechnik GmbH;b&o dormagen;D;Deutschland;06 Klimatechnik;0
IN10636;Haacon Hebetechnik GmbH;haacon freudenberg;D;Deutschland;09 Mobilhydraulik;0
IN10637;Alfred Kärcher GmbH & Co. KG;kärcher Winnenden;D;Deutschland;08 Kompressoren;0
IN10638;FGB Entwicklung + Konstruktion GmbH;fgb salz;D;Deutschland;12 Automatisierungstechnik;0
IN10639;Carl Zeiss;zeiss oberkochen;D;Deutschland;;0
IN10640;ELSO ELBE GmbH & Co. KG;elso hofheim/unterfranken;D;Deutschland;;0
IN10645;Siebert Hydraulik + Pneumatik;siebert stendal;D;Deutschland;10 Hydraulik;0
IN10649;Dieter Kintscher Kälte- und Klimatechnik;kintscher melle;D;Deutschland;06 Klimatechnik;0
IN10652;Albert Ziegler GmbH & Co.KG Feuerwehrgerätefabrik u. Schlauch;ziegler giengen/brenz;D;Deutschland;09 Mobilhydraulik;0
IN10654;Lutz Wiebeck Hydraulik+Pneumatik;wiebeck breisach rhein;D;Deutschland;10 Hydraulik;0
IN10655;Ziehl-Abegg AG;ziehl-abegg künzelsau;D;Deutschland;05 Prüfstände;0
IN10656;Friedrich Wärmetechnik;friedrich igersheim;D;Deutschland;;0
IN10660;MACHINEX GMBH;machinex frankfurt;D;Deutschland;;0
IN10661;Presspart GmbH & Co.KG;presspart marsberg;D;Deutschland;;0
IN10665;Inter Technology e.K;inter alsfeld;D;Deutschland;;0
IN10671;Steuerungstechnik Josef Hanfstingl;steuerungstechnik bruckmühl;D;Deutschland;;0
IN10672;LIPP GmbH Anlagentechnik + Umwelttechnik;lipp tannhausen;D;Deutschland;25 Allgemeiner Anlagenbau;0
IN10673;HPS Hydraulik&Pneumatik Service GmbH;hps düren;D;Deutschland;10 Hydraulik;0
IN10674;Terex-Demag GmbH & Co. KG;terex-demag zweibrücken;D;Deutschland;09 Mobilhydraulik;0
IN10676;et eltroma-technik gmbh;eltroma hamburg;D;Deutschland;30 Händler;0
IN10679;ETW-Engergietechnik GmbH;etw moers;D;Deutschland;26 Erneuerbare Energien;0
IN10680;Kühlanlagenbau Süd-West GmbH;kühlanlagenbau erfurt;D;Deutschland;06 Klimatechnik;0
IN10682;FTB Handels GmbH;ftb waldshut;D;Deutschland;30 Händler;0
IN10683;ESS GmbH;ess gmbh steinach;D;Deutschland;12 Automatisierungstechnik;0
IN10684;KIROW Leipzig AG;kirow Leipzig AG;D;Deutschland;09 Mobilhydraulik;0
IN10685;SAG Turbo-Service GmbH Turbomaschinen;sag essen;D;Deutschland;35 Instandhaltung/Wartung;0
IN10686;Werres KG Industriebedarf Technischer;werres duisburg;D;Deutschland;;0
IN10687;Filltech GmbH;filltech warburg;D;Deutschland;;0
IN10695;GM Powertrain Europe;gm powertrain / bochum;D;Deutschland;05 Prüfstände;0
IN10696;S-Bahn-Berlin GmbH;s-bahn berlin;D;Deutschland;00 Bahn;1
IN10700;skPergo KG Trainee Technicals sales;skpergo  hamburg;D;Deutschland;;0
IN10703;Schulz Verfahrenstechnik GmbH;schulz britz;D;Deutschland;;0
IN10707;SAG Erwin Peters GmbH;sag hamburg;D;Deutschland;;0
IN10708;"RS "" UNISCHIFF"" GmbH";unischiff reinfeld;D;Deutschland;34 Reederei;0
IN10711;Richco Industrieservice GmbH;richco;D;Deutschland;;0
IN10715;Greenvironment GmbH;greenvironment berlin;D;Deutschland;26 Erneuerbare Energien;0
IN10716;Leise GmbH & Co. KG;leise coburg;D;Deutschland;30 Händler;0
IN10717;Maximator GmbH;maximator sinsheim;D;Deutschland;12 Automatisierungstechnik;0
IN10719;FLUID TEAM Automationstechnik GmbH;fluid team;D;Deutschland;09 Mobilhydraulik;0
IN10720;SELEMA International e.K. Impot - Export;selema hamburg;D;Deutschland;;0
IN10723;roTeg mbH Roboter Technologie Gesellschaft;roteg dortmund;D;Deutschland;25 Allgemeiner Anlagenbau;0
IN10725;Universal Hydraulik GmbH;universal hydraulik;D;Deutschland;10 Hydraulik;0
IN10733;Kumwoo Europe GmbH;kumwoo raunheim;D;Deutschland;;0
IN10734;Pink Vakuumtechnik;pink wertheim;D;Deutschland;07 Pumpen;0
IN10737;Maschinenfabrik Herbert Meyer GmbH;meyer rötz;D;Deutschland;;0
IN10741;Detlef Ryll Meßtechnik - Service;Ryll Rostock;D;Deutschland;;0
IN10742;SAMSON AG Mess- und Regeltechnik;samson frankfurt/main;D;Deutschland;12 Automatisierungstechnik;0
IN10743;Carl Zeiss Industrielle Messtechnik GmbH;zeiss oberkochen;D;Deutschland;;0
IN10744;Müller Industrie-Elektronik GmbH;müller neustadt;D;Deutschland;30 Händler;0
IN10746;TU Ilmenau Fakultät AS;tu ilmenau;D;Deutschland;;0
IN10749;ROTZLER GMBH + CO KG;rotzler steinen;D;Deutschland;29 Drehmomentanwendungen;0
IN10750;Dahms GmbH;dahms velbert;D;Deutschland;12 Automatisierungstechnik;0
IN10754;MBtech Powertrain GmbH;mbtech münchen;D;Deutschland;05 Prüfstände;0
IN10757;SoftMediaTec GmbH;soft media wiesbaden;D;Deutschland;;0
IN10758;Helms Gunnar Ing.-Design;helms renningen/malmsheim;D;Deutschland;;0
IN10763;GENTAS GmbH;gentas overath-eulenthal;D;Deutschland;;0
IN10764;ADM Hamburg AG;adm hamburg;D;Deutschland;;0
IN10766;Hirschmann Automation and Control;hirschmann ettlingen;D;Deutschland;;0
IN10774;ERBE Elektromedizin GmbH;erbe tübingen;D;Deutschland;19 Medizintechnik;0
IN10775;Cramer Systemtechnik GmbH;cramer leopoldshöhe;D;Deutschland;10 Hydraulik;0
IN10776;Evobus;evobus mannheim;D;Deutschland;05 Prüfstände;0
IN10777;Ip Industrial Products GmbH;ip hamburg;D;Deutschland;30 Händler;0
IN10779;Kreitzler Industriebühnen GmbH;kreitzler witten;D;Deutschland;09 Mobilhydraulik;0
IN10781;Backens systems GmbH;backens mettmann;D;Deutschland;;0
IN10784;Seitz Electric;seitz wertingen-bliensbach;D;Deutschland;;0
IN10785;Bucher Hydraulics GmbH;bucher klettgau;D;Deutschland;10 Hydraulik;0
IN10791;KOMATSU Mining Germany GmbH;komatsu düsseldorf;D;Deutschland;09 Mobilhydraulik;0
IN10793;CEF Elektrofachgroßhandlung Nord GmbH;cef witten;D;Deutschland;32 Ersatzteilhändler Industrie;0
IN10794;Procure GmbH Vermittlung-Beratung-Handel;procure düsseldorf;D;Deutschland;;0
IN10798;Robert Bosch GmbH;bosch nürnberg;D;Deutschland;23 Brandschutz;0
IN10800;Reineke Mess- und Regeltechnik GmbH;reineke bochum;D;Deutschland;;0
IN10808;Herbert Neyers GmbH;neyers meerbusch;D;Deutschland;15 EX-Anwendungen;0
IN10809;Elekro Partner Calbe OHG;elektropartner calbe;D;Deutschland;;0
IN10814;LBV Bremerhaven;lbv bremerhaven;D;Deutschland;;0
IN10815;Beglau Wärmepumpen;beglau rampe;D;Deutschland;06 Klimatechnik;0
IN10819;Heller & Co. Industriebedarf oHG;heller mannheim;D;Deutschland;;0
IN10820;Arndt GmbH BioKing - Deutschland;arndt offenbach;D;Deutschland;;0
IN10821;Stevanovic Elektrotechnik GmbH;stevanovic nürnberg;D;Deutschland;40 Kleinbetriebe;0
IN10823;Universität des Saarlandes Physik und Mechatronik;uni saarbrücken;D;Deutschland;;0
IN10830;euro engineering AG Niederlassung Kiel;euro engineering kiel;D;Deutschland;;0
IN10831;Haug Elektrotechnik GmbH;haug leingarten;D;Deutschland;;0
IN10834;Müller GmbH;müller eldingen;D;Deutschland;;0
IN10835;Brugger;brugger simbach;D;Deutschland;;0
IN10840;ADYNA Technology GmbH;adyna hoppstädten-weiersbach;D;Deutschland;;0
IN10841;TMS Technical Marine Service;tms  broderstorf rostock;D;Deutschland;;0
IN10844;MH-Parts.com Marine & Industries;mh-parts lübeck;D;Deutschland;33 Ersatzteilhändler S/I;0
IN10850;Ro Trading;ro trading schwerte;D;Deutschland;;0
IN10851;Anlagen- und Apparatebau Lüthe GmbH;lüthe heide;;;26 Erneuerbare Energien;0
IN10854;Song Exportpromotion;song ostfildern;D;Deutschland;;0
IN10856;IRISL Europe GmbH Operations-and Technical Dept.;irisl hamburg;D;Deutschland;;0
IN10858;E + P Werftenservice GmbH;e+p werftenservice hamburg;D;Deutschland;31 Ersatzteilhändler Schiffbau;0
IN10864;Fliegl Agrartechnik GmbH;fliegl töging;D;Deutschland;09 Mobilhydraulik;0
IN10866;F.S. Fehrer Automotive GmbH;fehrer kitzingen;D;Deutschland;25 Allgemeiner Anlagenbau;0
IN10867;Breunig Thomas;breunig thomas;D;Deutschland;;0
IN10877;Ekkehard Brasche Svecia Siebdruck;brasche nürnberg;D;Deutschland;30 Händler;0
IN10878;Cargill Deutschland GmbH;cargill krefeld;D;Deutschland;21 Lebensmittelindustrie;0
IN10879;Johs. Rieckermann e.K.;rieckermann hamburg;D;Deutschland;;0
IN10889;GIS Europe SE;gis Hamburg;D;Deutschland;;0
IN10893;TECTRON GmbH OT Basdorf;tectron wandlitz;D;Deutschland;;0
IN10898;Kerntechnische Entsorgung Karlsruhe;wak eggenstein-leop.;D;Deutschland;40 Kleinbetriebe;0
IN10899;ProRef Ltd.;proref glinde;D;Deutschland;;0
IN10901;RGW Elektrotechnik GmbH;rgw schwabach;D;Deutschland;16 Wasseranwendungen;0
IN10902;VBN Vertrieb GmbH;vbn vertrieb berlin;D;Deutschland;30 Händler;0
IN10905;Energy Industry Equipment Sales and Service GmbH;energy industry celle;D;Deutschland;32 Ersatzteilhändler Industrie;0
IN10908;DGE GmbH;dge lutherstadt wittenberg;D;Deutschland;;0
IN10909;Beluga Flett Management GmbH & Co. KG;beluga bremen;D;Deutschland;;0
IN10911;Devik Handels GmbH;devik berlin;D;Deutschland;30 Händler;0
IN10912;I. Jansen GmbH;i.jansen hamburg;D;Deutschland;;0
IN10914;GEA NEMA Wärmetauscher GmbH;nema netzschkau;D;Deutschland;;0
IN10915;International Supplies & Recycling GmbH;international möchengladbach;D;Deutschland;;0
IN10921;Pfeiffer & Pfeiffer Gebäudetechnik GmbH;pfeiffer & pfeiffer götschetal;D;Deutschland;;0
IN10923;Kloepfel Consulting GmbH Ecke Königsallee;kloepfel düsseldorf;D;Deutschland;30 Händler;0
IN10924;GM Getränketechnik & Maschinenbau GmbH Gera;gm gera;D;Deutschland;12 Automatisierungstechnik;0
IN10928;S.I.T. Kai Siggelkow Internat. Trading;s.i.t.  hamburg;D;Deutschland;30 Händler;0
IN10929;imc Meßsysteme GmbH;imc-berlin;D;Deutschland;05 Prüfstände;0
IN10934;SEMA Export-Import;sema fulda;D;Deutschland;;0
IN10935;TEREX FUCHS GmbH;terex fuchs bad schönborn;D;Deutschland;09 Mobilhydraulik;0
IN10936;HORIBA Europe Automation Division GmbH;horiba neuhausen;D;Deutschland;12 Automatisierungstechnik;0
IN10938;AQUA NOVA GmbH;aqua nova stephanskirchen;D;Deutschland;16 Wasseranwendungen;0
IN10939;FuelCon AG;fuelcon magdeburg;D;Deutschland;52 Wasserstoffanwendungen;0
IN10943;JOWA Fahrzeugteile Vertriebs-GmbH;jowa niedenstein;D;Deutschland;05 Prüfstände;0
IN10944;S-two GmbH & Co. KG;s-two lage;D;Deutschland;03 Schiffbau (Systeme);0
IN10945;Metallguss Schiefelbusch GmbH;schiefelbusch stahlhofen;D;Deutschland;35 Instandhaltung/Wartung;0
IN10947;Funkwerk Information Technologies Karlsfeld;funkwerk müchen;D;Deutschland;40 Kleinbetriebe;0
IN10948;FFG Umwelttechnik GmbH & Co KG;ffg umwelt;D;Deutschland;09 Mobilhydraulik;0
IN10949;Deutsche Edelstahlwerke;dew krefeld;D;Deutschland;40 Kleinbetriebe;0
IN10950;TRADEX  Handelsgesellschaft mbH;tradex nienhagen;D;Deutschland;30 Händler;0
IN10951;Helmut Stammer Import-Export;stammer witzenhausen;D;Deutschland;;0
IN10952;Huang & Hu Industrielle Instandhaltung;huang & hu berlin;D;Deutschland;;0
IN10953;China Import und Export Industrieprodukte;china darmstadt;D;Deutschland;;0
IN10954;Dönges GmbH & Co. KG;dönges remscheid;D;Deutschland;;0
IN10956;Schu & Schneider GmbH;schu & schneider st. wendel;D;Deutschland;32 Ersatzteilhändler Industrie;0
IN10957;PRINZ TECHNIK Hydraulik Schwerin GmbH;prinz schwerin;D;Deutschland;10 Hydraulik;0
IN10958;SAB Müller GmbH;müller schaltan.  osterhofen;D;Deutschland;12 Automatisierungstechnik;0
IN10960;STERI TECH GmbH;steri tech nußloch;D;Deutschland;19 Medizintechnik;0
IN10964;FRICKE Abfülltechnik GmbH & Co.KG;fricke minden;D;Deutschland;21 Lebensmittelindustrie;0
IN10965;EASTMAR Ship & Industry Service;eastmar hamburg;D;Deutschland;;0
IN10966;Robert Schiessl GmbH;schiessl oberhaching;D;Deutschland;06 Klimatechnik;0
IN10968;Galvanic Applied Sciences Inc. ZW Düsseldorf;galvanic düsseldorf;D;Deutschland;;0
IN10970;membraPure GmbH;membrapure bodenheim;D;Deutschland;16 Wasseranwendungen;0
IN10972;RICHARD BECKER OHG;becker wermelskirchen;D;Deutschland;;0
IN10975;Samson Electronic GmbH;samson hamburg;D;Deutschland;;0
IN10978;Babatz Kompressoren GmbH;babatz heilbronn;D;Deutschland;08 Kompressoren;0
IN10980;Riemag GmbH Blockheizkraftwerke für Pflanzen-;riemag grafenwöhr;D;Deutschland;26 Erneuerbare Energien;0
IN10981;IECAZ Industry Engineering Consulting;iecaz ruppichteroth;D;Deutschland;30 Händler;0
IN10982;Piller Entgrattechnik GmbH;piller entgrattechnik ditzingen;D;Deutschland;12 Automatisierungstechnik;0
IN10983;Arknoah Ship Management GmbH;arknoah hamburg;D;Deutschland;31 Ersatzteilhändler Schiffbau;0
IN10986;Sondermesstechnik Diagnose Servic;sds-plus rees;D;Deutschland;;0
IN10987;CETA Testsysteme GmbH;ceta hilden;D;Deutschland;05 Prüfstände;0
IN10990;Weidemann GmbH;weidemann diemelsee;D;Deutschland;09 Mobilhydraulik;0
IN10992;Julius Grube KG (GmbH & Co) Schiffswerft u. Maschienenfabrik;grube hamburg;D;Deutschland;;0
IN10995;MARTIME - Gesellschaft für maritime Dienstleistungen mbH;maritime elsfleth;D;Deutschland;;0
IN11000;Heinrich - Tools Vertriebsges. mbH;tools bochum;D;Deutschland;;0
IN11004;Walter Gerätebau GmbH;walter sachsenheim;D;Deutschland;07 Pumpen;0
IN11005;MAN Turbo AG Afer Sales Services;man turbo berlin;D;Deutschland;35 Instandhaltung/Wartung;0
IN11009;BDG GmbH;bdg gerabronn;D;Deutschland;05 Prüfstände;0
IN11010;Alpine Hydraulik GmbH;alpine hydaulik memmingen;D;Deutschland;10 Hydraulik;0
IN11011;MARINA MÄNZ;mänz gersthofen;D;Deutschland;;0
IN11013;Idele International GmbH;idele düsseldorf;D;Deutschland;;0
IN11014;Richter Rohrleitungsbau GmbH;richter hamburg;;;;0
IN11019;Wuelfing Pharma GmbH;wuelfing gronau;D;Deutschland;19 Medizintechnik;0
IN11021;W.P. JOHNS & SOHN;johns hamburg;D;Deutschland;;0
IN11024;Bundeswehrdienstleistungzentrum Weißenfels Dienstleistungszentrum;bundeswehr bad frankenhausen;D;Deutschland;;0
IN11026;Triplex-TMH-Technical Marine Equipment;triplex flensburg;D;Deutschland;31 Ersatzteilhändler Schiffbau;0
IN11027;REXEL Deutschland Elektrofachgr0ßhandel GmbH;rexel bretzenheim;D;Deutschland;30 Händler;0
IN11028;SMC Pneumatik GmbH;smc pneumatik egelsbach;D;Deutschland;07 Pumpen;0
IN11032;Technogerma SYSTEMS GmbH TGS;technogerma darmstadt;D;Deutschland;04 pr Prüfstände;0
IN11036;Industriearmaturen Göttgens GmbH;göttgens würselen;D;Deutschland;12 Automatisierungstechnik;0
IN11041;Sauer GmbH & Co. KG Polymertechnik;sauer föritz;D;Deutschland;;0
IN11046;Lantzerath Tankstellentechnik Gmb;lantzerath groß-gerau;D;Deutschland;;0
IN11047;PEMOTEC GmbH Industriegebiet Krummeg;pemotec neunkirchen;D;Deutschland;01 Motoren;0
IN11048;Techno-Eko GmbH p.p.a Olga Rolsing;techno-eko neuss;D;Deutschland;;0
IN11049;Sonepar Deutschland Region-Nord-Ost GmbH;sonepar osnabrück;D;Deutschland;30 Händler;0
IN11050;Sonepar Deutschland Region Nord-Ost GmbH;sonepar bremen;D;Deutschland;30 Händler;0
IN11054;Pressluft Frantz;pressluft frankfurt;D;Deutschland;08 Kompressoren;0
IN11055;Wieferig - Kamie;wieferig neukyhna;D;Deutschland;;0
IN11058;Hermann Schaltermund Export - Import GmbH;schaltermund hamburg;D;Deutschland;;0
IN11059;U-Vautec GmbH;u-vautec bielefeld;D;Deutschland;12 Automatisierungstechnik;0
IN11060;deilmann-haniel mining systems gmbh;deilmann dortmund;D;Deutschland;25 Allgemeiner Anlagenbau;0
IN11061;Caterpillar Motoren Rostock GmbH;cat rostock;D;Deutschland;01 Motoren;0
IN11063;emc Germany GmbH Standardkessel Baumgarte Gruppe;emc standardkesssel oberhausen;D;Deutschland;25 Allgemeiner Anlagenbau;0
IN11065;E.I.S. Eickemeier Industrie-Service GmbH;eickemeier northeim;D;Deutschland;40 Kleinbetriebe;0
IN11066;PURANT GmbH;purant ortrand;D;Deutschland;12 Automatisierungstechnik;0
IN11068;SF-Systeme Büchele GmbH;sf-systeme karlsbad;D;Deutschland;12 Automatisierungstechnik;0
IN11072;PROTOPLAN GMBH;protoplan neusaeaa;D;Deutschland;;0
IN11076;Volkswagen Hannover;volkswagen hannover;D;Deutschland;05 Prüfstände;0
IN11077;Berg & Gladrow GbR;berg & gladrow berlin;D;Deutschland;33 Ersatzteilhändler S/I;0
IN11078;Simpex Hydraulik GmbH;simpex spremberg;D;Deutschland;10 Hydraulik;0
IN11079;SEAR GmbH;sear gmbh rostock;D;Deutschland;12 Automatisierungstechnik;0
IN11085;HANSA Industrieanlagen;hansa senden;D;Deutschland;06 Klimatechnik;0
IN11086;DÜSTERLOH Fluidtechnik GmbH;düsterloh hattingen;D;Deutschland;10 Hydraulik;0
IN11093;Oskar Böttcher GmbH & Co. KG;Oskar Böttcher Neubrandenburg;D;Deutschland;32 Ersatzteilhändler Industrie;0
IN11094;Gerlinger GmbH & Co.KG Klebebandwerke;gerlinger nördlingen;D;Deutschland;40 Kleinbetriebe;0
IN11096;Dr. E. Horn GmbH Messgerätefabrik;horn schönaich;D;Deutschland;;0
IN11101;beer -Fördertechnik;beer bad könig;D;Deutschland;07 Pumpen;0
IN11102;Firma Schlosser;schlosser linkenheim;D;Deutschland;;0
IN11105;Alpha meß-steuer-regeltechnik GmbH;alpha meß-steuer neustadt;D;Deutschland;40 Kleinbetriebe;0
IN11110;Tribotec Schmierungstechnik GmbH;tribotec schwarzenberg;D;Deutschland;24 Zentralschmieranlagen;0
IN11111;Derek Goslar mbH & Co. KG;derek goslar hamburg;D;Deutschland;40 Kleinbetriebe;0
IN11113;Bielenberg Böttcher GbR;bielenberg lütjensee;D;Deutschland;40 Kleinbetriebe;0
IN11114;Valeri osipov Industriehandel;osipov rotenburg;D;Deutschland;;0
IN11115;UHS United Heatexchanger;uhs hildesheim;D;Deutschland;12 Automatisierungstechnik;0
IN11116;Helling GmbH;helling heidgraben;D;Deutschland;19 Medizintechnik;0
IN11122;ZELENKA GmbH;zelenka gilching;D;Deutschland;12 Automatisierungstechnik;0
IN11125;Hutter Kältetechnik;hutter murnau a. st.;D;Deutschland;06 Klimatechnik;0
IN11126;Grimme Landmaschinenfabrik GmbH & Co.KG;grimme damme;D;Deutschland;09 Mobilhydraulik;0
IN11129;Tamsen Maritim Yard;tamsen;D;Deutschland;02 Schiffbau (Werft);0
IN11130;Multicar Zweigwerk der Hako-Werke GmbH;Multicar waltershausen;D;Deutschland;09 Mobilhydraulik;0
IN11134;Krüger & Salecker Maschinenbau GmbH & Co. KG;krüger & salecker bad schwartau;D;Deutschland;40 Kleinbetriebe;0
IN11135;h-tec Wasserstoff-Energie-Systeme GmbH;h-tec lübeck;D;Deutschland;52 Wasserstoffanwendungen;0
IN11137;TTS-Marine Marine Cranes GmbH;tts-marine lübeck;D;Deutschland;03 Schiffbau (Systeme);0
IN11139;MAGURA Gustav Magenwirth GmbH & Co. KG;magura bad urach;D;Deutschland;10 Hydraulik;0
IN11140;Elektro-Navigation Schick & Co. GmbH;schick rellingen;D;Deutschland;;0
IN11141;3S GmbH Gebäude 30;3S saarbrücken;D;Deutschland;05 Prüfstände;0
IN11143;MAHLE GmbH;mahle stuttgart;D;Deutschland;05 Prüfstände;0
IN11144;TuningKisten;tuningkisten wenzenbach;D;Deutschland;05 Prüfstände;0
IN11145;MPW Construction Machinery and Industrial Supply GmbH & Co.KG;mpw bremen;D;Deutschland;;0
IN11146;HUFA INTERNATIONAL e.K.;hufa rheinbreitbach;D;Deutschland;;0
IN11147;BIG Entsorgungstechnologien GmbH;big bad tölz;D;Deutschland;10 Hydraulik;0
IN11149;Perfecta Schneisysteme GmbH Bautzen;perfecta bautzen;D;Deutschland;25 Allgemeiner Anlagenbau;0
IN11150;Clipper Ship Supply Limited;Clipper Hamburg;D;Deutschland;;0
IN11151;HEG Hamburg Export Großhandels GmbH;heg löcknitz;D;Deutschland;;0
IN11152;Novatech GmbH;novatech wolpertshausen;D;Deutschland;26 Erneuerbare Energien;0
IN11156;MCC Imports & Exports;mcc bonn;D;Deutschland;;0
IN11157;Fluitronics GmbH;fluitronics krefeld;D;Deutschland;10 Hydraulik;0
IN11159;Fuchs Motoren & Energietechnik;fuchs bergisch gladbach;D;Deutschland;;0
IN11160;Jumag Dampferzeuger GmbH;jumag heddesheim;D;Deutschland;25 Allgemeiner Anlagenbau;0
IN11163;Vecom Marine Services GmbH;vecom marine hamburg;D;Deutschland;;0
IN11165;SONTEC Sensorbau GmbH;sontec lennestadt;D;Deutschland;40 Kleinbetriebe;0
IN11166;Neuhauser Druck Luft Technik;neuhauser;D;Deutschland;08 Kompressoren;0
IN11174;IB Dr. Kastanakis;ib kastanakis köln;D;Deutschland;;0
IN11175;Metrus GmbH;metrus erkelenz;D;Deutschland;05 Prüfstände;0
IN11176;Thermion Technology GmbH Technologiezentrum Köthen;thermion köthen;D;Deutschland;40 Kleinbetriebe;0
IN11177;SET Schmidt Energie Technik;schmidt hemmingen;D;Deutschland;16 Wasseranwendungen;0
IN11181;Siegl & Linne Fertigungstechnik GmbH;siegl;D;Deutschland;12 Automatisierungstechnik;0
IN11183;Manfred Jünemann Meß- und Regeltechnik GmbH;jünemann bad salzuflen;D;Deutschland;12 Automatisierungstechnik;0
IN11186;ZF Sachs AG;zf sachs schweinfurt;D;Deutschland;05 Prüfstände;0
IN11187;WIMA Handel & Service GmbH;wima essen;D;Deutschland;30 Händler;0
IN11189;Meier Prozesstechnik GmbH;meier bocholt;D;Deutschland;12 Automatisierungstechnik;0
IN11191;DENIOS AG;denios bad oeynhausen;D;Deutschland;15 EX-Anwendungen;0
IN11195;fluidservice gmbh;fluidservice  mülheim;D;Deutschland;12 Automatisierungstechnik;0
IN11198;TongMyung Eng. Europe GmbH;tongmyung düsseldorf;D;Deutschland;10 Hydraulik;0
IN11199;TORNADO Anlagentechnik Vertriebs GmbH;tornado heidelberg;D;Deutschland;;0
IN11204;Sonepar Deutschland Region Nord-Ost GmbH;sonepar berlin-reinicke;D;Deutschland;30 Händler;0
IN11209;TX Marine Hamburg Handelsagentur K. Paschen;tx hamburg;D;Deutschland;30 Händler;0
IN11210;OBETA Elektro Vertriebs-GmbH;böttcher görlitz;D;Deutschland;;0
IN11212;psm WindService GmbH & Co.KG;psm erkelenz;D;Deutschland;26 Erneuerbare Energien;0
IN11213;ccp clim cool project GmbH;ccp renningen;D;Deutschland;06 Klimatechnik;0
IN11215;tradec Gesellschaft f. Prozesstecnik mbH;tradec neidenstein;D;Deutschland;;0
IN11217;Ralf Bischoff Elektro und Datentechnik;bischoff armstorf;D;Deutschland;;0
IN11218;Kelheim Fibres;fibres kelheim;D;Deutschland;25 Allgemeiner Anlagenbau;0
IN11219;Klima- und Anlagentechnik Schindler GmbH;schindler henstedt;D;Deutschland;06 Klimatechnik;0
IN11220;vquipu GmbH;vquipu hamburg;D;Deutschland;;0
IN11222;Fil-Tec-Rixen GmbH;fil tec rixen  hamburg;D;Deutschland;;0
IN11223;Baumeister  Großküchentechnik GmbH,  Techn. Serive;baumeister rottweil;D;Deutschland;;0
IN11224;A.M. Ramp & Co.;ramp  eppstein;D;Deutschland;;0
IN11225;H. Lohmann Bereederungen GmbH & Co. KG;lohmann haren;D;Deutschland;34 Reederei;0
IN11226;ritter & bader GmbH Cooling Systems;ritter & bader weißenhorn;D;Deutschland;06 Klimatechnik;0
IN11228;Schokoma GmbH Maschinenhandel;schokoma willich-neersen;D;Deutschland;;0
IN11229;IMPEX Industry GmbH World Busines Alliance Center;impex berlin;D;Deutschland;;0
IN11230;MGH Handesl-und Produktionges. mbH;mgh frankfurt;D;Deutschland;;0
IN11233;Böcker Kälte & Klimatechnik GmbH;böcker firrel;D;Deutschland;06 Klimatechnik;0
IN11235;Selami Calgan;calgan wuppertal;D;Deutschland;;0
IN11236;MATECS Limited;matecs braunschweig;D;Deutschland;25 Allgemeiner Anlagenbau;0
IN11240;Abeler Kältetechnik GmbH;abeler emsdetten;D;Deutschland;06 Klimatechnik;0
IN11243;FixX Werkzeug GmbH;fixx gammertingen;D;Deutschland;;0
IN11244;Prause & Partner GmbH;prause&partner goslar-oker;D;Deutschland;06 Klimatechnik;0
IN11246;H&H Industrielle Instandhaltung;h&h berlin;D;Deutschland;30 Händler;0
IN11251;Landefeld Druckluft und Hydraulik GmbH;landefeld kassel;D;Deutschland;30 Händler;0
IN11252;King Dynamics GmbH Fluid Process Technologies;king nürnberg;D;Deutschland;;0
IN11254;Zeile Kältetechnik GmbH;zeile sindelfingen;D;Deutschland;06 Klimatechnik;0
IN11258;HAWE Hydraulik SE;hawe hydraulik münchen;D;Deutschland;10 Hydraulik;0
IN11259;KÄLTE ECKERT GmbH;kälte eckert markgröningen;D;Deutschland;06 Klimatechnik;0
IN11260;SKA GmbH Gesellschaft für Kältetechnik;ska vöhringen;D;Deutschland;06 Klimatechnik;0
IN11261;Heinze & Streng GmbH;heinze mengerskirchen;D;Deutschland;;0
IN11263;Heinrich Bauer GmbH;bauer kreuzau;D;Deutschland;;0
IN11264;Wilhelm Eberhardt oHG.;eberhardt reichelsheim;D;Deutschland;;0
IN11265;AFISS AF Industrial Sales &;afiss essen;D;Deutschland;33 Ersatzteilhändler S/I;0
IN11274;WICKE Mechatronik GmbH;wicke nentershausen;D;Deutschland;12 Automatisierungstechnik;0
IN11276;GRUNDFOS Pumpenfabrik GmbH;grundfos wahlstedt;D;Deutschland;07 Pumpen;0
IN11277;IDEE LICHT KG;idee licht düsseldorf;D;Deutschland;;0
IN11281;Günter Langkopf Maschienbau;langkopf düsseldorf;D;Deutschland;;0
IN11283;Del & Tec GmbH;del & tec köln;D;Deutschland;;0
IN11285;Industrie - Kontor GmbH;industrie-kontor malsch;D;Deutschland;;0
IN11287;Deou Jidian Trading GmbH;deou jidian düsseldorf;D;Deutschland;30 Händler;0
IN11288;Braun Industrial Equipment GmbH;braun rosenheim;D;Deutschland;30 Händler;0
IN11289;CAT PUMPS Deutschland GmbH;cat pumps idstein;D;Deutschland;07 Pumpen;0
IN11290;APL Automobil-Prüftechnik Laudau GmbH;apl landau;D;Deutschland;;0
IN11295;Abbott Vascular Instruments Deutschland GmbH;abbott rangendingen;D;Deutschland;19 Medizintechnik;0
IN11301;MPI für Biogechemie;mpi jena;D;Deutschland;40 Kleinbetriebe;0
IN11307;Martin Christ Gefriertrocknungsanlagen GmbH;christ osterode;D;Deutschland;06 Klimatechnik;0
IN11308;ZÖLLER-KIPPER GmbH;zöller mainz;D;Deutschland;09 Mobilhydraulik;0
IN11310;SEW-EURODRIVE GmbH & Co KG;sew bruchsal;D;Deutschland;12 Automatisierungstechnik;0
IN11314;ZENT-FRENGER Gesellschaft für Gebäudetechnik mbH;zent-frenger heppenheim;D;Deutschland;12 Automatisierungstechnik;0
IN11316;LÖSI Getriebe - Steuerungen - Hydraulik GmbH;lösi kaiserslautern;D;Deutschland;10 Hydraulik;0
IN11317;CPS Kältetechnik GmbH;cps gerlingen;D;Deutschland;06 Klimatechnik;0
IN11318;COMBITHERM GmbH;combitherm fellbach;D;Deutschland;06 Klimatechnik;0
IN11321;EMDE Industrie-Technik GmbH;emde nassau;D;Deutschland;25 Allgemeiner Anlagenbau;0
IN11322;GfKK - Gesellschaft für Kältetechnik - Klimatechnik mbH;gfkk köln;D;Deutschland;06 Klimatechnik;0
IN11323;HYDROPNEU Fritz Daumüller GmbH;hydropneu ostfildern;D;Deutschland;10 Hydraulik;0
IN11325;Hafner-Muschler Kälte- und Klimatechnik GmbH & Co KG;hafner-muschler balingen;D;Deutschland;06 Klimatechnik;0
IN11328;thermea Energiesysteme GmbH;thermea freital;D;Deutschland;06 Klimatechnik;0
IN11330;Otto Boge GmbH & Co. KG BOGE KOMPRESSOREN;boge bielefeld;D;Deutschland;03 Schiffbau (Systeme);0
IN11331;B.I.G. Biogas Innovations GmbH;big biogas tellingstedt;D;Deutschland;;0
IN11332;DVZ-Services;dvz bremen;D;Deutschland;03 Schiffbau (Systeme);0
IN11333;agriKomp GmbH;agrikomp merkendorf;D;Deutschland;21 ge Gas Engines;0
IN11337;Kimia Instrument;kimia instrument;D;Deutschland;;0
IN11338;Pro2 Anlagentechnik GmbH;pro2 willich;D;Deutschland;40 Kleinbetriebe;0
IN11339;Horst Watz GmbH Watz Hydraulik;watz hydraulik lollar;D;Deutschland;10 Hydraulik;0
IN11340;InvenSor GmbH;invensor berlin;D;Deutschland;06 Klimatechnik;0
IN11341;Hoerbiger Automatisierungstechnik GmbH;hoerbiger altenstadt;D;Deutschland;03 Schiffbau (Systeme);0
IN11343;HydraulikVentile Technologie GmbH;hvt bad münster;D;Deutschland;10 Hydraulik;0
IN11345;Kälte-Technik GmbH Eisleben;kälte-technik eisleben;D;Deutschland;06 Klimatechnik;0
IN11347;PROKOPH Elektro- & Umwelttechnik;prokoph harzgerode;D;Deutschland;26 Erneuerbare Energien;0
IN11349;Cooltherm Kälteanlagen und Wärmepumpen GmbH;cooltherm alzenau;D;Deutschland;06 Klimatechnik;0
IN11350;Montagebau Martin;montagebau martin deisslingen;D;Deutschland;;0
IN11353;HKT Huber-Kälte-Technik GmbH;hkt halfing;D;Deutschland;06 Klimatechnik;0
IN11354;eGo Kältetechnik Gmbh & Co. KG;ego kältetechnik regensburg;D;Deutschland;06 Klimatechnik;0
IN11355;HAAS ANLAGENBAU GMBH;haas chieming;D;Deutschland;25 Allgemeiner Anlagenbau;0
IN11357;Andreas Schmid Anlagentechnik GmbH;schmid aschau;D;Deutschland;06 Klimatechnik;0
IN11359;Schnoor Kälte + Klimatechnik GmbH;schnorr kältetechnik pansdorf;D;Deutschland;06 Klimatechnik;0
IN11360;Siemens AG;siemens nürnberg;D;Deutschland;05 Prüfstände;0
IN11363;Wolf-Technik GmbH;wolf-technik horstedt;D;Deutschland;;0
IN11364;REISS KÄLTE-KLIMA GmbH & Co. KG;reiss kälte offenbach;D;Deutschland;06 Klimatechnik;0
IN11370;HDF Kälte- und Klimatechnik GmbH;hdf neutraubling;D;Deutschland;06 Klimatechnik;0
IN11371;Schneider Engineering GmbH;schneider-kessel berlin;D;Deutschland;25 Allgemeiner Anlagenbau;0
IN11372;aircool Kältetechnik GmbH;aircool münchen;D;Deutschland;06 Klimatechnik;0
IN11373;Kälte- und Klimatechnik GROSS GmbH;kälte gross kitzingen;D;Deutschland;06 Klimatechnik;0
IN11374;INDUSER Industrieservice GmbH & Co. KG;induser ratingen;D;Deutschland;;0
IN11377;Troester GmbH & Co.KG;troester hannover;D;Deutschland;;0
IN11378;Buchholz Hydraulik GmbH;buchholz schwentinental;D;Deutschland;10 Hydraulik;0
IN11379;Franklin Electric Europa GmbH;franklin wittlich;D;Deutschland;04 Gasdichte (SF6);0
IN11380;Bodensee-Schiffsbetriebe GmbH;bsb friedrichshafen;D;Deutschland;34 Reederei;0
IN11381;Elektro Hagl;hagl geisenfeld;D;Deutschland;01 Motoren;0
IN11382;Kälte-Wärme-Versorgungstechnik GmbH;bkw wolfschlugen;D;Deutschland;06 Klimatechnik;0
IN11383;ThyssenKrupp Industrial Solutions AG;thyssenkrupp beckum;D;Deutschland;32 Ersatzteilhändler Industrie;0
IN11384;Baratti Engineering GmbH;baratti wehr;D;Deutschland;25 Allgemeiner Anlagenbau;0
IN11385;H.I.T - Hagen GmbH;hit hagen;D;Deutschland;32 Ersatzteilhändler Industrie;0
IN11387;ANKUBERO GmbH;ankubero köln;D;Deutschland;30 Händler;0
IN11389;ProfiLectric;profilectric birkenfeld;D;Deutschland;25 Allgemeiner Anlagenbau;0
IN11392;PRO air GmbH;proair münchen;D;Deutschland;25 Allgemeiner Anlagenbau;0
IN11393;GVS Kälte-Klima-Technik GmbH;gvs tiefenbronn;D;Deutschland;06 Klimatechnik;0
IN11394;Helmut Herbert GmbH und Co;herbert bensheim;D;Deutschland;06 Klimatechnik;0
IN11395;Kältetechnik Held GmbH;held donaueschingen;D;Deutschland;06 Klimatechnik;0
IN11396;Schwerdtel GmbH;schwerdtel karlsfeld;D;Deutschland;25 Allgemeiner Anlagenbau;0
IN11397;Gross Energietechnik GmbH;gross muggensturm;D;Deutschland;06 Klimatechnik;0
IN11398;ELINO INDUSTRIE-OFENBAU GMBH;elino düren;D;Deutschland;;0
IN11399;Climatec GmbH;climatec hockenheim;D;Deutschland;06 Klimatechnik;0
IN11406;techno Trans Vertriebs-GmbH Planung und Entwicklung;ttv mettmann;D;Deutschland;12 Automatisierungstechnik;0
IN11408;S.I.T GmbH Schiffs- und Industrietechnik;sit hamburg;D;Deutschland;03 Schiffbau (Systeme);0
IN11411;Profimess GmbH;profimess bremerhaven;D;Deutschland;31 Ersatzteilhändler Schiffbau;0
IN11412;CSN Crane Service North;csn sandesneben;D;Deutschland;31 Ersatzteilhändler Schiffbau;0
IN11413;Innomar Technologie GmbH;innomar rostock;D;Deutschland;16 Wasseranwendungen;0
IN11414;INVENT Umwelt- und Verfahrenstechnik AG;invent erlangen;D;Deutschland;16 Wasseranwendungen;0
IN11415;Kälte- und Klimatechnik GmbH Dieter Auth;auth kälte offenbach;D;Deutschland;06 Klimatechnik;0
IN11416;HAF-Technik Hans Full e.k;haf-technik buchholz;D;Deutschland;26 Erneuerbare Energien;0
IN11419;Zwick GmbH & co. KG;zwick ulm;D;Deutschland;;0
IN11420;Poppe + Potthoff Maschinenbau Gmb;poppe nordhausen;D;Deutschland;05 Prüfstände;0
IN11422;Schultz & Erbse GmbH Elektrogrosshandel;schultz  hagen;D;Deutschland;;0
IN11423;Müller-electronic GmbH;müller-electronic wennigsen;D;Deutschland;12 Automatisierungstechnik;0
IN11424;Hochschule Pforzheim Gestaltung, Technik, Wirtschaft;hochschule pforzheim;D;Deutschland;40 Kleinbetriebe;0
IN11425;GA-MSR Bau- und Planungsbüro;ga msr hagen;D;Deutschland;06 Klimatechnik;0
IN11428;Kälte- und Klimatechnik Kaul GmbH;kaul rüsselsheim;D;Deutschland;06 Klimatechnik;0
IN11432;GAD Support Gbr;gad ottendorf;D;Deutschland;;0
IN11433;HFJ Galvano Kiel GmbH;hfj galvano kiel;D;Deutschland;;0
IN11434;RWT GmbH;rwt gütersloh;D;Deutschland;16 Wasseranwendungen;0
IN11435;Automation W+R GmbH;automation münchen;D;Deutschland;;0
IN11438;Cogenon GmbH;cogenon (powertherm)hamburg;D;Deutschland;;0
IN11439;SULO Umwelttechnik GmbH;sulo herford;D;Deutschland;;0
IN11440;VOORTMANN GmbH Co. KG Steuerungstechnik;voortmann issum;D;Deutschland;10 Hydraulik;0
IN11443;FIMAG Finsterwalder Maschinen-und;fimag finsterwalde;D;Deutschland;10 Hydraulik;0
IN11444;HEIFO Rüterbories GmbH und Co. KG;heifo osnabrück;D;Deutschland;06 Klimatechnik;0
IN11446;HÖCKH Metall-Reinigungsanlagen GmbH;höckh neuenbürg;D;Deutschland;12 Automatisierungstechnik;0
IN11451;Goldhofer AG;goldhofer memmingen;D;Deutschland;09 Mobilhydraulik;0
IN11452;centrotherm photovoltaics AG;centrotherm blaubeuren;D;Deutschland;06 Klimatechnik;0
IN11453;Fricke Kältetechnik;fricke hamburg;D;Deutschland;06 Klimatechnik;0
IN11457;Glen Dimplex Deutschland GmbH;glen dimplex kulmbach;D;Deutschland;06 Klimatechnik;0
IN11458;Otto Christ AG Wash Systems;christ memmingen;D;Deutschland;16 Wasseranwendungen;0
IN11459;Kässbohrer Geländefahrzeug AG;kässbohrer laupheim;D;Deutschland;09 Mobilhydraulik;0
IN11464;LEHMANN & MICHELS GmbH Sales & Service Center Rellingen;lehmann rellingen;D;Deutschland;;0
IN11465;Gebäudeausrüstung Energie-Consulting GmbH;gec leipzig;D;Deutschland;20 Energietechnik;0
IN11466;Alfons Haar Maschinenbau GmbH;alfons haar;D;Deutschland;07 Pumpen;0
IN11470;Aumüller Aumatic GmbH;aumüller augsburg;D;Deutschland;06 Klimatechnik;0
IN11472;HPM - High Power Machinery GmbH;hpm freundenberg;D;Deutschland;30 Händler;0
IN11473;HTS Elektrotechnik GmbH;hts elektrotechnik berlin;D;Deutschland;30 Händler;0
IN11476;FRÖHLICH ELECTRONIC;fröhlich electronic;D;Deutschland;;0
IN11480;A. Grubmüller Industriemontage;a. grubmüller hungen;D;Deutschland;09 Mobilhydraulik;0
IN11481;GMK Gesellschaft  für;gmk bargeshagen;D;Deutschland;26 Erneuerbare Energien;0
IN11482;ASW Anlagenbau Schlamm- und Wassertechnik GmbH;asw karlsbad;D;Deutschland;16 Wasseranwendungen;0
IN11483;Marlow Ship Management Deutschland GmbH & Co. KG;marlow hamburg;D;Deutschland;;0
IN11485;Bernhard Maschinenbau GmbH & Co. KG;bernhard unterammergau;D;Deutschland;16 Wasseranwendungen;0
IN11487;Waldemar Burger e.K. Apparate- und Behälterbau;burger metzingen;D;Deutschland;25 Allgemeiner Anlagenbau;0
IN11490;Automation-Berlin;automation berlin;D;Deutschland;30 Händler;0
IN11491;Schuler Trading GmbH;schuler pleidelsheim;D;Deutschland;30 Händler;0
IN11492;RWE Power Aktiengesellschaft Kraftwerk Weisweiler;rwe eschweiler;D;Deutschland;35 Instandhaltung/Wartung;0
IN11493;Rheinmetall Landsysteme GmbH;rheinmetall unterlüß;D;Deutschland;12 Automatisierungstechnik;0
IN11494;LAK Systeme GmbH;lak systeme solingen;D;Deutschland;15 EX-Anwendungen;0
IN11496;HIGH POWER MACHINERY GmbH;high freudenberg;D;Deutschland;;0
IN11497;InterCenter GmbH;intercenter friedrichshafen;D;Deutschland;30 Händler;0
IN11500;Hölscher Wasserbau GmbH Hauptverwaltung;hölscher haren;D;Deutschland;16 Wasseranwendungen;0
IN11501;Wilhelm Hoven Maschinenfabrik GmbH & Co;hoven stolberg;D;Deutschland;10 Hydraulik;0
IN11504;National Marine Suppliers GmbH;national marine lemwerder;D;Deutschland;31 Ersatzteilhändler Schiffbau;0
IN11506;Bayern BHKW GmbH;bayern bhkw dorfen;D;Deutschland;26 Erneuerbare Energien;0
IN11507;LABOMATIC Instruments GmbH;labomatic weil am rhein;D;Deutschland;19 Medizintechnik;0
IN11508;BEKA LUBICATION Baier + Köppel GmbH + Co.;beka lubrication;D;Deutschland;24 Zentralschmieranlagen;0
IN11512;MAHLE Filtersysteme GmbH;mahle filter stuttgart;D;Deutschland;22 Filtertechnik;0
IN11516;L + K Anlagentechnik GmbH & Co.KG;l + k solingen;D;Deutschland;06 Klimatechnik;0
IN11518;CPK GmbH;cpk wuppertal;D;Deutschland;11 Getriebe;0
IN11519;Karlsruher Institut für Technologie KIT;karlsruher inst Karlsruhe;D;Deutschland;40 Kleinbetriebe;0
IN11520;Pharmaserv GmbH & Co. KG;pharmaserv marburg;D;Deutschland;19 Medizintechnik;0
IN11522;B&B Dipl. Ing. (FH) Elena Baskina;b&b frankfurt/main;D;Deutschland;32 Ersatzteilhändler Industrie;0
IN11525;SOVPOL Investitionsberatungsges. mbH;sovpol berlin;D;Deutschland;33 Ersatzteilhändler S/I;0
IN11526;Hemstedt GmbH;hemstedt brackenheim;D;Deutschland;06 Klimatechnik;0
IN11530;Göpfert Maritime Systems GmbH;göpfert hamburg;D;Deutschland;15 EX-Anwendungen;0
IN11531;MARIDIS Maritime Diagnostic&Service Gmbh;maridis rostock;D;Deutschland;03 Schiffbau (Systeme);0
IN11532;Stahl-und Apparatebau Hans Leffer GmbH & Co.KG;leffer saarbrücken;D;Deutschland;25 Allgemeiner Anlagenbau;0
IN11533;ISYCON GmbH;isycon berlin;D;Deutschland;30 Händler;0
IN11536;Loesche GmbH;lösche düsseldorf;D;Deutschland;25 Allgemeiner Anlagenbau;0
IN11539;Bosch Sicherheitssysteme GmbH;bosch  mannheim;D;Deutschland;23 Brandschutz;0
IN11541;GEA Bock GmbH;gea bock frickenhausen;D;Deutschland;06 Klimatechnik;0
IN11542;Fritz Stiefel GmbH;stiefel waiblingen;D;Deutschland;10 Hydraulik;0
IN11543;E.ON Kraftwerke GmbH;eon hannover;D;Deutschland;35 Instandhaltung/Wartung;0
IN11545;Monting GmbH;monting salzkotten;D;Deutschland;;0
IN11546;Akteant GmbH & Co. KG;akteant heidesheim;D;Deutschland;;0
IN11548;4Spare GmbH;4spare sarstedt;D;Deutschland;30 Händler;0
IN11549;EUtech Scientific Engineering GmbH;eutech aachen;D;Deutschland;05 Prüfstände;0
IN11550;JCB VIBROMAX GmbH;jcb gatersleben;D;Deutschland;;0
IN11555;Grimm & Wulff Anlagen- und Systembau GmbH;grimm & wulf seevetal;D;Deutschland;16 Wasseranwendungen;0
IN11557;Kramer Werke GmbH;kramer pfullendorf;D;Deutschland;09 Mobilhydraulik;0
IN11558;Schaeffler AG Luk GmbH & Co. KG;schaeffler bühl;D;Deutschland;11 Getriebe;0
IN11559;Westekemper Engineering GmH;westekemper münster;D;Deutschland;30 Händler;0
IN11562;FHS Forsttechnik Handel & Service GmbH;fhs schönewalde;D;Deutschland;09 Mobilhydraulik;0
IN11565;k3works gmbh;k3 works treuchtingen;D;Deutschland;05 Prüfstände;0
IN11567;ALLGAIER AUTOMOTIVE GmbH;allgaier uhingen;D;Deutschland;05 Prüfstände;0
IN11568;Jansen Automation GmbH;jansen pulheim;D;Deutschland;12 Automatisierungstechnik;0
IN11570;Koenig & Bauer Aktiengesellschaft;koening&bauer würzburg;D;Deutschland;17 Verpackungsanlagen;0
IN11573;BM Anlagenbau und Dosiertechnik GmbH;bm-anlagentechnik hameln;D;Deutschland;25 Allgemeiner Anlagenbau;0
IN11574;ERIKS NordWest GmbH;eriks bielefeld;D;Deutschland;;0
IN11575;ANDRITZ Maerz GmbH;andritz märz düsseldorf;D;Deutschland;12 Automatisierungstechnik;0
IN11576;SegmentENERGO Handelsindustrie GmbH;segment hamburg;D;Deutschland;30 Händler;0
IN11577;AUKOS Automatisierungskomponenten und;aukos osterholz-schrarmbeck;D;Deutschland;12 Automatisierungstechnik;0
IN11582;Eibl Kälte GmbH;eibl reichersbeuern;D;Deutschland;06 Klimatechnik;0
IN11583;Emery Oleochemicals;emery ole. loxstedt;D;Deutschland;15 EX-Anwendungen;0
IN11584;Sonepar Deutschland GmbH Krefeld Niederlassung Krefeld;sonepar krefeld;D;Deutschland;30 Händler;0
IN11585;Norgren GmbH, Werk Fellbach;norgren fellbach;D;Deutschland;25 Allgemeiner Anlagenbau;0
IN11586;Synthopol Chemie;synthopol buxtehude;D;Deutschland;;0
IN11588;heat 11 GmbH & Co. KG;heat bielefeld;D;Deutschland;25 Allgemeiner Anlagenbau;0
IN11589;KLEMM Bohrtechnik GmbH;klemm drolshagen;D;Deutschland;12 Automatisierungstechnik;0
IN11591;Carl Werthenbach Konstruktion;carl werthenbach bielefeld;D;Deutschland;03 Schiffbau (Systeme);0
IN11597;Römer GmbH Behältertechnik;römer wenden;D;Deutschland;06 Klimatechnik;0
IN11599;Bredtmann - Girke Industrieofen GmbH;bredtmann recklinghausen;D;Deutschland;25 Allgemeiner Anlagenbau;0
IN11603;NuCellSys GmbH;nucellsys kirchheim/teck;D;Deutschland;05 Prüfstände;0
IN11605;Hauhinco Maschinenfabrik G. Hausherr, Jochums GmbH & Co.KG;hauhinco sprockhövel;D;Deutschland;25 Allgemeiner Anlagenbau;0
IN11608;FKR Krefeld Regeltechnik KG Technischer Fachgroßhandel für;fkr krefeld;D;Deutschland;06 Klimatechnik;0
IN11610;Wilhelm Sander Fertigung GmbH;sander  bremen;D;Deutschland;03 Schiffbau (Systeme);0
IN11614;Petrotech Diaco GmbH **** siehe KD-NR.: 12601 ******;petrotech giessen;D;Deutschland;;0
IN11615;Otto Glas Handels-GmbH;glas altötting;D;Deutschland;30 Händler;0
IN11617;MCM Vertriebs GmbH Deutschland;mcm wiesbaden;D;Deutschland;30 Händler;0
IN11621;TRANTER SOLARICE GmbH;tranter artern;D;Deutschland;06 Klimatechnik;0
IN11624;Elektro Kreutzpointner;kreutzpointner burghausen;D;Deutschland;30 Händler;0
IN11626;KD-Trading;kd-trading  bassum;D;Deutschland;;0
IN11629;GERTEC Maschinen- und Anlagenbau GmbH;gertec waltenhofen;D;Deutschland;25 Allgemeiner Anlagenbau;0
IN11631;kmo turbo GmbH;kmo friedrichshafen;D;Deutschland;08 Kompressoren;0
IN11632;DexLeChem GmbH;dexlechem berlin;D;Deutschland;12 Automatisierungstechnik;0
IN11633;Hammelmann Maschinenfabrik GmbH;hammelmann oelde;D;Deutschland;07 Pumpen;0
IN11636;Moog GmbH;moog böblingen;D;Deutschland;10 Hydraulik;0
IN11639;Hamann AG;hamann hollenstedt;D;Deutschland;16 Wasseranwendungen;0
IN11643;Clean Max GmbH;clean max chemnitz;D;Deutschland;26 wa Wasseraufbereitung;0
IN11645;Lanico Maschinenbau Otto Niemsch GmbH;lanico braunschweig;D;Deutschland;17 Verpackungsanlagen;0
IN11647;AML Anlagentechnik GmbH & Co KG;aml schkopau;D;Deutschland;25 Allgemeiner Anlagenbau;0
IN11648;SK Engineering Air Processing Systems;sk engineering kiel;D;Deutschland;03 Schiffbau (Systeme);0
IN11649;Eugen WOERNER GmbH & Co. KG Zentralschmieranlagen;wörner wertheim;D;Deutschland;24 Zentralschmieranlagen;0
IN11650;IBG Technology Hansestadt Lübeck GmbH;ibg lübeck;D;Deutschland;12 Automatisierungstechnik;0
IN11651;apikal Anlagenbau GmbH;apikal lauta;D;Deutschland;15 EX-Anwendungen;0
IN11652;Availon GmbH;availon rheine;D;Deutschland;26 Erneuerbare Energien;0
IN11653;Paar Logistik GmbH;plg aichach;D;Deutschland;30 Händler;0
IN11654;ERBATECH GmbH;erbatech erbach;D;Deutschland;25 Allgemeiner Anlagenbau;0
IN11655;Schaller GmbH;schaller meckesheim;D;Deutschland;16 Wasseranwendungen;0
IN11658;exomission Umwelttechnik GmbH;exomission troisdorf;D;Deutschland;01 Motoren;0
IN11659;Hermann Pitzner GmbH Technischer Großhandel;pitzner bremerhaven;D;Deutschland;30 Händler;0
IN11660;KONTEC Motorenentwicklungsgesellschaft;kontec;D;Deutschland;05 Prüfstände;0
IN11661;ITC Industrieanlagenhandels GmbH;itc bremerhaven;D;Deutschland;30 Händler;0
IN11663;Atlas Maschinen GmbH;atlas delmenhorst;D;Deutschland;09 Mobilhydraulik;0
IN11664;moklansa GmbH;moklansa holzwickede;D;Deutschland;24 Zentralschmieranlagen;0
IN11666;Salzgitter Flachstahl GmbH;salzgitter flachstahl salzgitter;D;Deutschland;35 Instandhaltung/Wartung;0
IN11668;MOBIL-BETON GmbH Transportbeton-Werk Rehlingen;mobil-beton rehlingen;D;Deutschland;35 Instandhaltung/Wartung;0
IN11669;Maschinenfabrik Bernard Krone GmbH;krone spelle;D;Deutschland;09 Mobilhydraulik;0
IN11670;SHB Saalfelder Hebezeuge GmbH;shb saalfelde;D;Deutschland;12 Automatisierungstechnik;0
IN11672;BBB Maschinenhandel Im- u. Export;bbb siegen;D;Deutschland;30 Händler;0
IN11678;LAUDA DR. R. WOBSER GMBH & CO. KG;lauda königshofen;D;Deutschland;06 Klimatechnik;0
IN11679;Herbert Neundörfer GmbH & Co. KG;neundörfer göttelborn;D;Deutschland;30 Händler;0
IN11680;Unruh Elektrotechnik Walter Unruh;unruh eislingen;D;Deutschland;40 Kleinbetriebe;0
IN11681;mkf GmbH Gewerbegebiet Hopfenberg;mkf jena;D;Deutschland;12 Automatisierungstechnik;0
IN11682;RAMPF Dosiertechnik GmbH & Co. KG;rampf zimmern;D;Deutschland;07 Pumpen;0
IN11683;AESA Automatisierungs- und Elektrotech;aesa seelze;D;Deutschland;12 Automatisierungstechnik;0
IN11684;ARGO-HYTOS GMBH;argo hytos kraichtal;D;Deutschland;10 Hydraulik;0
IN11688;Saalfelder Werkzeugmaschinen GmbH SAMAG;samag hamburg;D;Deutschland;12 Automatisierungstechnik;0
IN11690;marine technik GmbH;marine schwentinental;D;Deutschland;03 Schiffbau (Systeme);0
IN11691;ISG Supply Internationale Schifffahrtsgesell;isg supply hamburg;D;Deutschland;31 Ersatzteilhändler Schiffbau;0
IN11692;BOLENZ & SCHÄFER GMBH;bolenz biedenkopf;D;Deutschland;05 rw Railways / Bahntechnik;1
IN11693;M.E.E GmbH;m.e.e schwerin;D;Deutschland;;0
IN11694;HLW GmbH Tank- und Fahrzeugbau;hlw nordwalde;D;Deutschland;12 Automatisierungstechnik;0
IN11696;railistics Fürst-Leopold-Carré;railistics dessau;D;Deutschland;00 Bahn;1
IN11698;Gebr. Held Hydraulik Technischer Großhandel GmbH;held hydraulik tuttlingen;D;Deutschland;10 Hydraulik;0
IN11701;Eilenburger Geräte- und Pumpen- Service GmbH;eilenburger geräte- und pumpen;D;Deutschland;07 Pumpen;0
IN11702;MEMSERV.de;memserv berlin;D;Deutschland;30 Händler;0
IN11703;Fresenius Medical Care Deutschland GmbH;fresenius st.wendel;D;Deutschland;19 Medizintechnik;0
IN11704;APA-KANDT GmbH;apa-kandt hamburg;D;Deutschland;30 Händler;0
IN11705;Rockson Automation GmbH;rockson automation kiel;D;Deutschland;02 Schiffbau (Werft);0
IN11707;Steuer- und Regeltechnik Alfred Freihart;freihart mühlhausen;D;Deutschland;16 Wasseranwendungen;0
IN11708;Siemens AG Industry Sector Automation;siemens karlsruhe;D;Deutschland;12 Automatisierungstechnik;0
IN11709;IEL Elektronik-Systeme GmbH;iel elektronik hüttenberg;D;Deutschland;16 Wasseranwendungen;0
IN11713;Lister GmbH;lister lüdenscheid;D;Deutschland;12 Automatisierungstechnik;0
IN11715;BREINING Maschinen - und Fahrzeug GmbH;breining remshalden;D;Deutschland;09 Mobilhydraulik;0
IN11717;Lupeg GmbH;lupeg pegnitz;D;Deutschland;24 Zentralschmieranlagen;0
IN11719;SEVA ENERGIE AG;seva emstek;D;Deutschland;26 Erneuerbare Energien;0
IN11720;i.Dohmann GmbH;dohmann gütersloh;D;Deutschland;25 Allgemeiner Anlagenbau;0
IN11721;Colep Laupheim GmbH & Co. KG;colep laupheim;D;Deutschland;40 Kleinbetriebe;0
IN11722;DB Fahrzeuginstandhaltung GmbH WERK COTTBUS;DB Cottbus;D;Deutschland;35 Instandhaltung/Wartung;0
IN11723;K.H.W Karl-Heinz Weinzierl;khw filderstadt;D;Deutschland;30 Händler;0
IN11725;TROX GmbH;trox neukirchen;D;Deutschland;40 Kleinbetriebe;0
IN11727;Carrier Kältetechnik Deutschland GmbH;carrier wiesbaden mainz;D;Deutschland;06 Klimatechnik;0
IN11728;BIOBG GmbH;biobg westerstede;D;Deutschland;15 EX-Anwendungen;0
IN11732;Sturm Maschinen- & Anlagenbau GmbH;sturm salching;D;Deutschland;12 Automatisierungstechnik;0
IN11734;XCMG European Research Center GmbH;xcmg krefeld;D;Deutschland;09 Mobilhydraulik;0
IN11736;AuraMarine-Service GmbH;aura hamburg;D;Deutschland;30 Händler;0
IN11738;Kyffhäuser Maschinenfabrik Artern GmbH;kyffhäuser artern;D;Deutschland;21 Lebensmittelindustrie;0
IN11739;A3 Water Solutions GmbH;a3 water saerbeck;D;Deutschland;16 Wasseranwendungen;0
IN11740;Teupen Maschinenbau GmbH;teupen gronau;D;Deutschland;09 Mobilhydraulik;0
IN11743;REA Elektronik GmbH REA Jet;rea mühltal;D;Deutschland;12 Automatisierungstechnik;0
IN11744;Krone Filter Solutions GmbH;krone filter oyten;D;Deutschland;22 Filtertechnik;0
IN11749;Tyco Fire & Security Holding Germany GmbH;tyco nürnberg;D;Deutschland;23 Brandschutz;0
IN11751;VACUUBRAND GMBH + CO KG;vacuubrand wertheim;D;Deutschland;07 Pumpen;0
IN11754;Benlay Engineering GmbH;benlay hamburg;D;Deutschland;30 Händler;0
IN11756;INGERSYS GmbH;ingersys hamburg;D;Deutschland;30 Händler;0
IN11759;Bosch Sicherheitssysteme GmbH Sales Projects Building Security;bosch wittlich;D;Deutschland;23 Brandschutz;0
IN11760;INDAG Maschinenbau GmbH;indag borsfleth;D;Deutschland;25 Allgemeiner Anlagenbau;0
IN11761;deconta GmbH;deconta isslburg;D;Deutschland;40 Kleinbetriebe;0
IN11762;Stadtwerke Schwäbisch Hall GmbH;stadtwerke schwäbisch hall;D;Deutschland;40 Kleinbetriebe;0
IN11764;steep GmbH;steep bonn;D;Deutschland;40 Kleinbetriebe;0
IN11765;SRT Schörling Rail Tech GmbH;srt sehnde;D;Deutschland;09 Mobilhydraulik;0
IN11766;FAFNIR GmbH;fafnir hamburg;D;Deutschland;15 EX-Anwendungen;0
IN11767;Vision Lasertechnik für Forschung und Industrie GmbH;vision lasertechnik göxe;D;Deutschland;40 Kleinbetriebe;0
IN11768;PEFACON GmbH;pefacon köln;D;Deutschland;30 Händler;0
IN11769;FAS Flüssiggas-Anlagen;fas salzgitter;D;Deutschland;15 EX-Anwendungen;0
IN11771;Schuler Pressen GmbH;schuler waghäusel;D;Deutschland;25 Allgemeiner Anlagenbau;0
IN11775;PF Pumpen und Feuerlöschtechnik GmbH;pf jöhstadt;D;Deutschland;07 Pumpen;0
IN11776;General Dynamics European Land Systems - Germany GmbH;general kaiserslautern;D;Deutschland;09 Mobilhydraulik;0
IN11777;MAHLE Industriefiltration GmbH;mahle hamburg;D;Deutschland;22 Filtertechnik;0
IN11778;EnviroChemie GmbH;envirochemie rossdorf;D;Deutschland;16 Wasseranwendungen;0
IN11780;2G Energy AG;2g energie heek;D;Deutschland;26 Erneuerbare Energien;0
IN11782;BKG Wassertechnik GmbH;bkg eningen;D;Deutschland;22 Filtertechnik;0
IN11784;Globecore GmbH;globecore oldenburg;;;25 Allgemeiner Anlagenbau;0
IN11785;Horst Bremer Kälte- und Klimatechnik;bremer peine;D;Deutschland;;0
IN11786;Hydraulik-Peumatik-Kontor Jade GmbH;hydraulik-peumatik-kontor WHV;D;Deutschland;30 Händler;0
IN11791;Punch Powertrain Germany GmbH;teg lehre;D;Deutschland;05 Prüfstände;0
IN11796;MHWirth GmbH;mhwirth erkelenz;D;Deutschland;09 Mobilhydraulik;0
IN11797;Hüttlin GmbH A Bosch Packaging Technology;hüttlin schopfheim;D;Deutschland;12 Automatisierungstechnik;0
IN11799;;FREI;;;;0
IN11800;IB Anlagenbau und Montagen GmbH & Co KG;ib lage;D;Deutschland;25 Allgemeiner Anlagenbau;0
IN11805;SYMTEC Maschinenbau Engineering GmbH;symtec münchen;D;Deutschland;05 Prüfstände;0
IN11806;Wolfgang Bott GmbH & Co. KG;bott mössingen;D;Deutschland;10 Hydraulik;0
IN11807;Bracker GmbH Innovativer Maschinenbau;bracker freigericht;D;Deutschland;05 Prüfstände;0
IN11809;etewe GmbH Prüf- und Automatisierungssysteme;etewe Karlsruhe;D;Deutschland;05 Prüfstände;0
IN11810;FAIST Anlagenbau GmbH;faist krumbach;D;Deutschland;05 Prüfstände;0
IN11811;IMS-Groupe Industriemontage und Anlagenbau G;ims wörth;D;Deutschland;05 Prüfstände;0
IN11812;ITB Industrie-Technik R. Briechle;itb radolfzell;D;Deutschland;10 Hydraulik;0
IN11813;invenio GmbH Engineering Services;invenio rüsselsheim;D;Deutschland;05 Prüfstände;0
IN11814;IAM GmbH;iam nußloch;D;Deutschland;30 Händler;0
IN11816;LAIB Maschinenbau GmbH;laib stuttgart;D;Deutschland;05 Prüfstände;0
IN11817;Karl Dungs GmbH & Co KG;Dungs;D;Deutschland;01 Motoren;0
IN11819;GREENBRIDGE Windtec GmbH;greenbridge crimmitschau;D;Deutschland;32 Ersatzteilhändler Industrie;0
IN11820;MAHLE InnoWa GmbH;mahle schwaikheim;D;Deutschland;22 Filtertechnik;0
IN11821;MAHLE BEHR GmbH  Co.KG;mahle behr stuttgart;D;Deutschland;05 Prüfstände;0
IN11823;Quintex GmbH;Quintex;D;Deutschland;12 Automatisierungstechnik;0
IN11824;BetrandtTechnikum GmbH;Bertrandt Mönsheim;D;Deutschland;05 Prüfstände;0
IN11825;Bertrandt Ingenieurbüro GmbH;Bertrandt Wolfsburg;D;Deutschland;05 Prüfstände;0
IN11829;C+R Automations GmbH;c r automations;D;Deutschland;32 Ersatzteilhändler Industrie;0
IN11830;Lilotronik e.K.;lilotronik bremen;D;Deutschland;32 Ersatzteilhändler Industrie;0
IN11831;Getrag Ford Transmissions GmbH;getrag köln;D;Deutschland;11 Getriebe;0
IN11832;Antech-Gütling Wassertechnologie GmbH;antech gütling;D;Deutschland;16 Wasseranwendungen;0
IN11833;ExVM;exvm;D;Deutschland;33 Ersatzteilhändler S/I;0
IN11834;Putzmeister Holding GmbH;putzmeister aichtal;D;Deutschland;07 Pumpen;0
IN11835;Industrial and Marine Spare Parts;industrial and marine gütersloh;D;Deutschland;31 Ersatzteilhändler Schiffbau;0
IN11837;IHT industrie Handel und Technik GmbH & Co. KG;iht oststeinbek;D;Deutschland;33 Ersatzteilhändler S/I;0
IN11838;Hutterer Josef Kfz e.K. Inhaber: Andreas Niederhuber;hutterer neuburg;D;Deutschland;40 Kleinbetriebe;0
IN11840;RENK Test System GmbH;rts augsburg;D;Deutschland;05 Prüfstände;0
IN11841;Pauly GmbH & Co.KG Steuer- und Regelanlagen;psr friedberg;D;Deutschland;05 Prüfstände;0
IN11843;Max Holder GmbH;Holder;D;Deutschland;09 Mobilhydraulik;0
IN11844;Eberspächer Climate Control Systems GmbH & Co. KG;eberspächer esslingen;D;Deutschland;06 Klimatechnik;0
IN11845;ADT-tec Vertriebs GmbH;adt-tec berlin;D;Deutschland;32 Ersatzteilhändler Industrie;0
IN11847;Universität Bremen Verfahrenstechnik;uni bremen;D;Deutschland;40 Kleinbetriebe;0
IN11848;BETA Dyn GmbH & Co. KG;Betadyn Mannheim;D;Deutschland;05 Prüfstände;0
IN11850;ZF Friedrichshafen AG PKW-Antriebstechnik;zf thyrnau;D;Deutschland;05 Prüfstände;0
IN11851;LT Parts Inh. Tugay Lamba;ltparts rastatt;D;Deutschland;32 Ersatzteilhändler Industrie;0
IN11852;ETP S.A. Zweigniederlassung Deutschland;etp gölitz;D;Deutschland;40 Kleinbetriebe;0
IN11855;Robert Bosch GmbH Zentralbereich Forschung und;bosch renningen;D;Deutschland;25 Allgemeiner Anlagenbau;0
IN11856;ITS PLUS Trade GmbH;its plus hamburg;D;Deutschland;32 Ersatzteilhändler Industrie;0
IN11857;Fuchs + Sanders Schrauben-Großhandels-GmbH;fuchs mönchengladbach;D;Deutschland;32 Ersatzteilhändler Industrie;0
IN11858;VERA STEPINA;vera stepina leverkusen;D;Deutschland;32 Ersatzteilhändler Industrie;0
IN11859;LOG Hydraulik GmbH Weber Hydraulik;log hydraulik unterahrein;D;Deutschland;10 Hydraulik;0
IN11860;J.H. Jaegers & Eggers;jaeger & eggers bremen;D;Deutschland;32 Ersatzteilhändler Industrie;0
IN11864;Honeywell Deutschland;honeywell deutschland;D;Deutschland;25 Allgemeiner Anlagenbau;0
IN11866;Adams LLC DE;adams llc de;D;Deutschland;32 Ersatzteilhändler Industrie;0
IN11868;i.b.e. Ingenieurbüro Eber GmbH;ibe eber steinen;D;Deutschland;40 Kleinbetriebe;0
IN11870;GÜHRING Maschinenbau GmbH Konstruktion Beschichtungsanlagen;gühring berlin;D;Deutschland;25 Allgemeiner Anlagenbau;0
IN11873;Berghof Automation GmbH;berghof eningen;D;Deutschland;05 Prüfstände;0
IN11874;E. Humbek Import- Export;humbek;D;Deutschland;33 Ersatzteilhändler S/I;0
IN11876;PIV Drives GmbH;PIV Bad homburg;D;Deutschland;11 Getriebe;0
IN11879;BFH West Logistik GmbH;bfh west logistik;D;Deutschland;32 Ersatzteilhändler Industrie;0
IN11880;Meilhammer Technischer Service;Meilhammer;D;Deutschland;40 Kleinbetriebe;0
IN11882;BMW AG;bmwmünchen;D;Deutschland;01 Motoren;0
IN11883;Faiveley Transport Witten GmbH;faiveley witten;D;Deutschland;00 Bahn;1
IN11884;PFAHL Systemtechnik GmbH;pfahl;D;Deutschland;12 Automatisierungstechnik;0
IN11885;unigrind GmbH & Co. KG Reparatur- und Prüftechnik für;unigrind stolberg;D;Deutschland;05 Prüfstände;0
IN11887;Product Technology LTD;product technology dresden;D;Deutschland;32 Ersatzteilhändler Industrie;0
IN11888;MAHA Maschinenbau Haldenwang GmbH & Co. KG;maha haldenwang;D;Deutschland;05 Prüfstände;0
IN11889;EFCO Maschinenbau GmbH;Efco Düren;D;Deutschland;25 Allgemeiner Anlagenbau;0
IN11890;ETH messtechnik GmbH;eth gschwend;D;Deutschland;05 Prüfstände;0
IN11891;Bauteilprüfzentrum Scheller GmbH;bauteilprüfzentrum schweinfurt;D;Deutschland;05 Prüfstände;0
IN11892;MAHLE Powertrain GmbH;mahle powertrain aschheim;D;Deutschland;05 Prüfstände;0
IN11894;MicroNova AG Software und Systeme;micronova vierkirchen;D;Deutschland;05 Prüfstände;0
IN11896;JUDO Wasseraufbereitung GmbH;judo winnenden;D;Deutschland;16 Wasseranwendungen;0
IN11897;Primove Boombardier;primove manheim;D;Deutschland;11 Getriebe;0
IN11898;ARNOLD UMFORMTECHNIK GmbH & Co.KG;arnold forchtenberg;D;Deutschland;25 Allgemeiner Anlagenbau;0
IN11899;Heimerle + Meule GmbH;heimerle pforzheim;D;Deutschland;25 Allgemeiner Anlagenbau;0
IN11900;LAUER MEMBRAN WASSERTECHNIK GmbH Industriegebiet Speichermatt;lauer wittlingen;D;Deutschland;19 Medizintechnik;0
IN11902;Andreas Hettich GmbH & Co.KG;hettich tuttlingen;D;Deutschland;19 Medizintechnik;0
IN11903;John Deere GmbH & Co. KG;john deere Mannheim;D;Deutschland;01 Motoren;0
IN11904;ASA Horst Wieber GmbH;asa horst stuhr;D;Deutschland;12 Automatisierungstechnik;0
IN11907;DÜRR DENTAL AG;dürr dental bietigheim;D;Deutschland;19 Medizintechnik;0
IN11909;ProRef Ltd.;proref kellinghusen;D;Deutschland;32 Ersatzteilhändler Industrie;0
IN11910;Komplex-SPB UG & Co. KG;komplex fuerth;D;Deutschland;32 Ersatzteilhändler Industrie;0
IN11911;Richter Heizungstechnik;richter schwäbisch gmünd;D;Deutschland;40 Kleinbetriebe;0
IN11912;Getinge Vertrieb und Service GmbH;getinge rastatt;D;Deutschland;19 Medizintechnik;0
IN11913;MES MARINE & ENERGY SPARES UG (haftungsbeschränkt );mes spares hamburg;D;Deutschland;31 Ersatzteilhändler Schiffbau;0
IN11914;CogniMed GmbH;cognimed reinfeld;D;Deutschland;19 Medizintechnik;0
IN11918;Fritz Stephan GmbH Medizintechnik;stephan gackenbach;D;Deutschland;19 Medizintechnik;0
IN11919;albonair GmbH;albonair dortmund;D;Deutschland;22 Filtertechnik;0
IN11921;MF Hamburg GmbH Maschinen und Anlagenbau;mf Hamburg;D;Deutschland;21 Lebensmittelindustrie;0
IN11922;BERNER International GmbH;berner international elmshorn;D;Deutschland;;0
IN11923;Binder GmbH;binder tuttlingen;D;Deutschland;19 Medizintechnik;0
IN11924;Cellab GmbH;cellab radeberg;D;Deutschland;19 Medizintechnik;0
IN11925;DAIKIN Airconditioning Germany Gm;daikin Unterhachingen;D;Deutschland;19 Medizintechnik;0
IN11926;DISCHER Technik GmbH;discher technik haan-gruiten;D;Deutschland;19 Medizintechnik;0
IN11927;F. & M. Lautenschläger GmbH & Co.;lautenschlaeger köln;D;Deutschland;19 Medizintechnik;0
IN11928;DencoHappel GmbH;denco happel herne;D;Deutschland;19 Medizintechnik;0
IN11930;Berkler GmbH;berkler freiburg;D;Deutschland;33 Ersatzteilhändler S/I;0
IN11932;Stäubli Tec-Systems GmbH Robotics;stäubli bayreuth;D;Deutschland;;0
IN11933;Industrie-Service Brandecker GmbH;brandecker oberndorf;D;Deutschland;32 Ersatzteilhändler Industrie;0
IN11934;KSI Filtertechnik GmbH;ksi willich;D;Deutschland;19 Medizintechnik;0
IN11935;Jensen GmbH;jensen harsum;D;Deutschland;19 Medizintechnik;0
IN11936;medin Medical Innovations GmbH;medin olching;D;Deutschland;19 Medizintechnik;0
IN11937;Memmert GmbH + Co. KG;memmert schwabach;D;Deutschland;19 Medizintechnik;0
IN11938;Merck KGaA;merck darmstadt;D;Deutschland;19 Medizintechnik;0
IN11939;MMM Münchener Medizin Mechanik GmbH;mmm münchen;D;Deutschland;19 Medizintechnik;0
IN11940;MTA Deutschland GmbH;mta nettetal;D;Deutschland;19 Medizintechnik;0
IN11941;Ritter Concept GmbH;ritter biberach;D;Deutschland;19 Medizintechnik;0
IN11942;Schmitz u. Söhne GmbH & Co. KG;schmitz wickede;D;Deutschland;19 Medizintechnik;0
IN11943;STARKOS GmbH;starkos aschheim;D;Deutschland;32 Ersatzteilhändler Industrie;0
IN11951;Volvo Construction Equiment AB Allgemeine Baumaschinengesells;volvo hameln;D;Deutschland;27 Baumaschinen;0
IN11952;DWA GmbH & Co. KG;dwa übstadt-weiher;D;Deutschland;19 Medizintechnik;0
IN11953;wsk elektronik GmbH;wsk wertheim;D;Deutschland;05 Prüfstände;0
IN11954;Knauf Insulation Operation GmbH;knauf insulation;D;Deutschland;40 Kleinbetriebe;0
IN11955;IC Medical GmbH;ic medical rudersberg;D;Deutschland;19 Medizintechnik;0
IN11956;TRANSORGA GMBH;transorga düsseldorf;D;Deutschland;31 Ersatzteilhändler Schiffbau;0
IN11961;Nordex SE;nordex hamburg;D;Deutschland;26 Erneuerbare Energien;0
IN11962;Gebr. Heller Maschinenfabrik GmbH;heller nürtingen;D;Deutschland;29 Drehmomentanwendungen;0
IN11963;HÜDIG GmbH & Co. KG;hüdig celle;D;Deutschland;16 Wasseranwendungen;0
IN11964;HydraForce Hydraulics, Ltd.;hydraforce zweibrücken;D;Deutschland;09 Mobilhydraulik;0
IN11965;Kessler & Co. GmbH & Co. KG;kessler abtsgmünd;D;Deutschland;11 Getriebe;0
IN11970;TRIES GmbH & Co. KG Hydraulik-Elemente Ehingen;tries ehningen;D;Deutschland;10 Hydraulik;0
IN11971;Neumeister Hydraulik GmbH;neumeister neuenstadt;D;Deutschland;10 Hydraulik;0
IN11972;EWG automation GmbH;ewg cottbus;D;Deutschland;25 Allgemeiner Anlagenbau;0
IN11974;Bosch Rexroth AG;bosch rexroth horb;D;Deutschland;10 Hydraulik;0
IN11975;LTG Aktiengesellschaft;ltg aktiengesellschaft stuttgart;D;Deutschland;06 Klimatechnik;0
IN11976;INDEX-Werke GmbH & Co. KG Hahn & Tessky;index esslingen;D;Deutschland;29 Drehmomentanwendungen;0
IN11978;EMAG GmbH & Co. KG;emag salach;D;Deutschland;29 Drehmomentanwendungen;0
IN11980;WEBER Maschinentechnik GmbH;weber bad laasphe;D;Deutschland;09 Mobilhydraulik;0
IN11981;Linnhoff & Henne GmbH und Co. KG;linnhoff+henne stadtoldendorf;D;Deutschland;09 Mobilhydraulik;0
IN11982;Cargobull Cool GmbH & Co. KG;cargobull vreden;D;Deutschland;06 Klimatechnik;0
IN11983;Abwasserbetrieb TEO AöR;abwasserbetrieb telgte;D;Deutschland;16 Wasseranwendungen;0
IN11984;Motrac Hydraulik GmbH;motrac willich;D;Deutschland;10 Hydraulik;0
IN11985;API Schmidt-Bretten;api bretten;D;Deutschland;40 Kleinbetriebe;0
IN11987;First Sensor AG Niederlassung Puchheim;first sensor puchheim;D;Deutschland;19 Medizintechnik;0
IN11988;Standardkessel Baumgarte Service;standardkessel duisburg;D;Deutschland;26 Erneuerbare Energien;0
IN11990;Westfalia Wärmetechnik Heinrich Schröder GmbH;westfalia wärmetechnik schröder;D;Deutschland;32 Ersatzteilhändler Industrie;0
IN11991;ROKA Technik für Schiffahrt und Industrie;roka hamburg;D;Deutschland;32 Ersatzteilhändler Industrie;0
IN11992;Nilfisk GmbH;Nilfisk Bellenberg;D;Deutschland;08 Kompressoren;0
IN11993;GKN Driveline International GmbH;gkn lohmar;D;Deutschland;05 Prüfstände;0
IN11994;MAG IAS GmbH;mag europe;D;Deutschland;29 Drehmomentanwendungen;0
IN11996;Leue-Sensorics GmbH;leue eicklingen;D;Deutschland;30 Händler;0
IN11997;LEE SASSE all for automationsystems;lee sasse bochum;D;Deutschland;32 Ersatzteilhändler Industrie;0
IN12004;IVG Instit. f.Verbrennung/Gasdynamik;ivg uni duisburg;D;Deutschland;20 Energietechnik;0
IN12006;imc Test & Measurement GmbH;imc friedrichsdorf;D;Deutschland;30 Händler;0
IN12007;Rolf Sixt GmbH Verfahrenstechnik Wasser & Luft;sixt;D;Deutschland;16 Wasseranwendungen;0
IN12008;Hako GmbH;hako;D;Deutschland;09 Mobilhydraulik;0
IN12010;Huebner TTC GmbH;huebner jena;D;Deutschland;40 Kleinbetriebe;0
IN12012;Luxotherm Entwicklung & Produktion GmbH;luxotherm coesfeld;D;Deutschland;06 Klimatechnik;0
IN12013;Cryotec Anlagenbau GmbH;cryotec;D;Deutschland;08 Kompressoren;0
IN12014;Bayerische Landesanstalt für Landwirtschaft;bayerische landes freising;D;Deutschland;09 Mobilhydraulik;0
IN12015;Chemieanlagenbau Chemnitz GmbH;chemie chemnitz;D;Deutschland;15 EX-Anwendungen;0
IN12016;EDL Anlagenbau Gesellschaft mbH;edl anlagenbau;D;Deutschland;15 EX-Anwendungen;0
IN12017;Brochier Rohrleitungsbau Nürnberg GmbH;brochier Nürnberg;D;Deutschland;15 EX-Anwendungen;0
IN12018;Nienaber Haustechnik Bad - Heizung - Solar;nienaber haustechnik bocholt;D;Deutschland;06 Klimatechnik;0
IN12021;Schuler Pressen GmbH;schuler göppingen;D;Deutschland;12 Automatisierungstechnik;0
IN12022;SIEMAG TECBERG GmbH;siemag;D;Deutschland;15 EX-Anwendungen;0
IN12024;Genan GmbH Betriebsstätte Kammlach;genan kammlach;D;Deutschland;40 Kleinbetriebe;0
IN12026;GTA Maschinensysteme GmbH;gta;D;Deutschland;09 Mobilhydraulik;0
IN12027;L & Z GmbH;l&z lübeck;D;Deutschland;32 Ersatzteilhändler Industrie;0
IN12029;NEHEC Import-Export-Service Nelli und Heiko Ciliox GbR;nehec dietzhölztal;D;Deutschland;32 Ersatzteilhändler Industrie;0
IN12030;MBtech Group GmbH & Co. KGaA;mbtech Fellbach;D;Deutschland;05 Prüfstände;0
IN12031;AKMA Technology GmbH;AKMA;D;Deutschland;25 Allgemeiner Anlagenbau;0
IN12032;Max Planck Institut Freiburg Herr Kaiser;max planck freiburg;D;Deutschland;40 Kleinbetriebe;0
IN12033;Röcher GmbH & Co. KG;röcher netphen;D;Deutschland;37 Pressentechnik;0
IN12035;Daimler AG Mercedes-Benz Werk Untertürkheim;daimler untertürkheim;D;Deutschland;01 Motoren;0
IN12037;ETOGAS GmbH;etogas stuttgart;D;Deutschland;15 EX-Anwendungen;0
IN12038;Bertrandt Ingenieurbüro GmbH;bertrandt münchen;D;Deutschland;05 Prüfstände;0
IN12040;I.P.O Germany e.K.;i.p.o villingen-schwenningen;D;Deutschland;30 Händler;0
IN12045;R. Fendrich Ingenieurconcept;fendrich lehrte;D;Deutschland;40 Kleinbetriebe;0
IN12049;A1-Hydraulics GmbH;a1 hydraulics radevormwald;D;Deutschland;10 Hydraulik;0
IN12050;Test;test;D;Deutschland;;0
IN12051;Sayop GmbH Handelsvertrieb GmbH;sayop hamburg;D;Deutschland;32 Ersatzteilhändler Industrie;0
IN12052;Advanced Marine Service GmbH;advanced marine service kropp;D;Deutschland;31 Ersatzteilhändler Schiffbau;0
IN12053;Giesbrecht technology e.K.;giesbrecht technology;D;Deutschland;40 Kleinbetriebe;0
IN12054;P&P Solution;p&p solution liederbach;D;Deutschland;40 Kleinbetriebe;0
IN12058;Systec Vacuum Systems GmbH & Co. KG;systec vacuum systems karlsstadt;D;Deutschland;25 Allgemeiner Anlagenbau;0
IN12061;Uwe Habel;uwe habel saarbrücken;D;Deutschland;40 Kleinbetriebe;0
IN12064;Tox Pressotechnik GmbH & Co.KG;tox pressotechnik;D;Deutschland;10 Hydraulik;0
IN12072;Energietechnik Bremen GmbH;etb gmbh;D;Deutschland;20 Energietechnik;0
IN12074;ACTEGA DS;ACTEGA Bremen;D;Deutschland;36 Kunststofftechnik;0
IN12075;SG&SHM GmbH;sg&shm wuppertal;D;Deutschland;30 Händler;0
IN12077;eNeG Vertrieb- und Servicegesellschaft;eneg hamburg;D;Deutschland;32 Ersatzteilhändler Industrie;0
IN12078;Shanghai Zhenhua Port Machinery Vertreibsservice GmbH;shanghai hamburg;D;Deutschland;30 Händler;0
IN12079;Vocol GmbH;vocol kevelaer;D;Deutschland;32 Ersatzteilhändler Industrie;0
IN12080;Matronik Schiffselektrik und Schiffselektronik GmbH;matronik rheurdt;D;Deutschland;31 Ersatzteilhändler Schiffbau;0
IN12083;Haug Biegetechnik GmbH & Co.KG;haug sonnenbühl;D;Deutschland;37 Pressentechnik;0
IN12085;Bäumer GmbH Converting Machines;bäumer hopsten;D;Deutschland;37 Pressentechnik;0
IN12086;RASTER Technology GmbH;raster ötisheim;D;Deutschland;37 Pressentechnik;0
IN12089;TAF Europe GmbH;taf hamburg;D;Deutschland;31 Ersatzteilhändler Schiffbau;0
IN12090;RS Components GmbH;rs components mörfelden;D;Deutschland;32 Ersatzteilhändler Industrie;0
IN12093;HTK Hamburg GmbH;htk hamburg;D;Deutschland;15 EX-Anwendungen;0
IN12094;Rupp GmbH Heizung-Gas-Sanitär;rupp gaimersheim;D;Deutschland;15 EX-Anwendungen;0
IN12097;Aktuelle Elektrotechnik GmbH;aktuelle elektrotechnik elze;D;Deutschland;32 Ersatzteilhändler Industrie;0
IN12098;Schnellfähre Brake - Sandstedt GmbH & Co. KG;schnellfähre brake;D;Deutschland;34 Reederei;0
IN12099;Trinseo Deutschland GmbH Site Böhlen ( EBSM-Anlage);trinseo böhlen;D;Deutschland;36 Kunststofftechnik;0
IN12101;Heyer Aerotech GmbH;heyer nievern;D;Deutschland;19 Medizintechnik;0
IN12102;I.P.O. Germany e.K.;ipo germany villingen;D;Deutschland;32 Ersatzteilhändler Industrie;0
IN12103;SFT Maschinenbau GmbH;sft maschinenbau hamburg;D;Deutschland;25 Allgemeiner Anlagenbau;0
IN12105;Martin Hassler GmbH & Co. KG;hassler nürnberg;D;Deutschland;25 Allgemeiner Anlagenbau;0
IN12107;Das Part GmbH;daspart;D;Deutschland;32 Ersatzteilhändler Industrie;0
IN12108;SPS e.K. Spare Part Service Germany;sps augsburg;D;Deutschland;32 Ersatzteilhändler Industrie;0
IN12111;Betz Technologies GmbH;betz techologies;D;Deutschland;17 Verpackungsanlagen;0
IN12114;SALVIA medical GmbH & Co. KG;salvia kronberg;D;Deutschland;19 Medizintechnik;0
IN12115;Sarmaxx GmbH;sarmaxx gmbh bremen;D;Deutschland;32 Ersatzteilhändler Industrie;0
IN12117;Volkmar Maschinenbau GmbH;volkmar sennfeld;D;Deutschland;25 Allgemeiner Anlagenbau;0
IN12118;CVS Engineering;cvs engineering;D;Deutschland;00 Bahn, 08 Kompressoren;1
IN12119;MS Westfalia GmbH;ms westfalia troisdorf;D;Deutschland;19 Medizintechnik;0
IN12120;Konvekta AG;konvekta;D;Deutschland;06 Klimatechnik;0
IN12121;Boysis GmbH;boysis ludwigsburg;D;Deutschland;40 Kleinbetriebe;0
IN12123;Karl Klink GmbH;karl klink niefern;D;Deutschland;25 Allgemeiner Anlagenbau;0
IN12125;eta|opt GmbH;etaopt;D;Deutschland;17 Verpackungsanlagen;0
IN12126;Bock & Klingeberg GmbH BOKLI;bokli alfeld;D;Deutschland;37 Pressentechnik;0
IN12127;SSB WIND SYSTEMS GmbH & Co.KG;ssb wind salzbergen;D;Deutschland;26 Erneuerbare Energien;0
IN12129;Gebr. Klene Schiffsmotoren- und Reparaturwerkstatt GmbH;klene haren;D;Deutschland;31 Ersatzteilhändler Schiffbau;0
IN12131;MSP Maschinen-und Stahlbauservice Paegelow;msp euskirchen;D;Deutschland;40 Kleinbetriebe;0
IN12132;Abel Pump Technology;abel;D;Deutschland;07 Pumpen;0
IN12133;ard Baustoffwerke GmbH & Co. KG Grüna/Venusberg/Zeithain;ard zeithain;D;Deutschland;30 Händler;0
IN12135;Walter Müller (GmbH & Co. KG) Tankanlagen;tankmüller;D;Deutschland;15 EX-Anwendungen;0
IN12137;EGW Trading;egw trading dormitz;D;Deutschland;32 Ersatzteilhändler Industrie;0
IN12138;FAUDI Aviation GmbH;faudi-aviation;D;Deutschland;16 Wasseranwendungen;0
IN12139;EK - Industry Trade;ek industry trade;D;Deutschland;33 Ersatzteilhändler S/I;0
IN12140;M. Braun Inertgas-Systeme GmbH;mbraun garching;D;Deutschland;26 Erneuerbare Energien;0
IN12141;Reederei Bartels;reederei bertels;D;Deutschland;34 Reederei;0
IN12143;DB Fahrzeuginstandhaltung GmbH Werk Fulda;deutsche bahn fulda;D;Deutschland;00 Bahn;1
IN12144;Amandus Kahl GmbH & Co. KG;kahl;D;Deutschland;25 Allgemeiner Anlagenbau;0
IN12146;Winter Pressen GmbH;winter pressen kraichtal;D;Deutschland;37 Pressentechnik;0
IN12151;Robert Bosch GmbH;bosch crailsheim;D;Deutschland;17 Verpackungsanlagen;0
IN12152;Seiler Vakuumtechnik GmbH;seiler vakuum;D;Deutschland;25 Allgemeiner Anlagenbau;0
IN12153;Berner International GmbH;berner elmshorn;D;Deutschland;19 Medizintechnik;0
IN12155;DHV Duderstädter Handelsvertr. Ing.-Büro Palmai GmbH;dhv duderstadt;D;Deutschland;32 Ersatzteilhändler Industrie;0
IN12157;Andreas Ritzl GmbH;ritzl nersingen;D;Deutschland;25 Allgemeiner Anlagenbau;0
IN12158;Rimann Europe GmbH;rimann buch;D;Deutschland;30 Händler;0
IN12160;MMAC Technichal Procurement and Export;mmac prien;D;Deutschland;32 Ersatzteilhändler Industrie;0
IN12164;Herzog Hydraulik GmbH;herzog hydraulik ennepetal;D;Deutschland;10 Hydraulik;0
IN12165;ACDS;ACDS;D;Deutschland;30 Händler;0
IN12166;DOSTLAR  HANDELS GMBH;dostlar luckenwalde;D;Deutschland;30 Händler;0
IN12167;Andreas Junghans Anlagenbau und Edelstahlbearbeitung GmbH & Co.KG;Junghans;D;Deutschland;25 Allgemeiner Anlagenbau;0
IN12168;M & R Europa GmbH;m&r europa münchen;D;Deutschland;32 Ersatzteilhändler Industrie;0
IN12170;Marune-Spares UG;marune spares lüneburg;D;Deutschland;32 Ersatzteilhändler Industrie;0
IN12173;Kärcher Futuretech GmbH;kaercher futuretech schwaikhaim;D;Deutschland;16 Wasseranwendungen;0
IN12175;HEYER Medical AG;heyer medical Bad Ems;D;Deutschland;19 Medizintechnik;0
IN12177;Keim GmbH Kesselbau;keim waiblingen;D;Deutschland;25 Allgemeiner Anlagenbau;0
IN12178;MVV EnergieSolutions GmbH;mvv mannheim;D;Deutschland;30 Händler;0
IN12179;Stommel + Voos Marketing Technologies GmbH;stommelvoss solingen;D;Deutschland;37 Pressentechnik;0
IN12181;Messoptronik;messoptronik igling;D;Deutschland;33 Ersatzteilhändler S/I;0
IN12182;Säbu Morsbach Gmbh;saebu morsbach;D;Deutschland;23 Brandschutz;0
IN12184;PINTER Mess - und Regeltechnik GmbH;pinter obrigheim;D;Deutschland;40 Kleinbetriebe;0
IN12185;Durag GmbH;durag;D;Deutschland;15 EX-Anwendungen;0
IN12186;;ehrfeld wendelsheim;D;Deutschland;21 Lebensmittelindustrie;0
IN12188;Vlexx GmbH;vlexx gmbh mainz;D;Deutschland;32 Ersatzteilhändler Industrie;0
IN12189;;kärcher futuretech;D;Deutschland;08 Kompressoren;0
IN12190;Dino Anlagen- und Maschinenbau e.k;dino bremen;D;Deutschland;25 Allgemeiner Anlagenbau;0
IN12192;Lift-Manager GmbH;lift-manager massing;D;Deutschland;09 Mobilhydraulik;0
IN12193;"WALZ-Electronic & Co. KG Marine Sales, Service;";walz electronic hamburg;D;Deutschland;31 Ersatzteilhändler Schiffbau;0
IN12194;SONEPAR Deutschland / Region Süd GmbH;sonepar passau;D;Deutschland;30 Händler;0
IN12195;AM Lasertechnik GmbH;am lasertechnik gmbh;D;Deutschland;39 Lasertechnik;0
IN12196;DYNAJET GmbH;dynajet nürtingen;D;Deutschland;08 Kompressoren;0
IN12197;GFL Gesellschaft für Labortechnik mbH;GFL Burgwedel;D;Deutschland;19 Medizintechnik;0
IN12198;Badische Stahlwerke GmbH;bsw kehl;D;Deutschland;10 Hydraulik;0
IN12199;Zirbus technology GmbH;Zirbus technology GmbH;D;Deutschland;12 Automatisierungstechnik;0
IN12200;HEINKEL Drying and Separation Gro;heinkel besigheim;D;Deutschland;12 Automatisierungstechnik;0
IN12201;Jastram GmbH & Co. KG;jastram;D;Deutschland;03 Schiffbau (Systeme);0
IN12202;FEGRA & Schmitt Elektrogroßhandel GmbH;fega bad hersfeld;D;Deutschland;30 Händler;0
IN12203;MULTI Kühlsysteme GmbH;multi aue;D;Deutschland;06 Klimatechnik;0
IN12205;WABE Wasseraufbereitung GmbH & Co & Co. KG;wabe gelsenkirchen;D;Deutschland;16 Wasseranwendungen;0
IN12206;Haase Abwassertechnik GmbH & Co.KG;haase troisdorf;D;Deutschland;16 Wasseranwendungen;0
IN12207;WeWa Wasserchemie GmbH;wewa idstein;D;Deutschland;16 Wasseranwendungen;0
IN12208;Dr. Peter Wallner / Danubian;wallner danubian weinstadt;D;Deutschland;32 Ersatzteilhändler Industrie;0
IN12209;KONTEC GmbH;kontec korntal;D;Deutschland;05 Prüfstände;0
IN12210;GSPS Maschinenhandels GmbH;gsps radevormwald;D;Deutschland;32 Ersatzteilhändler Industrie;0
IN12211;SUZLON Energy Ltd.;suzlon;D;Deutschland;26 Erneuerbare Energien;0
IN12214;Hartmann Handelsgesellschaft mbH Zweigstelle Berlin;hartmann berlin;D;Deutschland;32 Ersatzteilhändler Industrie;0
IN12216;SAG GmbH Schaltanlagenbau  Weinheim;sag weinheim;D;Deutschland;04 Gasdichte (SF6);0
IN12218;ISS iShipService;iss ship service bentwisch;D;Deutschland;31 Ersatzteilhändler Schiffbau;0
IN12219;FFG FLENSBURGER FAHRZEUGBAU GESELLSCHAFT MBH;ffg fahrzeugbau;D;Deutschland;09 Mobilhydraulik;0
IN12220;R & R-BETH GmbH;rrbeth bad lobenstein;D;Deutschland;22 Filtertechnik;0
IN12221;Institut für Systemdynamik Universität Stuttgart;uni stuttgart isys;D;Deutschland;10 Hydraulik;0
IN12222;Scholz Autoclaves Maschinenbau Scholz GmbH & Co. KG;scholz;D;Deutschland;25 Allgemeiner Anlagenbau;0
IN12223;Stocker Kälte- und Klimatechnik GmbH & Co. KG;stocker weingarten;D;Deutschland;06 Klimatechnik;0
IN12224;Nanowetlaids Senn GmbH Rüdersdorf bei Berlin /PM1;nanowetlaids senn herzfelde;D;Deutschland;31 Ersatzteilhändler Schiffbau;0
IN12227;NEMOS GmbH;nemos duisburg;D;Deutschland;26 Erneuerbare Energien;0
IN12228;Hochschule Stralsund Fakultät Maschienenbau;hs stralsund;D;Deutschland;25 Allgemeiner Anlagenbau;0
IN12229;Leyco Wassertechnik GmbH;leyco sonneberg;D;Deutschland;22 Filtertechnik;0
IN12230;Xperion Energy & Environment GmbH;xperion;D;Deutschland;16 Wasseranwendungen;0
IN12231;Ingenieurbuero Norbert Grondinger;grontech augsburg;D;Deutschland;04 Gasdichte (SF6);0
IN12232;Flussa Maschine GmbH;flussa offenbach;D;Deutschland;40 Kleinbetriebe;0
IN12233;Chocotech GmbH;chocotech wernigerode;D;Deutschland;21 Lebensmittelindustrie;0
IN12234;WOMA GmbH;woma duisburg;D;Deutschland;07 Pumpen;0
IN12237;Erichsen GmbH & Co. KG;Erichsen hemer;D;Deutschland;10 Hydraulik;0
IN12239;August Lütkemeyer GmbH;lütkemeyer löhne;D;Deutschland;30 Händler;0
IN12240;Kirchgaesser Industrieelektronik GmbH;kirchgässer ratingen;D;Deutschland;40 Kleinbetriebe;0
IN12241;;göckler-holler ludwigshafen;D;Deutschland;35 Instandhaltung/Wartung;0
IN12243;HÄNDLE GmbH Maschinen und Anlagen;haendle mühlacker;D;Deutschland;25 Allgemeiner Anlagenbau;0
IN12246;PARAMAIR GmbH;paramair hamburg;D;Deutschland;40 Kleinbetriebe;0
IN12247;KNOLL Maschinenbau GmbH;knoll bad saulgau;D;Deutschland;07 Pumpen;0
IN12248;Schneider Electric;schneiderelectic;D;Deutschland;04 Gasdichte (SF6);0
IN12251;E & S Planbau Kühlturmbau GmbH;e&s planbau recklinghausen;D;Deutschland;25 Allgemeiner Anlagenbau;0
IN12252;FUNKE Wärmeaustauscher Apparatebau GmbH;Funke Wärme;D;Deutschland;06 Klimatechnik;0
IN12253;Airbus;Airbus Finkenwerder;D;Deutschland;13 Flugzeugbau;0
IN12254;Hymmen GmbH Maschinen- und Anlagenbau;hymmen bielefeld;D;Deutschland;25 Allgemeiner Anlagenbau;0
IN12255;Tefelen Preisinger GmbH;tefelen breitengüßbach;D;Deutschland;04 Gasdichte (SF6);0
IN12256;Fritz Giebler GmbH;giebler;D;Deutschland;36 Kunststofftechnik;0
IN12257;Hugo Vogelsang Maschinenbau GmbH;hugo vogelsang;D;Deutschland;25 Allgemeiner Anlagenbau;0
IN12258;Imperial-Werke oHG;Miele;D;Deutschland;21 Lebensmittelindustrie;0
IN12259;Schräder Abgastechnologie Karl Schräder Nachf.;schräder kamen;D;Deutschland;06 Klimatechnik;0
IN12260;IDASWIND GmbH;idaswind;D;Deutschland;26 Erneuerbare Energien;0
IN12261;Badische Stahl Engineering GmbH;bse kehl;D;Deutschland;20 Energietechnik;0
IN12262;Fritz Krieger GmbH & Co. KG;krieger saarbrücken;D;Deutschland;32 Ersatzteilhändler Industrie;0
IN12264;Sensormarket GmbH;sensormarket Köln;D;Deutschland;30 Händler;0
IN12266;Dipl.-Ing. Tietjen GmbH;tietjen bücken;D;Deutschland;09 Mobilhydraulik;0
IN12267;PALUX Aktiengesellschaft;palux bad mergentheim;D;Deutschland;21 Lebensmittelindustrie;0
IN12268;Arthur Richter Service GmbH;arthur richter service koblenz;D;Deutschland;33 Ersatzteilhändler S/I;0
IN12269;Contexo GmbH;contexo winterbach;D;Deutschland;12 Automatisierungstechnik;0
IN12270;Evoqua Water Technologies;evoqua günzburg;D;Deutschland;16 Wasseranwendungen;0
IN12271;RATIONAL AG;rational landsberg;D;Deutschland;21 Lebensmittelindustrie;0
IN12272;Universität Duisburg-Essen Fakultät f. Ingenieurwissenschaft;uni duisburg-essen;D;Deutschland;05 Prüfstände;0
IN12273;Wholefood Concepts UG;yardcube Düsseldorf;D;Deutschland;16 Wasseranwendungen;0
IN12274;Stryker Trauma GmbH;stryker kiel;D;Deutschland;19 Medizintechnik;0
IN12275;FF Fluid Forming GmbH;fluid forming lastrup;D;Deutschland;37 Pressentechnik;0
IN12276;Condor Pressure Control GmbH;condor;D;Deutschland;12 Automatisierungstechnik;0
IN12278;Sergej Matis;sergej matis;D;Deutschland;32 Ersatzteilhändler Industrie;0
IN12279;Innecken Elektroanlagen GmbH;innecken euskirchen;D;Deutschland;04 Gasdichte (SF6);0
IN12280;KälteConcept GmbH;kälte auerbach;D;Deutschland;06 Klimatechnik;0
IN12281;Carbolite Gero GmbH & Co. KG;carbolite neuhausen;D;Deutschland;25 Allgemeiner Anlagenbau;0
IN12282;RATIONAL Technische Lösungen GmbH;rational technische stäbelow;D;Deutschland;12 Automatisierungstechnik;0
IN12285;arwus GmbH;arwus chemnitz;D;Deutschland;25 Allgemeiner Anlagenbau;0
IN12286;Awag Maschinenbau GmbH;awag sessenhausen;D;Deutschland;37 Pressentechnik;0
IN12287;Ingenieurbüro Mayer AG;mayer ottobeuren;D;Deutschland;40 Kleinbetriebe;0
IN12289;Luisenhof Landtechnik GmbH;luisenhof hohenzieritz;D;Deutschland;40 Kleinbetriebe;0
IN12290;sino-scene Germany GmbH;sino-scene duesseldorf;D;Deutschland;33 Ersatzteilhändler S/I;0
IN12292;3M Deutschland GmbH;3M hilden;D;Deutschland;04 Gasdichte (SF6);0
IN12293;Manthern Indutrieautomation GmbH;mantherm osnabrück;D;Deutschland;32 Ersatzteilhändler Industrie;0
IN12295;FEV Darmstadt GmbH;fev darmstadt;D;Deutschland;05 Prüfstände;0
IN12296;Marenbach Kälte-Klima-Technik GmbH;marenbach hennef;D;Deutschland;06 Klimatechnik;0
IN12297;MID Marine & Industrie Diesel GmbH;mid marine und industrie diesel;D;Deutschland;33 Ersatzteilhändler S/I;0
IN12299;isp berlin;isp berlin;D;Deutschland;30 Händler;0
IN12302;MML-Handel GmbH;mml handel kaarst;D;Deutschland;33 Ersatzteilhändler S/I;0
IN12303;eno energy GmbH;eno ostseebad;D;Deutschland;20 Energietechnik;0
IN12304;Deutsche Windtechnik AG;deutsche wind;D;Deutschland;20 Energietechnik;0
IN12305;Rolco GmbH Baumaschinen-Ersatzteile-;rolco;D;Deutschland;32 Ersatzteilhändler Industrie;0
IN12306;MDM Mega Drive Magdeburg GmbH;mdm magedeburg;D;Deutschland;11 Getriebe;0
IN12307;TOPLICHT;toplicht hamburg;D;Deutschland;31 Ersatzteilhändler Schiffbau;0
IN12308;HYDAC International GmbH Büro Süd, Projektgruppe Rottweil;hydac international zimmern;D;Deutschland;40 Kleinbetriebe;0
IN12310;AROS Hydraulik GmbH;aros memmingen;D;Deutschland;10 Hydraulik;0
IN12312;Lüftungs- und Klimaanlagen GmbH & Co.KG;klimax kolbermoor;D;Deutschland;06 Klimatechnik;0
IN12313;S&S Logistik GmbH;ss logistik uetersen;D;Deutschland;30 Händler;0
IN12314;GHM Messtechnik GmbH Schloßstr. 6;ghm erolzheim;D;Deutschland;40 Kleinbetriebe;0
IN12315;RT-Filtertechnik GmbH;rt-filtertechnik friedrichshafen;D;Deutschland;09 Mobilhydraulik;0
IN12318;Richard Hauptmann GmbH & Co. KG;hauptmann bremen;D;Deutschland;25 Allgemeiner Anlagenbau;0
IN12319;Contec GmbH;contec alsdorf;D;Deutschland;10 Hydraulik;0
IN12320;Peveling;peveling;D;Deutschland;10 Hydraulik;0
IN12321;Schiek;brock;D;Deutschland;10 Hydraulik;0
IN12322;ARJES GmbH;arjes leimbach;D;Deutschland;10 Hydraulik;0
IN12323;Ruhfus Systemhydraulik;ruhfus neuss;D;Deutschland;10 Hydraulik;0
IN12324;allmineral Aufbereitungstechnik G;allmineral duisburg;D;Deutschland;10 Hydraulik;0
IN12325;Nadler Strassentechnik GmbH;nadler schweitenkirchen;D;Deutschland;10 Hydraulik;0
IN12326;KKDS Tetrade GmbH;kkds tetrade berlin;D;Deutschland;33 Ersatzteilhändler S/I;0
IN12328;Wilhelm Feldmann Druckluft Hydraulik GmbH & Co. KG;feldmann neumünster;D;Deutschland;10 Hydraulik;0
IN12329;ZWOD Ltd. & Co. KG;zwod ltd berlin;D;Deutschland;33 Ersatzteilhändler S/I;0
IN12332;G&M Trading Import-Export;g&m trading köln;D;Deutschland;33 Ersatzteilhändler S/I;0
IN12333;Euro Spare Parts Dietmar Hamm e.U.;hamm euro spare parts mühlheim;D;Deutschland;33 Ersatzteilhändler S/I;0
IN12335;HANSETRONIK GMBH;hansetronik;D;Deutschland;33 Ersatzteilhändler S/I;0
IN12337;Pastillepalce;pastilleplace kaiserslautern;D;Deutschland;15 EX-Anwendungen;0
IN12338;Feinwerktechnik Christoph Daubner;daubner fichtelberg;D;Deutschland;35 Instandhaltung/Wartung;0
IN12341;Michelbach LUMI - Systems;michelbach zirndorf;D;Deutschland;06 Klimatechnik;0
IN12344;Eurodex Maschinenteile GmbH;eurodex;D;Deutschland;33 Ersatzteilhändler S/I;0
IN12345;KF Industrieanlagen GmbH;kf industrieanlagen sternenfels;D;Deutschland;25 Allgemeiner Anlagenbau;0
IN12346;Andreas Hofer Hochdrucktechnik GmbH;andreas hofer mülheim;D;Deutschland;52 Wasserstoffanwendungen;0
IN12347;Lehmann Systemtechnik;lehmann Systemtechnik;D;Deutschland;10 Hydraulik;0
IN12349;R. Heggemann GmbH;r.heggemann melle;D;Deutschland;32 Ersatzteilhändler Industrie;0
IN12350;Senvion Deutschland GmbH;senvion;D;Deutschland;26 Erneuerbare Energien;0
IN12351;HARIG GmbH;harig bielefeld;D;Deutschland;06 Klimatechnik;0
IN12352;drugema GmbH;drugema wittgensdorf;D;Deutschland;25 Allgemeiner Anlagenbau;0
IN12354;;buehler technologies;D;Deutschland;05 Prüfstände;0
IN12355;ATN Aqua Technologie Nörpel;atn aqua mönsheim;D;Deutschland;16 Wasseranwendungen;0
IN12357;HÖMA Service & Produktions GmbH;höma;D;Deutschland;37 Pressentechnik;0
IN12358;eska – Hydraulik GmbH;eska hydraulik;D;Deutschland;10 Hydraulik;0
IN12359;Meyer elektrotechnik;meyer sulingen;D;Deutschland;35 Instandhaltung/Wartung;0
IN12360;JUNTEC technologies GmbH;juntec messel;D;Deutschland;30 Händler;0
IN12361;Zweiweg International GmbH & Co. KG;zweiweg international leichingen;D;Deutschland;00 Bahn;1
IN12362;HPH Hydraulik UG;hph hydraulik;D;Deutschland;10 Hydraulik;0
IN12363;HSM GmbH + Co. KG;hsm frickingen;D;Deutschland;37 Pressentechnik;0
IN12364;Fluidtechnik Fiedler GmbH;fluidtechnik fiedler dortmund;D;Deutschland;10 Hydraulik;0
IN12368;HÜBERS Verfahrenstechnik Maschinenbau GmbH;huebers bocholt;D;Deutschland;25 Allgemeiner Anlagenbau;0
IN12370;Eurotech Merchandise R. Nandhakumar;eurotech;D;Deutschland;32 Ersatzteilhändler Industrie;0
IN12371;MK Anlagentechnik GmbH;mk anlagentechnik sternenfels;D;Deutschland;25 Allgemeiner Anlagenbau;0
IN12372;Strautmann Umwelttechnik GmbH;strautmann;D;Deutschland;10 Hydraulik;0
IN12373;EKATO Group;ekato;D;Deutschland;25 Allgemeiner Anlagenbau;0
IN12374;Realien GmbH;realien neckartailfingen;D;Deutschland;25 Allgemeiner Anlagenbau;0
IN12375;Dr. Breit GmbH;dr-breit;D;Deutschland;10 Hydraulik;0
IN12377;DELTATHERM® Hirmer GmbH;deltatherm hirmer much;D;Deutschland;06 Klimatechnik;0
IN12378;Backers Maschinenbau GmbH;backers twist;D;Deutschland;27 Baumaschinen;0
IN12379;WESSEL-HYDRAULIK GmbH;wessel hydraulik;D;Deutschland;05 Prüfstände;0
IN12380;Hermann Paus Maschinenfabrik GmbH;paus maschinenfabrik;D;Deutschland;09 Mobilhydraulik;0
IN12381;OLKO-Maschinentechnik GmbH;olko maschinenbau;D;Deutschland;10 Hydraulik;0
IN12382;Wehrhahn GmbH;wehrhahn;D;Deutschland;25 Allgemeiner Anlagenbau;0
IN12383;Maschinen- und Landmaschinenfabrik;hussmann;D;Deutschland;09 Mobilhydraulik;0
IN12384;ms fluid-technik GmbH;ms-fluid  lemgo;D;Deutschland;10 Hydraulik;0
IN12387;Maschinenfabrik Reinhausen GmbH;reinhausen regensburg;D;Deutschland;35 Instandhaltung/Wartung;0
IN12388;HAZEMAG & EPR GmbH;hazemag;D;Deutschland;15 EX-Anwendungen;0
IN12390;IAV GmbH;iav gifhorn;D;Deutschland;05 Prüfstände;0
IN12392;Heinrich Frings GmbH & Co. KG;heinrich frings rheinbach;D;Deutschland;25 Allgemeiner Anlagenbau;0
IN12393;ultrafilter gmbh;ultra filter hilden;D;Deutschland;25 Allgemeiner Anlagenbau;0
IN12394;Meier Betonwerke GmbH;meier lauterhofen;D;Deutschland;25 Allgemeiner Anlagenbau;0
IN12398;Deutsche Transalpine Oelleitung GmbH;deutsche transalpine münchen;D;Deutschland;20 Energietechnik;0
IN12399;Nickel Fenster GmbH+ Co. KG;nickel fenster weisswasser;D;Deutschland;40 Kleinbetriebe;0
IN12403;Stork Getriebe & Services GmbH;stork essen;D;Deutschland;11 Getriebe;0
IN12405;Engineering Dobersek GmbH;dobersek mönchengladbach;D;Deutschland;40 Kleinbetriebe;0
IN12406;Harter GmbH;harter stiefenhofen;D;Deutschland;06 Klimatechnik;0
IN12407;SANCO TRADING GERMANY GmbH;sanco hamburg;D;Deutschland;33 Ersatzteilhändler S/I;0
IN12409;Führer & Weingartner GmbH Industrie- und Tankanlagen;führer+weingartner peißenberg;D;Deutschland;25 Allgemeiner Anlagenbau;0
IN12410;Rheinmetall Landsysteme GmbH Betriebsstätte Kiel;rheinmetall kiel;D;Deutschland;10 Hydraulik;0
IN12412;5M-Automation UG;5m mainz;D;Deutschland;30 Händler;0
IN12418;H.B.V handel beratung vermittlung;hbv ahaus;D;Deutschland;30 Händler;0
IN12419;Eggersmann GmbH;eggersmann wardenburg;D;Deutschland;09 Mobilhydraulik;0
IN12424;ELRO Grossküchen GmbH;elro kempen;D;Deutschland;32 Ersatzteilhändler Industrie;0
IN12426;Hoyer GmbH;hoyer;D;Deutschland;15 EX-Anwendungen;0
IN12427;Boyke Technology GmbH;boyke gummersbach;D;Deutschland;25 Allgemeiner Anlagenbau;0
IN12428;IEI International Export Industry;iei nürnberg;D;Deutschland;33 Ersatzteilhändler S/I;0
IN12429;Herring GmbH;herring hamburg;D;Deutschland;33 Ersatzteilhändler S/I;0
IN12431;Rehsler Kühlsysteme GmbH;rehsler kühlsysteme lindau;D;Deutschland;06 Klimatechnik;0
IN12432;Wilhelm Alte GmbH;wilhelm alte plettenberg;D;Deutschland;25 Allgemeiner Anlagenbau;0
IN12436;Braunschweiger Flammenfilter GmbH PROTEGO;braunschweiger braunschweig;D;Deutschland;15 EX-Anwendungen;0
IN12437;Thomas von Hoff, Ingenieurbüro für Elektroprojekt;hoff springe;D;Deutschland;20 Energietechnik;0
IN12438;Finke - Leichtmetallguss GmbH;finke zittau;D;Deutschland;35 Instandhaltung/Wartung;0
IN12439;Westmann Engineering GmbH;westmann ahrensburg;D;Deutschland;40 Kleinbetriebe;0
IN12441;Klüver Anlagenbau und Service GmbH;klüver stäbelow;D;Deutschland;25 Allgemeiner Anlagenbau;0
IN12442;Main Export;main export;D;Deutschland;33 Ersatzteilhändler S/I;0
IN12445;GE Power;ge power frankfurt;D;Deutschland;11 Getriebe;0
IN12446;Deutsches Zenrum für Luft- und Raumfahrt e.V. (DLR);dlr hadthausen;D;Deutschland;13 Flugzeugbau;0
IN12447;Schlager Industrieofenbau GmbH;schlager hagen;D;Deutschland;52 Wasserstoffanwendungen;0
IN12448;STOCK LOG CC;STOCKLOG CC;ZA;Südafrika;30 Händler;0
IN12449;SKS Kompressoren GmbH;sks overath;D;Deutschland;30 Händler;0
IN12454;BEKA Technikzentrum Mitte;beka pegnitz;D;Deutschland;24 Zentralschmieranlagen;0
IN12458;Schäfer-Technik GmbH;schäfer technik neu-ulm;D;Deutschland;30 Händler;0
IN12459;WAH Hydraulik GmbH;wah tiefenbach;D;Deutschland;10 Hydraulik;0
IN12460;Siemens AG Siemens Deutschland, Building Tec;siemens magdeburg;D;Deutschland;20 Energietechnik;0
IN12462;SUTO iTEC GmbH;suto buggingen;D;Deutschland;30 Händler;0
IN12463;Linn High Therm GmbH;linn high therm eschenfelden;D;Deutschland;30 Händler;0
IN12464;Rono Maschinenbau GmbH;rono selmsdorf;D;Deutschland;40 Kleinbetriebe;0
IN12465;Huzap Industriebedarf;huzap hennef;D;Deutschland;33 Ersatzteilhändler S/I;0
IN12470;Pentair Thermal Management Germany GmbH;pentair siegen;D;Deutschland;20 Energietechnik;0
IN12472;Gunnar Flindt Technische Projektplanung;flindt;D;Deutschland;30 Händler;0
IN12474;EcoSpa für Wasser in Bestform;ecospa plauen;D;Deutschland;16 Wasseranwendungen;0
IN12475;MF Technik Industrievertretungen e.K.;mf technik kösching;D;Deutschland;33 Ersatzteilhändler S/I;0
IN12477;Astromare Bereederungs GmbH & Co.;astromare drochtersen;D;Deutschland;31 Ersatzteilhändler Schiffbau;0
IN12478;Sekisui Alveo BS GmbH;sekisui alveo bad sobernheim;D;Deutschland;35 Instandhaltung/Wartung;0
IN12479;2K engineering GmbH;2k engineering kassel;D;Deutschland;40 Kleinbetriebe;0
IN12483;;sina;D;Deutschland;;0
IN12485;Hildebrandt Elektrovertrieb;hildebrandt hamburg;D;Deutschland;33 Ersatzteilhändler S/I;0
IN12486;Holzheizkraftwerk Silbitz;holzheizkraftwerk silbitz;D;Deutschland;20 Energietechnik;0
IN12487;Alplicht GmbH;alplicht hannover;D;Deutschland;32 Ersatzteilhändler Industrie;0
IN12489;H. & M. Badawi Engineering Office GmbH;badawi karlsruhe;D;Deutschland;33 Ersatzteilhändler S/I;0
IN12490;WETRAVENT Lufttechnik;wetravent vaihingen enz;D;Deutschland;20 Energietechnik;0
IN12491;K. Malczyk - Technisches Handels- büro Umwelttechnik;malczyk gäufelden;D;Deutschland;32 Ersatzteilhändler Industrie;0
IN12493;CLIMATIC GfKK Gesellschaft für Kältetechnik-;climatic berlin;D;Deutschland;06 Klimatechnik;0
IN12494;Henkelhausen GmbH & Co. KG;henkelhausen krefeld;D;Deutschland;33 Ersatzteilhändler S/I;0
IN12499;RWTH Aachen University Lehrstuhl für;rwth aachen vka;D;Deutschland;05 Prüfstände;0
IN12500;PHILIPP GmbH;philipp neuss;D;Deutschland;10 Hydraulik;0
IN12501;FP Inovolabs GmbH;fp inovolabs Berlin;D;Deutschland;40 Kleinbetriebe;0
IN12502;pars rose aria(import-export GmbH;pars rose hannover;D;Deutschland;32 Ersatzteilhändler Industrie;0
IN12503;Wohlthat Sanitär – Heizung – Bauklempnerei;wohlthat magdeburg;D;Deutschland;40 Kleinbetriebe;0
IN12504;Bühler Barth GmbH;bühler barth freiberg;D;Deutschland;25 Allgemeiner Anlagenbau;0
IN12513;JA-Gastechnology GmbH;jag burgwedel;D;Deutschland;52 Wasserstoffanwendungen;0
IN12514;Bernhard Upmann Verpackungsmaschinen;upmann rheine;D;Deutschland;17 Verpackungsanlagen;0
IN12516;SIET GmbH;siet düsseldorf;D;Deutschland;32 Ersatzteilhändler Industrie;0
IN12518;ggp Electronics GmbH;ggp osterode;D;Deutschland;32 Ersatzteilhändler Industrie;0
IN12519;Rotenmann GmbH;rotenmann stolberg;D;Deutschland;32 Ersatzteilhändler Industrie;0
IN12523;FINOBA Automotive Bavaria GmbH;finoba rottenburg;D;Deutschland;40 Kleinbetriebe;0
IN12525;Weemax GmbH;weemax düsseldorf;D;Deutschland;32 Ersatzteilhändler Industrie;0
IN12528;REITZE Systemlieferant für Anlagentechnik GmbH & Co.KG;reitze bremen;D;Deutschland;25 Allgemeiner Anlagenbau;0
IN12529;Kraftwerk Reckingen AG;kraftwerk reckingen;D;Deutschland;20 Energietechnik;0
IN12531;Ondori GmbH;ondori gmbh berlin;D;Deutschland;32 Ersatzteilhändler Industrie;0
IN12532;VOSTA LMG Lübeck Office;vosta lübeck;D;Deutschland;33 Ersatzteilhändler S/I;0
IN12533;TRL Trading International;trl markt schwaben;D;Deutschland;32 Ersatzteilhändler Industrie;0
IN12537;GA-tec Gebäude- und Anlagentechni Niederlassung Baden-Baden;gatec baden baden;D;Deutschland;25 Allgemeiner Anlagenbau;0
IN12538;RIVA Stahl GmbH;riva stahl henningsdorf;D;Deutschland;25 Allgemeiner Anlagenbau;0
IN12540;United Offshore Support GmbH UOS;uos leer;D;Deutschland;31 Ersatzteilhändler Schiffbau;0
IN12547;IWIS Motorsysteme;iwis münchen;D;Deutschland;01 Motoren;0
IN12549;EuroTech Supply GmbH & Co. KG;eurotech münchen;D;Deutschland;32 Ersatzteilhändler Industrie;0
IN12550;EuroTech Supply GmbH & Co. KG;eurotech münchen;D;Deutschland;32 Ersatzteilhändler Industrie;0
IN12553;DeTech Solution GmbH;detech erding;D;Deutschland;32 Ersatzteilhändler Industrie;0
IN12556;OTC International GmbH;otc bremen;D;Deutschland;31 Ersatzteilhändler Schiffbau;0
IN12558;Quinta Raddison Ltd;quinta seevetal;D;Deutschland;32 Ersatzteilhändler Industrie;0
IN12559;diwasys GmbH;diwasys mühltal;D;Deutschland;32 Ersatzteilhändler Industrie;0
IN12562;Evonik Technology & Infrastructure GmbH;evonik hanau;D;Deutschland;32 Ersatzteilhändler Industrie;0
IN12566;Sales Pro GmbH;sales pro unna;D;Deutschland;32 Ersatzteilhändler Industrie;0
IN12567;Ricken Technology;ricken parsberg;D;Deutschland;32 Ersatzteilhändler Industrie;0
IN12571;Tigerberg GmbH;tigerberg wuppertal;D;Deutschland;32 Ersatzteilhändler Industrie;0
IN12573;Burak Schiffahrts GmbH & Co. KG;burak flensburg;D;Deutschland;31 Ersatzteilhändler Schiffbau;0
IN12574;Heinz Sanders GmbH;sanders papenburg;D;Deutschland;31 Ersatzteilhändler Schiffbau;0
IN12575;CCON3;ccon3 stuttgart;D;Deutschland;40 Kleinbetriebe;0
IN12576;Mai Nguyen Import Export;mai nguyen herzogenrath;D;Deutschland;32 Ersatzteilhändler Industrie;0
IN12577;AviComp Controls GmbH;avicomp leipzig;D;Deutschland;32 Ersatzteilhändler Industrie;0
IN12578;Eduardo Villacís Services;villacis hamburg;D;Deutschland;31 Ersatzteilhändler Schiffbau;0
IN12580;J. Rettenmaier & Söhne GmbH + Co. KG;jrs rosenberg;D;Deutschland;40 Kleinbetriebe;0
IN12582;TERRAMAR GMBH;terramar hamburg;D;Deutschland;32 Ersatzteilhändler Industrie;0
IN12585;Gille Import Export;gille igelsbach;D;Deutschland;32 Ersatzteilhändler Industrie;0
IN12586;ONERGYS GmbH;onergys geldern;D;Deutschland;32 Ersatzteilhändler Industrie;0
IN12589;Ecorporates GmbH;ecorporates hamburg;D;Deutschland;31 Ersatzteilhändler Schiffbau;0
IN12590;RM Technical Services;rmtek winkelhaid;D;Deutschland;32 Ersatzteilhändler Industrie;0
IN12591;Marine&Industrie Diesel GmbH;marinediesel duisburg;D;Deutschland;33 Ersatzteilhändler S/I;0
IN12592;STARGATE SHIPMANAGEMENT GmbH;stargate hamburg;D;Deutschland;31 Ersatzteilhändler Schiffbau;0
IN12595;WEMAG GmbH & Co. KG;wemag bochum;D;Deutschland;32 Ersatzteilhändler Industrie;0
IN12596;Apleona Wolfferts GmbH Niederlassung Südwest;apleona mannheim;D;Deutschland;32 Ersatzteilhändler Industrie;0
IN12600;Ulmex Industrie System GmbH & Co.;ulmex ulm;D;Deutschland;;0
IN12604;HML Hamburg Marine Logistik GmbH;hml hamburg;D;Deutschland;;0
IN12606;Abura Technik GmbH;abura duisburg;D;Deutschland;;0
IN12608;Wellpappe Auerswalde KG;wellpappe lichtenau;D;Deutschland;;0
IN12609;Müllers GmbH;müllers kröv;D;Deutschland;;0
IN12610;DINNORM Engineering;dinnorm blankenfelde;D;Deutschland;;0
IN12611;Alpha Grad GmbH;alphagrad essen;D;Deutschland;;0
IN12613;UBORA Source International Procurement;ubora wiesbaden;D;Deutschland;;0
IN12614;BOEWER Messtechnik;boewer crimmitschau;D;Deutschland;;0
IN12615;BENTELER Automobiltechnik GmbH;benteler paderborn;D;Deutschland;11 Getriebe;0
IN12616;Rambow Bereederungs GmbH & Co. KG;rambow drochtersen;D;Deutschland;;0
IN12622;inTEC GmbH Lackiersysteme;intec solingen;D;Deutschland;25 Allgemeiner Anlagenbau;0
IN12624;ANDRITZ Fliessbett Systeme GmbH;andritz ravensburg;D;Deutschland;25 Allgemeiner Anlagenbau;0
IN12625;R&R Kranservice;r&r kranservice stahnsdorf;D;Deutschland;;0
IN12626;Automation NetworkX GmbH;automation dannstadt;D;Deutschland;12 Automatisierungstechnik,;0
IN12628;S & S Logistik GmbH;s&s logistik bramstedt;D;Deutschland;32 Ersatzteilhändler Industrie;0
IN12630;Ludwig Sauer;sauer eschenburg;D;Deutschland;40 Kleinbetriebe;0
IN12633;Cornixs GmbH;cornixs ritterhude;D;Deutschland;32 Ersatzteilhändler Industrie;0
IN12634;RM Technology and Engineering GmbH;rm illertissen;D;Deutschland;40 Kleinbetriebe;0
IN12635;BURGMAIER Technologies GmbH + Co KG;burgmaier allmendingen;D;Deutschland;11 Getriebe;0
IN12636;Hamberger Flooring GmbH & Co. KG;hamberger rosenheim;D;Deutschland;32 Ersatzteilhändler Industrie;0
IN12639;CLS DAFA GmbH;cls bruchsal;D;Deutschland;32 Ersatzteilhändler Industrie;0
IN12640;Oltrogge Werkzeuge GmbH;oltrogge bielefeld;D;Deutschland;40 Kleinbetriebe;0
IN12641;Meyer Burger (Germany) GmbH;meyer burger hohenstein;D;Deutschland;40 Kleinbetriebe;0
IN12645;Samaco Industriegroßhandel;samaco altenstadt;D;Deutschland;32 Ersatzteilhändler Industrie;0
IN12646;Dow Olefinverbund GmbH;dow schkopau;D;Deutschland;32 Ersatzteilhändler Industrie;0
IN12648;GMT-Europe GmbH Germany Modern Technologie;gmt Leverkusen;D;Deutschland;;0
IN12649;LEINL GmbH;leinl düsseldorf;D;Deutschland;32 Ersatzteilhändler Industrie;0
IN12651;MBB Maschinenfabrik Berlin Brandenburg GmbH;mbb berlin;D;Deutschland;40 Kleinbetriebe;0
IN12653;Stadt Monheim Hallenbad;stadt monheim hallenbad;D;Deutschland;;0
IN12659;KKT Klima- und Kältetechnik, Anlagenbau GmbH;kkt wilkau;D;Deutschland;06 Klimatechnik;0
IN12660;HAFNER Pneumatik Krämer GmbH & Co KG;hafner kornwestheim;D;Deutschland;10 Hydraulik;0
JR;Jochen Ralf;JR;;;;0
LK;Lukas Kerzinger;lk;;;;0
MH;Marcus Häussler Trafag GmbH;MH;D;Deutschland;;0
MP;Manuel Pfeiffer Trafag GmbH;mp;D;Deutschland;;0
NK0;Peter Krumbein TRAFAG VR Nord;vr nord;D;Deutschland;;0
RB;Robert Birner;RB;D;Deutschland;;0
RH;Ralf Hempel Trafag GmbH;RH;D;Deutschland;;0
RM;Rohail Munir Trafag GmbH;RM;D;Deutschland;;0
SM;Stefan Müller Trafag GmbH;SM;;;;0
sw;Simon Weimer TRAFAG GmbH;sw;D;Deutschland;;0
TE;Till Erler Vertriebsbüro Nord;TE;D;Deutschland;;0
TP;Thomas Pniok Vertriebsbüro Nord;TP;D;Deutschland;;0
